SET session_replication_role = replica;

--
-- PostgreSQL database dump
--

-- \restrict XYwIHwUY1XjvCbig3FEkHbToZzziOqAfSGCIGRbNZfT2qJIzyTfvnNtPBvVpO5S

-- Dumped from database version 17.6
-- Dumped by pg_dump version 17.6

SET statement_timeout = 0;
SET lock_timeout = 0;
SET idle_in_transaction_session_timeout = 0;
SET transaction_timeout = 0;
SET client_encoding = 'UTF8';
SET standard_conforming_strings = on;
SELECT pg_catalog.set_config('search_path', '', false);
SET check_function_bodies = false;
SET xmloption = content;
SET client_min_messages = warning;
SET row_security = off;

--
-- Data for Name: audit_log_entries; Type: TABLE DATA; Schema: auth; Owner: supabase_auth_admin
--

COPY "auth"."audit_log_entries" ("instance_id", "id", "payload", "created_at", "ip_address") FROM stdin;
\.


--
-- Data for Name: custom_oauth_providers; Type: TABLE DATA; Schema: auth; Owner: supabase_auth_admin
--

COPY "auth"."custom_oauth_providers" ("id", "provider_type", "identifier", "name", "client_id", "client_secret", "acceptable_client_ids", "scopes", "pkce_enabled", "attribute_mapping", "authorization_params", "enabled", "email_optional", "issuer", "discovery_url", "skip_nonce_check", "cached_discovery", "discovery_cached_at", "authorization_url", "token_url", "userinfo_url", "jwks_uri", "created_at", "updated_at") FROM stdin;
\.


--
-- Data for Name: flow_state; Type: TABLE DATA; Schema: auth; Owner: supabase_auth_admin
--

COPY "auth"."flow_state" ("id", "user_id", "auth_code", "code_challenge_method", "code_challenge", "provider_type", "provider_access_token", "provider_refresh_token", "created_at", "updated_at", "authentication_method", "auth_code_issued_at", "invite_token", "referrer", "oauth_client_state_id", "linking_target_id", "email_optional") FROM stdin;
08cffd75-92b4-49d0-9178-2b8e9e77a6d6	e059c131-8b50-4492-aec0-6022839742db	dc5e6628-f9de-4bdc-93de-d47a291d3840	s256	PH9ObtMQlkunQu2XyR-ZM9a4QcV4g6DWvGVby_enm5g	magiclink			2026-03-02 16:15:51.833303+00	2026-03-02 16:16:14.597531+00	magiclink	2026-03-02 16:16:14.595911+00	\N	\N	\N	\N	f
e8208440-44e4-45d5-88f9-8dc5b293f835	92bf1f9c-9264-4dfc-a366-bab0291120ec	da7e0e8f-8780-4437-9e3b-23a8669ddef1	s256	YgynwChWsN8fe62UQlm3S89IPMyCk9zrBg5GSX-8TIc	email			2026-03-02 16:32:42.189093+00	2026-03-02 16:32:42.189093+00	email/signup	\N	\N	\N	\N	\N	f
70a31029-95b1-4d41-bf8b-ff1507cb68b4	e059c131-8b50-4492-aec0-6022839742db	54b1e233-7145-4ce9-9fbc-74f97ee95070	s256	HhNlqwjbbi4x9VFi9zypmt9xDWX2EiCvteFWkBC9kns	magiclink			2026-03-02 16:33:01.552036+00	2026-03-02 16:33:01.552036+00	magiclink	\N	\N	\N	\N	\N	f
b4b315db-d12f-48ba-a9cc-291361f6494a	be5f79c5-7d61-46a3-85fa-dead7f89f8b9	e4112759-bc06-444a-84e5-3252bcbaf2f5	s256	OKS2uEB7Q_KY3zl20xP8HzHQ7y0TlB1o9Nbsoj5vfPk	magiclink			2026-03-02 16:33:16.626244+00	2026-03-02 16:33:16.626244+00	magiclink	\N	\N	\N	\N	\N	f
042d8d66-79e8-4577-a55c-2f344d520fc7	e059c131-8b50-4492-aec0-6022839742db	7fcb26ff-362d-4cfe-82c1-c7b92cd2b68f	s256	KRM29vgr3966ZwK0DdXWKFAILjhVtI31wNQo6C4CU5s	magiclink			2026-03-02 16:33:34.952835+00	2026-03-02 16:33:34.952835+00	magiclink	\N	\N	\N	\N	\N	f
a9efc08d-b682-4cd6-bf5e-ea041baff569	e059c131-8b50-4492-aec0-6022839742db	d6793e25-c9d9-4b59-8818-3325d151865b	s256	5JB4qzrj13dOfe1C4mbkYL-ONYYeDv-d_VaRzN6Ndzw	magiclink			2026-03-02 16:34:10.672706+00	2026-03-02 16:34:10.672706+00	magiclink	\N	\N	\N	\N	\N	f
a762fbd5-dce0-4779-96d4-815c3ce2332d	e059c131-8b50-4492-aec0-6022839742db	e0333490-b8bc-4510-a1d0-94d77e40a4f7	s256	qVpgl226j-YOf-YB298MbvPeVDhruSwj37z3PasKzr4	magiclink			2026-03-02 16:34:58.665345+00	2026-03-02 16:34:58.665345+00	magiclink	\N	\N	\N	\N	\N	f
c3fa3fb8-814b-4cc9-957e-baa951882def	e059c131-8b50-4492-aec0-6022839742db	689f512d-831e-4296-835c-030cdb1dee80	s256	Y0ZE6t5wmxvRgEGp-2uoRV9ufRfnSK0ogNF6VWgGc7c	magiclink			2026-03-02 16:37:43.040064+00	2026-03-02 16:37:43.040064+00	magiclink	\N	\N	\N	\N	\N	f
6e5f65d4-8267-409c-be48-da0029f98160	e059c131-8b50-4492-aec0-6022839742db	0c06f0e6-1d06-403f-a6aa-fb4a60a044ca	s256	5CiwWU0OMKwqO3E4GHeam5VDQ7EUlddns0bSuGKDiGM	magiclink			2026-03-02 16:46:56.430426+00	2026-03-02 16:46:56.430426+00	magiclink	\N	\N	\N	\N	\N	f
7e4e9a39-b869-4da0-a1c8-1dc49f744c81	e059c131-8b50-4492-aec0-6022839742db	fd08cb14-6c68-4b7f-b8fd-b658c81df4b8	s256	Z0QFCES55AE3hjY119Yc7iro-FNng4En5SMRbGEGakk	magiclink			2026-03-02 16:47:44.472875+00	2026-03-02 16:47:44.472875+00	magiclink	\N	\N	\N	\N	\N	f
8b68f501-7f5c-496b-8e12-050f8b0a0d5f	e059c131-8b50-4492-aec0-6022839742db	e0cd1aea-d7f9-419d-844c-2612a9c79ce6	s256	oZ0HVp08d-lCCxZNO4eU-viwcVmAE9CJr1j2kPVbXEQ	magiclink			2026-03-02 18:31:56.204905+00	2026-03-02 18:32:27.857794+00	magiclink	2026-03-02 18:32:27.857738+00	\N	\N	\N	\N	f
3b14280b-9789-4bfc-8bad-7b341a5ad400	e059c131-8b50-4492-aec0-6022839742db	edd0573a-1345-4035-afe8-b4b817d7ce26	s256	CrJfTmaxqRrUGm4UeE2kJtsAgSvXgdRPzRXWpA5j2pY	magiclink			2026-03-02 19:16:30.204968+00	2026-03-02 19:16:30.204968+00	magiclink	\N	\N	\N	\N	\N	f
de777187-641d-4605-b37f-ac772caf3130	e059c131-8b50-4492-aec0-6022839742db	779dd48f-69c7-4daa-87ac-ac48149caf90	s256	R7zvBPU2-MMbiMAcyYXoLZZkM_aWaRd1uB4QI4dzMHo	magiclink			2026-03-02 19:21:18.136109+00	2026-03-02 19:21:18.136109+00	magiclink	\N	\N	\N	\N	\N	f
706e7e89-ec08-4653-837b-f5b719f78c28	e059c131-8b50-4492-aec0-6022839742db	c29674a3-a3a5-473f-93a8-125a0099766c	s256	JHWecC0DYmVdYFNPNgU0_0LpyRPhaMWCyHIEv740Huw	magiclink			2026-03-02 19:33:44.962548+00	2026-03-02 19:34:28.555353+00	magiclink	2026-03-02 19:34:28.555288+00	\N	\N	\N	\N	f
6f9eefeb-db51-4a76-99c5-32d7dd2d82a3	e059c131-8b50-4492-aec0-6022839742db	a7f41722-e7eb-406f-b0a7-03b7f298d7a0	s256	FewhwScRtgdlQLpqD44XLkoyxj3vo7Y5Z2cNqj5Achw	magiclink			2026-03-02 19:42:07.701222+00	2026-03-02 19:42:18.82747+00	magiclink	2026-03-02 19:42:18.826771+00	\N	\N	\N	\N	f
30cd18bc-7506-4aa2-9661-8bf0425eb874	\N	\N	\N	\N	google			2026-03-22 07:08:00.588159+00	2026-03-22 07:08:00.588159+00	oauth	\N	\N	pallinky://auth-callback	\N	\N	f
a6a59755-031f-49d1-8915-27d3e4feb27a	\N	\N	\N	\N	google			2026-03-13 08:20:37.183505+00	2026-03-13 08:20:37.183505+00	oauth	\N	\N	pallinky://auth-callback	\N	\N	f
9658b03a-f568-4aee-9446-c651dd58de0b	be5f79c5-7d61-46a3-85fa-dead7f89f8b9	312815f5-e3d5-4a5a-825f-6530787d12fd	s256	sXjJdgVVFVzJxyOPff4iaKNHDY6_ercgZqg9iOgQHCg	magiclink			2026-03-03 08:58:00.97277+00	2026-03-03 08:58:19.822588+00	magiclink	2026-03-03 08:58:19.822524+00	\N	\N	\N	\N	f
e51a912b-a91c-450b-8bfb-8a9312fb608b	be5f79c5-7d61-46a3-85fa-dead7f89f8b9	4d557e52-5c4d-4ff0-8c96-5d693405f464	s256	MypL_gtFDFmdWx4-b-VALuRKoGU6SGqpRstjnRuxFEU	magiclink			2026-03-03 08:59:56.593058+00	2026-03-03 09:00:12.21183+00	magiclink	2026-03-03 09:00:12.21178+00	\N	\N	\N	\N	f
7d65f39f-cebd-4eb1-b623-1485eb615aaf	e059c131-8b50-4492-aec0-6022839742db	7a38b75d-3ff4-4997-855f-73e953107acd	s256	p34wxSuDceGCg5zL5BXeVC2IRfKl7HctZfJJTLgc1fY	magiclink			2026-03-03 06:56:29.463673+00	2026-03-03 06:56:29.463673+00	magiclink	\N	\N	\N	\N	\N	f
c44ffb76-8973-4532-8c69-42960838bfa8	be5f79c5-7d61-46a3-85fa-dead7f89f8b9	6cec3507-d58f-4e29-ac3f-6417a533d117	s256	rH0ozPd7AhvZGEMxpAzEJRBkWptLdXkQcy_HEeXHRzo	magiclink			2026-03-03 09:01:24.150618+00	2026-03-03 09:02:28.442441+00	magiclink	2026-03-03 09:02:28.442385+00	\N	\N	\N	\N	f
eef30a81-c09b-489c-8e5e-a603663a02ea	be5f79c5-7d61-46a3-85fa-dead7f89f8b9	17c5c50d-3501-45dc-bebc-eee6ae21b719	s256	lt1ZuLfPeYBeK8bp_GoYEQ4pInIyY_2iEaTUTNZ0ets	magiclink			2026-03-03 08:47:52.822044+00	2026-03-03 08:49:12.432238+00	magiclink	2026-03-03 08:49:12.432186+00	\N	\N	\N	\N	f
f4103318-eb06-4878-9e73-aebddda8e9d0	\N	\N	\N	\N	google			2026-03-08 16:33:52.14375+00	2026-03-08 16:33:52.14375+00	oauth	\N	\N	pallinky://auth-callback	\N	\N	f
00f893cb-af1e-40be-9f4f-532b8ad52550	71bad5c1-2067-4c52-ba23-2d8922921ea3	19d51a23-95cf-40be-bc49-4da78d62d0f3	s256	wdnbaJFPYL8oy8mDA0CbTHB7eUasc3HtGAasaTq2Zk8	email			2026-03-03 12:03:26.055268+00	2026-03-03 12:03:26.055268+00	email/signup	\N	\N	\N	\N	\N	f
ac0bacd4-8986-4aa6-9cdf-0f500760b697	61afd4de-283c-4212-a131-c562ec386391	57f23c10-5403-46cf-a0e9-d625c3cc6846	s256	_gg9CH3M5ErFyBej4PttuRdLk7JNzyHbt5x024IIF3Q	email			2026-03-03 12:03:53.053147+00	2026-03-03 12:04:05.028791+00	email/signup	2026-03-03 12:04:05.028736+00	\N	\N	\N	\N	f
f502afe1-acfb-4f55-98d8-669779084793	61afd4de-283c-4212-a131-c562ec386391	e7dea13c-ca14-48cc-b3ba-ea6c45f2e763	s256	-QV9LHogoTqgjWY_nvpR9oOrtiNT5GYg8B8vNbdJkPA	magiclink			2026-03-03 12:06:04.112824+00	2026-03-03 12:06:04.112824+00	magiclink	\N	\N	\N	\N	\N	f
96f6abb9-ec2a-4ae0-bb28-7b06f5d38ee1	61afd4de-283c-4212-a131-c562ec386391	a708b309-1895-42ea-971a-0f4634bdfdc1	s256	8g7EGka3434kVOUWSx5EtODCKIXsvh9uDUWwUgpLXyM	magiclink			2026-03-03 12:06:05.305415+00	2026-03-03 12:06:05.305415+00	magiclink	\N	\N	\N	\N	\N	f
f44ec384-8708-4b3a-926f-c336802376c1	e059c131-8b50-4492-aec0-6022839742db	81d9cbb0-e36b-42a0-87bb-10d4b83c24af	s256	yT-WciV4VBzQ-bfaahr8Yo-uPlQtNi-7ic98TR7p1Sk	magiclink			2026-03-08 16:46:13.926652+00	2026-03-08 16:46:13.926652+00	magiclink	\N	\N	\N	\N	\N	f
dbe4ec6d-30cd-4fc4-bfda-d0d4b54a1f47	e059c131-8b50-4492-aec0-6022839742db	f6e0bab0-9b69-44db-b3d2-072a9e5b6c15	s256	cdAb9LzHSGmsrpk_7LfDbH-vGB4MIGrGpjH9T7c6K9I	magiclink			2026-03-04 08:53:50.913663+00	2026-03-04 08:53:50.913663+00	magiclink	\N	\N	\N	\N	\N	f
c035e8b2-0d98-4f17-b6bf-33a07e657df4	\N	\N	\N	\N	google			2026-03-07 07:05:09.028311+00	2026-03-07 07:05:09.028311+00	oauth	\N	\N	pallinky://auth	\N	\N	f
6bfdeec2-5fcc-4872-988d-6e2dc5d8bf07	\N	\N	\N	\N	google			2026-03-07 07:06:41.774439+00	2026-03-07 07:06:41.774439+00	oauth	\N	\N	pallinky://auth	\N	\N	f
0ac8f7f7-f197-4557-ab69-8137a5cb47c3	e059c131-8b50-4492-aec0-6022839742db	2b9355d8-ad51-412b-965a-59c41aa85cfb	s256	bj2A-mr2gvWz_IIFOdG1cRy75uS28RDZwt5w4NcnJ9I	magiclink			2026-03-08 16:56:13.863743+00	2026-03-08 16:56:13.863743+00	magiclink	\N	\N	\N	\N	\N	f
b600441a-13b1-4551-b1ac-6980e2cb1483	ce4cd327-96e2-4c41-acb8-71b59fa87dfd	98e17bf8-a50a-4ae7-9cea-50f00febeb49	s256	gY1YpwdnGppA2YVRtMBjr7BVU2a66B8R2wTP-ObLAHM	magiclink			2026-03-08 17:43:54.498467+00	2026-03-08 17:43:54.498467+00	magiclink	\N	\N	\N	\N	\N	f
7133d474-d76f-4d67-b05e-8b27b9ed6e6e	\N	\N	\N	\N	google			2026-03-07 08:01:55.641543+00	2026-03-07 08:01:55.641543+00	oauth	\N	\N	pallinky://(tabs)	\N	\N	f
a110c123-3c56-4a3f-a727-81e5d39140a4	\N	\N	\N	\N	google			2026-03-07 08:04:13.590008+00	2026-03-07 08:04:13.590008+00	oauth	\N	\N	pallinky://(tabs)	\N	\N	f
cf530926-aa81-4238-b433-7ac73f825a32	e059c131-8b50-4492-aec0-6022839742db	a54adda7-d0f8-4cad-bd48-8137c841380c	s256	QBmQYnT1jJqc4W0TXPwOX6jrH_wTrF2cBR8Phbvdlx8	magiclink			2026-03-08 17:54:24.19684+00	2026-03-08 17:54:24.19684+00	magiclink	\N	\N	\N	\N	\N	f
15446523-8f84-41ac-a816-8e66bcc7324d	\N	\N	\N	\N	apple			2026-03-07 09:30:14.009178+00	2026-03-07 09:30:14.009178+00	oauth	\N	\N	pallinky://(tabs)	\N	\N	f
b3f3c2dc-5f65-46d9-90ec-c02303948fe4	\N	\N	\N	\N	apple			2026-03-07 09:32:59.194524+00	2026-03-07 09:32:59.194524+00	oauth	\N	\N	pallinky://(tabs)	\N	\N	f
65d633d0-8fc5-4d29-bc82-605f8b4b3122	\N	\N	\N	\N	apple			2026-03-07 09:42:38.493247+00	2026-03-07 09:42:38.493247+00	oauth	\N	\N	pallinky://(tabs)	\N	\N	f
45c66c71-aec3-40d0-bc89-1073d99e4539	\N	\N	\N	\N	apple			2026-03-07 09:45:42.972203+00	2026-03-07 09:45:42.972203+00	oauth	\N	\N	pallinky://(tabs)	\N	\N	f
3f099884-df45-47f1-b2e0-05d376ad8cbf	\N	\N	\N	\N	apple			2026-03-07 09:46:15.628046+00	2026-03-07 09:46:15.628046+00	oauth	\N	\N	pallinky://(tabs)	\N	\N	f
03b9e5c9-e8c5-486f-99ab-a94a1d1f1db7	\N	\N	\N	\N	apple			2026-03-07 10:37:45.719898+00	2026-03-07 10:37:45.719898+00	oauth	\N	\N	pallinky://(tabs)	\N	\N	f
b8bd2818-bb4a-4a16-8b85-2324104a6aaf	\N	\N	\N	\N	apple			2026-03-07 11:15:39.515512+00	2026-03-07 11:15:39.515512+00	oauth	\N	\N	pallinky://(tabs)	\N	\N	f
2db0db3e-ffa0-4863-b581-807ca77a9725	e059c131-8b50-4492-aec0-6022839742db	27c495f0-216c-436b-96fb-3b9e943fbf09	s256	jXXvcGaSSc47F2h3-3Lit2F3wpP9o_Nt0DoAFZsbVOg	magiclink			2026-03-07 12:41:56.951549+00	2026-03-07 12:41:56.951549+00	magiclink	\N	\N	\N	\N	\N	f
a1b2e76b-19d0-456f-a300-b0fde36ea641	\N	\N	\N	\N	apple			2026-03-07 22:16:35.811516+00	2026-03-07 22:16:35.811516+00	oauth	\N	\N	pallinky://auth-callback	\N	\N	f
ea2bc6cb-34de-4725-864b-94465a443675	ce4cd327-96e2-4c41-acb8-71b59fa87dfd	a340bee9-58c0-4de3-aeac-5703b40a1037	s256	9Ls-6tSQ7dLzte5rrYfHLvkprP0BeT1QgdFF8R8qk-k	magiclink			2026-03-08 18:26:05.686147+00	2026-03-08 18:26:05.686147+00	magiclink	\N	\N	\N	\N	\N	f
741da5fa-2913-4bf5-9307-59a1a5e3cf1c	\N	\N	\N	\N	google			2026-04-24 17:10:59.011115+00	2026-04-24 17:10:59.011115+00	oauth	\N	\N	pallinky://auth-callback	\N	\N	f
9f8d81d8-9423-4e33-b794-cbb6e6a2fae1	\N	\N	\N	\N	google			2026-03-12 10:28:31.593938+00	2026-03-12 10:28:31.593938+00	oauth	\N	\N	pallinky://auth-callback	\N	\N	f
8619c15c-e73b-4515-8265-8f6dd8b11aae	\N	\N	\N	\N	google			2026-03-29 12:16:35.477168+00	2026-03-29 12:16:35.477168+00	oauth	\N	\N	pallinky://auth-callback	\N	\N	f
2fe6d805-f480-4a50-a2a7-5b9084156130	\N	\N	\N	\N	google			2026-03-29 12:17:15.267066+00	2026-03-29 12:17:15.267066+00	oauth	\N	\N	pallinky://auth-callback	\N	\N	f
abab8e01-732b-4dd8-9536-ab92298f0b9b	\N	\N	\N	\N	google			2026-03-29 12:17:25.270485+00	2026-03-29 12:17:25.270485+00	oauth	\N	\N	pallinky://auth-callback	\N	\N	f
d0dcea95-2259-400d-a146-6778468906ad	\N	\N	\N	\N	google			2026-03-29 12:18:02.573351+00	2026-03-29 12:18:02.573351+00	oauth	\N	\N	pallinky://auth-callback	\N	\N	f
460b1980-1a74-4a71-8b09-b3be94ea0c12	\N	\N	\N	\N	google			2026-04-04 09:19:12.06137+00	2026-04-04 09:19:12.06137+00	oauth	\N	\N	pallinky://auth-callback	\N	\N	f
3cce090d-898d-40c9-a472-111915adcd5c	\N	\N	\N	\N	google			2026-04-04 09:19:34.817583+00	2026-04-04 09:19:34.817583+00	oauth	\N	\N	pallinky://auth-callback	\N	\N	f
d096d221-cda2-4669-93ea-d9ef0ffb3b77	\N	\N	\N	\N	google			2026-04-04 09:19:59.104162+00	2026-04-04 09:19:59.104162+00	oauth	\N	\N	pallinky://auth-callback	\N	\N	f
2148b9da-21e7-4bd2-b41b-0e571339cc49	\N	\N	\N	\N	google			2026-04-04 09:20:18.080899+00	2026-04-04 09:20:18.080899+00	oauth	\N	\N	pallinky://auth-callback	\N	\N	f
d2494911-be26-4c3f-ace4-90178e9c8eb7	\N	\N	\N	\N	apple			2026-03-21 08:26:32.097598+00	2026-03-21 08:26:32.097598+00	oauth	\N	\N	pallinky://auth-callback	\N	\N	f
9b534b50-4ee2-46d4-8a63-f12dba72cf4c	\N	\N	\N	\N	google			2026-03-13 07:21:23.870994+00	2026-03-13 07:21:23.870994+00	oauth	\N	\N	pallinky://auth-callback	\N	\N	f
44dd0bfa-7c5f-4cf1-94c2-605828e745bf	\N	\N	\N	\N	google			2026-04-25 21:15:47.703407+00	2026-04-25 21:15:47.703407+00	oauth	\N	\N	pallinky://auth-callback	\N	\N	f
62213a29-2983-4d39-8ba1-cb1afe1a03b6	\N	\N	\N	\N	google			2026-04-25 22:46:38.853512+00	2026-04-25 22:46:38.853512+00	oauth	\N	\N	pallinky://auth-callback	\N	\N	f
3f64a8b2-2f98-4045-b0ae-0930db45ec3a	\N	\N	\N	\N	google			2026-04-25 22:46:52.225032+00	2026-04-25 22:46:52.225032+00	oauth	\N	\N	pallinky://auth-callback	\N	\N	f
fc0b3d3e-4731-4db8-9895-82dda5403e01	\N	\N	\N	\N	google			2026-04-25 22:47:22.639551+00	2026-04-25 22:47:22.639551+00	oauth	\N	\N	pallinky://auth-callback	\N	\N	f
bd827969-76a1-42c2-8f45-76bed2d9b699	\N	\N	\N	\N	google			2026-04-05 13:31:14.99559+00	2026-04-05 13:31:14.99559+00	oauth	\N	\N	pallinky://auth-callback	\N	\N	f
e9fe569a-c8d9-4110-b967-38e30a77391b	\N	\N	\N	\N	google			2026-04-05 13:33:45.923504+00	2026-04-05 13:33:45.923504+00	oauth	\N	\N	pallinky://auth-callback	\N	\N	f
b4e212d4-97a3-4456-aab2-f6e20ce9b864	\N	\N	\N	\N	google			2026-04-05 14:55:14.989718+00	2026-04-05 14:55:14.989718+00	oauth	\N	\N	pallinky://auth-callback	\N	\N	f
4b2bf5d9-f616-4a07-81d8-391dc25bc36e	\N	\N	\N	\N	google			2026-04-05 14:55:42.19322+00	2026-04-05 14:55:42.19322+00	oauth	\N	\N	pallinky://auth-callback	\N	\N	f
de2811e3-6228-473d-a31d-d61adcd3ee1e	\N	\N	\N	\N	google			2026-04-05 14:56:03.408788+00	2026-04-05 14:56:03.408788+00	oauth	\N	\N	pallinky://auth-callback	\N	\N	f
f584e87d-f6bc-4c38-8074-b9ab5e47919e	\N	\N	\N	\N	google			2026-04-05 14:56:21.468383+00	2026-04-05 14:56:21.468383+00	oauth	\N	\N	pallinky://auth-callback	\N	\N	f
527fccab-2a20-4074-9bc9-b9e6c4c2dc3b	\N	\N	\N	\N	google			2026-04-29 08:44:26.575736+00	2026-04-29 08:44:26.575736+00	oauth	\N	\N	pallinky://auth-callback	\N	\N	f
5cbb0e60-389a-43e8-8725-d1ddf358c9c1	\N	\N	\N	\N	google			2026-04-06 20:18:32.533374+00	2026-04-06 20:18:32.533374+00	oauth	\N	\N	pallinky://auth-callback	\N	\N	f
3051f145-49ae-480e-ad2f-1655757b18fe	\N	\N	\N	\N	google			2026-04-10 01:22:43.106414+00	2026-04-10 01:22:43.106414+00	oauth	\N	\N	pallinky://auth-callback	\N	\N	f
5d0ac57b-6826-439d-b3f9-72fa0be54e4d	\N	\N	\N	\N	google			2026-04-12 07:29:26.230694+00	2026-04-12 07:29:26.230694+00	oauth	\N	\N	pallinky://auth-callback	\N	\N	f
44cf8df8-ac64-418c-a794-6550c82ce7a4	\N	\N	\N	\N	google			2026-04-19 18:43:23.9021+00	2026-04-19 18:43:23.9021+00	oauth	\N	\N	pallinky://auth-callback	\N	\N	f
1820066c-bd75-406c-8992-23f3d8f56c69	\N	\N	\N	\N	google			2026-04-19 18:43:32.28053+00	2026-04-19 18:43:32.28053+00	oauth	\N	\N	pallinky://auth-callback	\N	\N	f
38ef2362-e3df-45c0-8c9c-49a080f0b76e	\N	\N	\N	\N	google			2026-04-29 18:28:14.06442+00	2026-04-29 18:28:14.06442+00	oauth	\N	\N	pallinky://auth-callback	\N	\N	f
5a52425a-8cb1-481d-9df0-e0c9a0018168	\N	\N	\N	\N	google			2026-04-29 18:28:34.977294+00	2026-04-29 18:28:34.977294+00	oauth	\N	\N	pallinky://auth-callback	\N	\N	f
4175c092-ac49-42f2-8be5-efd17f0347d6	\N	\N	\N	\N	google			2026-04-30 06:51:25.15689+00	2026-04-30 06:51:25.15689+00	oauth	\N	\N	pallinky://auth-callback	\N	\N	f
2c4e928e-6882-4d9c-9674-fb28790d7c1c	\N	\N	\N	\N	apple			2026-05-01 18:25:17.227182+00	2026-05-01 18:25:17.227182+00	oauth	\N	\N	pallinky://auth-callback	\N	\N	f
\.


--
-- Data for Name: users; Type: TABLE DATA; Schema: auth; Owner: supabase_auth_admin
--

COPY "auth"."users" ("instance_id", "id", "aud", "role", "email", "encrypted_password", "email_confirmed_at", "invited_at", "confirmation_token", "confirmation_sent_at", "recovery_token", "recovery_sent_at", "email_change_token_new", "email_change", "email_change_sent_at", "last_sign_in_at", "raw_app_meta_data", "raw_user_meta_data", "is_super_admin", "created_at", "updated_at", "phone", "phone_confirmed_at", "phone_change", "phone_change_token", "phone_change_sent_at", "email_change_token_current", "email_change_confirm_status", "banned_until", "reauthentication_token", "reauthentication_sent_at", "is_sso_user", "deleted_at", "is_anonymous") FROM stdin;
00000000-0000-0000-0000-000000000000	a0466c75-e1ca-4787-b00d-eb85a2810c2d	authenticated	authenticated	angelakerr345@gmail.com	$2a$10$kpdbUEzRnRZnLhRjHVKL8e9prMk7CGjCupVeSANS2LdaNcgd7shR6	2026-03-28 02:51:37.770269+00	\N		2026-03-28 02:48:06.324187+00		2026-03-28 13:28:30.500582+00			\N	2026-03-28 13:29:06.687826+00	{"provider": "email", "providers": ["email"]}	{"sub": "a0466c75-e1ca-4787-b00d-eb85a2810c2d", "email": "angelakerr345@gmail.com", "email_verified": true, "phone_verified": false}	\N	2026-03-28 02:48:06.210183+00	2026-04-30 13:54:29.748181+00	\N	\N			\N		0	\N		\N	f	\N	f
00000000-0000-0000-0000-000000000000	6dbff2c5-ef7a-42f9-b65a-d405a1273608	authenticated	authenticated	rtwzqq7zsr@privaterelay.appleid.com	\N	2026-03-27 07:00:15.963183+00	\N		\N		\N			\N	2026-03-27 07:00:15.968878+00	{"provider": "apple", "providers": ["apple"]}	{"iss": "https://appleid.apple.com", "sub": "000813.4157701098d54d50995bf46c43da42f4.0700", "name": "John Apple", "email": "rtwzqq7zsr@privaterelay.appleid.com", "full_name": "John Apple", "provider_id": "000813.4157701098d54d50995bf46c43da42f4.0700", "custom_claims": {"auth_time": 1774594812, "is_private_email": true}, "email_verified": true, "phone_verified": false}	\N	2026-03-27 07:00:15.939+00	2026-03-27 07:00:15.990516+00	\N	\N			\N		0	\N		\N	f	\N	f
00000000-0000-0000-0000-000000000000	18303fa3-9471-492c-8250-6a13c0ef4426	authenticated	authenticated	heppwalker@hotmail.com	$2a$10$QzzeGfrnjlg7V61IzzzunOBLzonNh7noHsPfPXXensfgqlusrC7XW	2026-04-05 19:50:25.087554+00	\N		2026-04-05 19:48:20.428709+00		\N			\N	2026-04-05 19:50:25.099626+00	{"provider": "email", "providers": ["email"]}	{"sub": "18303fa3-9471-492c-8250-6a13c0ef4426", "email": "heppwalker@hotmail.com", "email_verified": true, "phone_verified": false}	\N	2026-04-05 19:48:20.392741+00	2026-04-30 15:28:41.293353+00	\N	\N			\N		0	\N		\N	f	\N	f
00000000-0000-0000-0000-000000000000	6c8e05ee-00d4-4ec8-82cd-ae708cc1cf16	authenticated	authenticated	crawlerrobo@gmail.com	$2a$10$RQVmAfXX14AJ8hvWxsYP4ugFuFV5Ha1PO2UjaDafy2L4ZrqxsNZke	\N	\N	ff258f43cec743f17e59ed450f3e9191276a1b551dd1af0eb8496e54	2026-04-29 18:28:59.700206+00		\N			\N	\N	{"provider": "email", "providers": ["email"]}	{"sub": "6c8e05ee-00d4-4ec8-82cd-ae708cc1cf16", "email": "crawlerrobo@gmail.com", "email_verified": false, "phone_verified": false}	\N	2026-04-04 09:19:52.188338+00	2026-04-29 18:29:01.006452+00	\N	\N			\N		0	\N		\N	f	\N	f
00000000-0000-0000-0000-000000000000	846a32f4-7e45-4d23-ac43-dc76ed30f9da	authenticated	authenticated	ellessmit21@gmail.com	$2a$10$ztJZHoOoXipOzrFsRV5k.evE/yZulOYYUTKXDo4hRkzJqc4Ru0OKS	\N	\N	4c9742c46072b36a100a53569188a73eb1088bd150d245e8c87522ab	2026-05-01 18:24:18.065589+00		\N			\N	\N	{"provider": "email", "providers": ["email"]}	{"sub": "846a32f4-7e45-4d23-ac43-dc76ed30f9da", "email": "ellessmit21@gmail.com", "email_verified": false, "phone_verified": false}	\N	2026-05-01 18:24:17.864917+00	2026-05-01 18:24:19.650695+00	\N	\N			\N		0	\N		\N	f	\N	f
00000000-0000-0000-0000-000000000000	ff546bdc-4046-42d9-9eaa-abadefca7c81	authenticated	authenticated	kitchencarnage@yahoo.co.uk	$2a$10$t6syQ7l4rTojL3MHFa8v3uXMZWh.CFDUU5T85/Dc.70MaEEg/B8Im	2026-03-30 07:52:55.656061+00	\N		2026-03-30 07:51:46.78798+00		\N			\N	2026-03-30 07:52:55.662833+00	{"provider": "email", "providers": ["email"]}	{"sub": "ff546bdc-4046-42d9-9eaa-abadefca7c81", "email": "kitchencarnage@yahoo.co.uk", "email_verified": true, "phone_verified": false}	\N	2026-03-30 07:51:46.719656+00	2026-05-02 08:32:38.115814+00	\N	\N			\N		0	\N		\N	f	\N	f
00000000-0000-0000-0000-000000000000	9fd35854-4474-4865-80a2-5cd7256180f6	authenticated	authenticated	retailnan@gmail.com	$2a$10$hyjhOHjSKaVVclFuRBP41u24q1eTt4fN6qCkOIswUTDs1BF7KyXXu	2026-03-28 08:12:09.406176+00	\N		2026-03-28 08:11:47.266435+00	77d375ae36c8636208d911ab5a20a904fde279480a98a7bdaaf4437a	2026-04-29 13:54:20.582305+00			\N	2026-04-29 14:10:02.975276+00	{"provider": "email", "providers": ["email", "google"]}	{"iss": "https://accounts.google.com", "sub": "100643689183568054020", "name": "Retailnan", "email": "retailnan@gmail.com", "picture": "https://lh3.googleusercontent.com/a/ACg8ocIg9LT9ublescdms_hupr_lT6gwZxg1-uiLM4RRcnWJPC3axj8=s96-c", "full_name": "Retailnan", "avatar_url": "https://lh3.googleusercontent.com/a/ACg8ocIg9LT9ublescdms_hupr_lT6gwZxg1-uiLM4RRcnWJPC3axj8=s96-c", "provider_id": "100643689183568054020", "email_verified": true, "phone_verified": false}	\N	2026-03-28 08:11:47.231916+00	2026-04-29 14:10:03.025519+00	\N	\N			\N		0	\N		\N	f	\N	f
00000000-0000-0000-0000-000000000000	c20a9837-4d1b-4956-b9d1-e683738980f7	authenticated	authenticated	delmotte.david@gmail.com	$2a$10$41oZT/jVV/F37VgPObiXC.OjX2xA3OVs95TixTtg6YFyOHcxK8gpG	2026-03-26 13:24:56.893993+00	\N		2026-03-26 13:24:11.652934+00		\N			\N	2026-04-02 13:09:37.785178+00	{"provider": "email", "providers": ["email", "google"]}	{"iss": "https://accounts.google.com", "sub": "118347089692026098468", "name": "David Delmotte", "email": "delmotte.david@gmail.com", "picture": "https://lh3.googleusercontent.com/a/ACg8ocJhbUlGijTcElpzXeT4tGHSIBm-b6n1OCobWWWUJ3cDycVH3i6lpQ=s96-c", "full_name": "David Delmotte", "avatar_url": "https://lh3.googleusercontent.com/a/ACg8ocJhbUlGijTcElpzXeT4tGHSIBm-b6n1OCobWWWUJ3cDycVH3i6lpQ=s96-c", "provider_id": "118347089692026098468", "email_verified": true, "phone_verified": false}	\N	2026-03-26 13:24:11.587091+00	2026-04-02 13:09:37.820654+00	\N	\N			\N		0	\N		\N	f	\N	f
00000000-0000-0000-0000-000000000000	75c514fa-44d6-4072-93dd-35f0f50c91cd	authenticated	authenticated	fancylady@mac.com	$2a$10$8XGBQR1xTIRtFNW45QhLZ.XY4j826Ov0DQyJG2.ufoDmbEWC2QtVu	2026-04-02 21:00:46.779456+00	\N		2026-04-02 21:00:23.979384+00		\N			\N	2026-04-02 21:00:46.784394+00	{"provider": "email", "providers": ["email"]}	{"sub": "75c514fa-44d6-4072-93dd-35f0f50c91cd", "email": "fancylady@mac.com", "email_verified": true, "phone_verified": false}	\N	2026-04-02 21:00:23.931054+00	2026-04-02 21:00:46.815142+00	\N	\N			\N		0	\N		\N	f	\N	f
00000000-0000-0000-0000-000000000000	367c205f-d654-4117-acae-b327f634ee87	authenticated	authenticated	test@pallinky.com	$2a$10$W7flb247/HZ8oriOx61SEuY9TgX0Hp0m9T4kiX8fH2mpe4obX4taa	\N	\N	e93aa32fd97fcb3a3200ad4fa52a9af314917610eef6451146c0a455	2026-04-04 15:43:50.28217+00		\N			\N	\N	{"provider": "email", "providers": ["email"]}	{"sub": "367c205f-d654-4117-acae-b327f634ee87", "email": "test@pallinky.com", "email_verified": false, "phone_verified": false}	\N	2026-04-04 15:43:50.23852+00	2026-04-04 15:43:51.612679+00	\N	\N			\N		0	\N		\N	f	\N	f
00000000-0000-0000-0000-000000000000	3a2b1b25-fa60-47ef-9d5b-d87d3da010b4	authenticated	authenticated	teunvdberg@yahoo.co.uk	$2a$10$3Uh7tZaiSaQFGlTVveubXOg3wd0KBhLRsDUR8RdhKv9Tc9qjicIfC	2026-04-02 20:27:05.833874+00	\N		2026-04-02 20:12:43.882874+00		\N			\N	2026-04-02 20:27:05.878125+00	{"provider": "email", "providers": ["email"]}	{"sub": "3a2b1b25-fa60-47ef-9d5b-d87d3da010b4", "email": "teunvdberg@yahoo.co.uk", "email_verified": true, "phone_verified": false}	\N	2026-04-02 20:12:43.782091+00	2026-04-28 05:45:42.374256+00	\N	\N			\N		0	\N		\N	f	\N	f
00000000-0000-0000-0000-000000000000	2b61ded0-78e5-4a65-8b64-83b7d14bc639	authenticated	authenticated	tsquare64@gmail.com	$2a$10$IMfZWmjZqM1thaCICurTHu.qF5A2o6VRb7rYEA46uNq0xvNfsmxc6	2026-04-05 19:44:59.318746+00	\N		2026-04-05 19:44:21.815701+00		\N			\N	2026-04-05 19:44:59.325844+00	{"provider": "email", "providers": ["email"]}	{"sub": "2b61ded0-78e5-4a65-8b64-83b7d14bc639", "email": "tsquare64@gmail.com", "email_verified": true, "phone_verified": false}	\N	2026-04-05 19:44:21.764854+00	2026-04-14 13:08:56.332185+00	\N	\N			\N		0	\N		\N	f	\N	f
00000000-0000-0000-0000-000000000000	2fbe7423-78af-41b2-bb45-c68cf39c362d	authenticated	authenticated	nanbowles@gmail.com	\N	2026-03-23 11:49:08.865038+00	\N		\N	de0b93df601b557423536ad74c5795f8ebb4ef216c960df1b619d2e2	2026-03-26 23:28:31.6326+00			\N	2026-04-30 06:51:36.794204+00	{"provider": "google", "providers": ["google"]}	{"iss": "https://accounts.google.com", "sub": "104336692269848124416", "name": "nancy bowles", "email": "nanbowles@gmail.com", "picture": "https://lh3.googleusercontent.com/a/ACg8ocKD4P3BUwYgMm5DbaTa9juV4OV1gjpLdr-vVML4H9JEhYZ3Ns94=s96-c", "full_name": "nancy bowles", "avatar_url": "https://lh3.googleusercontent.com/a/ACg8ocKD4P3BUwYgMm5DbaTa9juV4OV1gjpLdr-vVML4H9JEhYZ3Ns94=s96-c", "provider_id": "104336692269848124416", "email_verified": true, "phone_verified": false}	\N	2026-03-23 11:49:08.759226+00	2026-05-03 13:26:40.490312+00	\N	\N			\N		0	\N		\N	f	\N	f
00000000-0000-0000-0000-000000000000	2202a479-3764-463f-a442-54fce58cf0c4	authenticated	authenticated	devyani71@yahoo.com	$2a$10$8MR3/0u5UA7JPVBkRBEGrelTfKgBnq4IuSSRDOiEn8qBWmv2mOtsq	2026-03-27 20:46:12.226176+00	\N		2026-03-27 20:45:38.574178+00		2026-03-27 20:47:53.583736+00			\N	2026-03-27 20:48:47.790889+00	{"provider": "email", "providers": ["email"]}	{"sub": "2202a479-3764-463f-a442-54fce58cf0c4", "email": "devyani71@yahoo.com", "email_verified": true, "phone_verified": false}	\N	2026-03-27 20:45:38.532522+00	2026-04-30 07:58:18.148868+00	\N	\N			\N		0	\N		\N	f	\N	f
00000000-0000-0000-0000-000000000000	0a4d2cbf-0bd0-44f5-8234-d6b65020b8f3	authenticated	authenticated	jxyytqf6dp@privaterelay.appleid.com	\N	2026-04-03 16:45:20.577763+00	\N		\N		\N			\N	2026-04-03 16:45:20.590325+00	{"provider": "apple", "providers": ["apple"]}	{"iss": "https://appleid.apple.com", "sub": "000986.819ce8d43a314fa6900bb2e0c3ee0295.1645", "name": "Matt Eyraud", "email": "jxyytqf6dp@privaterelay.appleid.com", "full_name": "Matt Eyraud", "provider_id": "000986.819ce8d43a314fa6900bb2e0c3ee0295.1645", "custom_claims": {"auth_time": 1775234717, "is_private_email": true}, "email_verified": true, "phone_verified": false}	\N	2026-04-03 16:45:20.494335+00	2026-04-03 16:45:20.621055+00	\N	\N			\N		0	\N		\N	f	\N	f
00000000-0000-0000-0000-000000000000	fb2f7155-55db-47ae-9c99-a5b23b7a40be	authenticated	authenticated	7pntssn9z4@privaterelay.appleid.com	\N	2026-03-27 06:57:19.022229+00	\N		\N		\N			\N	2026-03-27 06:57:19.030205+00	{"provider": "apple", "providers": ["apple"]}	{"iss": "https://appleid.apple.com", "sub": "001536.17153e45ced540dcbf603b04070236e1.0657", "name": "John Apple", "email": "7pntssn9z4@privaterelay.appleid.com", "full_name": "John Apple", "provider_id": "001536.17153e45ced540dcbf603b04070236e1.0657", "custom_claims": {"auth_time": 1774594635, "is_private_email": true}, "email_verified": true, "phone_verified": false}	\N	2026-03-27 06:57:18.924987+00	2026-03-27 06:57:19.075807+00	\N	\N			\N		0	\N		\N	f	\N	f
00000000-0000-0000-0000-000000000000	07936771-2633-44cb-89d3-a5c094d78831	authenticated	authenticated	angelatweedie123@gmail.com	\N	2026-03-28 13:28:23.837457+00	\N		\N		\N			\N	2026-03-28 13:28:23.843057+00	{"provider": "apple", "providers": ["apple"]}	{"iss": "https://appleid.apple.com", "sub": "000281.339aea3dead047a3ae44db87e6b7d8ae.1328", "name": "Angela Kerr", "email": "angelatweedie123@gmail.com", "full_name": "Angela Kerr", "provider_id": "000281.339aea3dead047a3ae44db87e6b7d8ae.1328", "custom_claims": {"auth_time": 1774704501}, "email_verified": true, "phone_verified": false}	\N	2026-03-28 13:28:23.793594+00	2026-03-28 13:28:23.864904+00	\N	\N			\N		0	\N		\N	f	\N	f
00000000-0000-0000-0000-000000000000	d27ec43b-3350-48a5-908f-88bc0ad0289d	authenticated	authenticated	edhavenrak@icloud.com	$2a$10$kEaJewrmRgh4uCN74O5YEuhvWDl.W.oDmZJO3w.xjyYAOu5XNjwV.	2026-04-03 15:00:36.853799+00	\N		2026-04-03 15:00:17.928284+00		\N			\N	2026-04-03 15:00:36.867091+00	{"provider": "email", "providers": ["email"]}	{"sub": "d27ec43b-3350-48a5-908f-88bc0ad0289d", "email": "edhavenrak@icloud.com", "email_verified": true, "phone_verified": false}	\N	2026-04-03 15:00:17.888945+00	2026-04-03 16:09:02.181084+00	\N	\N			\N		0	\N		\N	f	\N	f
00000000-0000-0000-0000-000000000000	f676212a-53d1-4426-84fb-08b4061a9f17	authenticated	authenticated	pjm360@gmail.com	$2a$10$QRxv/b3r1eVXum9dDtbKNesSlDEXUvuUBpM7rhUr58JXBbNJaDi.q	2026-04-09 10:17:40.166859+00	\N		2026-04-09 10:17:00.908764+00		\N			\N	2026-04-09 10:17:40.17271+00	{"provider": "email", "providers": ["email"]}	{"sub": "f676212a-53d1-4426-84fb-08b4061a9f17", "email": "pjm360@gmail.com", "email_verified": true, "phone_verified": false}	\N	2026-04-09 10:17:00.839738+00	2026-04-23 15:24:38.448373+00	\N	\N			\N		0	\N		\N	f	\N	f
00000000-0000-0000-0000-000000000000	1ad8920e-216f-4ff7-9566-cc5caa3b2ed8	authenticated	authenticated	tredecko@gmail.com	\N	2026-04-12 07:30:43.36244+00	\N		\N		\N			\N	2026-04-12 07:30:43.373584+00	{"provider": "google", "providers": ["google"]}	{"iss": "https://accounts.google.com", "sub": "105767874347169550958", "name": "Trevor Cohen", "email": "tredecko@gmail.com", "picture": "https://lh3.googleusercontent.com/a/ACg8ocKiblzn3KzGbS1VHcK8u4NUXIwypLSJY_SAmYpdgTYHlE3zYeBn=s96-c", "full_name": "Trevor Cohen", "avatar_url": "https://lh3.googleusercontent.com/a/ACg8ocKiblzn3KzGbS1VHcK8u4NUXIwypLSJY_SAmYpdgTYHlE3zYeBn=s96-c", "provider_id": "105767874347169550958", "email_verified": true, "phone_verified": false}	\N	2026-04-12 07:30:43.311364+00	2026-04-13 16:09:10.221293+00	\N	\N			\N		0	\N		\N	f	\N	f
00000000-0000-0000-0000-000000000000	374e2e53-2a35-487d-8b18-84b89f8e2b7d	authenticated	authenticated	jpp423@gmail.com	\N	2026-05-02 08:10:15.1693+00	\N		\N		\N			\N	2026-05-02 08:10:15.17714+00	{"provider": "google", "providers": ["google"]}	{"iss": "https://accounts.google.com", "sub": "113520220751774079078", "name": "George", "email": "jpp423@gmail.com", "picture": "https://lh3.googleusercontent.com/a/ACg8ocJ9XNYfUSn3_j28dFubq21T3pONp0i87PXeHiSxApcO9LH2J_DQIg=s96-c", "full_name": "George", "avatar_url": "https://lh3.googleusercontent.com/a/ACg8ocJ9XNYfUSn3_j28dFubq21T3pONp0i87PXeHiSxApcO9LH2J_DQIg=s96-c", "provider_id": "113520220751774079078", "email_verified": true, "phone_verified": false}	\N	2026-05-02 08:10:15.114555+00	2026-05-02 17:12:03.563187+00	\N	\N			\N		0	\N		\N	f	\N	f
00000000-0000-0000-0000-000000000000	762614e5-d47e-45cf-9e7f-67270755729c	authenticated	authenticated	cs4j7w6q5t@privaterelay.appleid.com	\N	2026-04-21 12:03:50.803238+00	\N		\N		\N			\N	2026-04-21 12:06:10.263368+00	{"provider": "apple", "providers": ["apple"]}	{"iss": "https://appleid.apple.com", "sub": "001028.ebc81bf859bd4ac9acbb7ec8cd7acf85.1203", "name": "John Apple", "email": "cs4j7w6q5t@privaterelay.appleid.com", "full_name": "John Apple", "provider_id": "001028.ebc81bf859bd4ac9acbb7ec8cd7acf85.1203", "custom_claims": {"auth_time": 1776773166}, "email_verified": true, "phone_verified": false}	\N	2026-04-21 12:03:50.757058+00	2026-04-21 12:06:10.270556+00	\N	\N			\N		0	\N		\N	f	\N	f
00000000-0000-0000-0000-000000000000	7fbd3d98-b51a-4290-b714-a3a4100fc4e3	authenticated	authenticated	bodieh@gmail.com	\N	2026-04-06 20:20:31.804592+00	\N		\N		\N			\N	2026-04-06 20:20:31.814557+00	{"provider": "google", "providers": ["google"]}	{"iss": "https://accounts.google.com", "sub": "114593839296201916408", "name": "Bodie H", "email": "bodieh@gmail.com", "picture": "https://lh3.googleusercontent.com/a/ACg8ocKBrQA0YAtFtZR3F0BWspujRpMZZhgW0Ogbq5VfG1f-Pq4b-zLkbA=s96-c", "full_name": "Bodie H", "avatar_url": "https://lh3.googleusercontent.com/a/ACg8ocKBrQA0YAtFtZR3F0BWspujRpMZZhgW0Ogbq5VfG1f-Pq4b-zLkbA=s96-c", "provider_id": "114593839296201916408", "email_verified": true, "phone_verified": false}	\N	2026-04-06 20:20:31.747083+00	2026-04-09 15:59:39.342208+00	\N	\N			\N		0	\N		\N	f	\N	f
00000000-0000-0000-0000-000000000000	6758dad6-9136-4770-9f4d-d93ab88b9997	authenticated	authenticated	6thzkzd8qr@privaterelay.appleid.com	\N	2026-04-22 01:21:17.539127+00	\N		\N		\N			\N	2026-04-22 01:22:57.181637+00	{"provider": "apple", "providers": ["apple"]}	{"iss": "https://appleid.apple.com", "sub": "000110.62e6a221ef304ad9bd8dda34e113446f.0121", "name": "John Apple", "email": "6thzkzd8qr@privaterelay.appleid.com", "full_name": "John Apple", "provider_id": "000110.62e6a221ef304ad9bd8dda34e113446f.0121", "custom_claims": {"auth_time": 1776820974, "is_private_email": true}, "email_verified": true, "phone_verified": false}	\N	2026-04-22 01:21:17.498842+00	2026-04-22 01:22:57.196951+00	\N	\N			\N		0	\N		\N	f	\N	f
00000000-0000-0000-0000-000000000000	f89c7df7-773a-48dc-ba9f-0e0d3821bb04	authenticated	authenticated	p8mkw62djr@privaterelay.appleid.com	\N	2026-05-02 18:30:17.57347+00	\N		\N		\N			\N	2026-05-02 18:30:17.582379+00	{"provider": "apple", "providers": ["apple"]}	{"iss": "https://appleid.apple.com", "sub": "001383.c4a5e0d68b274272954e1df823455f1b.0704", "email": "p8mkw62djr@privaterelay.appleid.com", "provider_id": "001383.c4a5e0d68b274272954e1df823455f1b.0704", "custom_claims": {"auth_time": 1777746616, "is_private_email": true}, "email_verified": true, "phone_verified": false}	\N	2026-05-02 18:30:17.545064+00	2026-05-02 18:30:17.619358+00	\N	\N			\N		0	\N		\N	f	\N	f
00000000-0000-0000-0000-000000000000	45e52db6-ffe3-4569-8682-c2bfdb56198c	authenticated	authenticated	jenni.iyoyo@gmail.com	$2a$10$JBOSUN5WVpiwe1hH5YiEHu8lyN8eP6ugoLAz6aFLCbEX2./JVcWem	2026-04-28 19:40:21.036424+00	\N		2026-04-28 19:40:05.528191+00		\N			\N	2026-04-28 19:40:21.042154+00	{"provider": "email", "providers": ["email"]}	{"sub": "45e52db6-ffe3-4569-8682-c2bfdb56198c", "email": "jenni.iyoyo@gmail.com", "email_verified": true, "phone_verified": false}	\N	2026-04-28 19:40:05.48129+00	2026-05-02 15:01:19.802945+00	\N	\N			\N		0	\N		\N	f	\N	f
00000000-0000-0000-0000-000000000000	6282299f-9707-45d6-bae7-009a6ab4b41b	authenticated	authenticated	brf9522565@privaterelay.appleid.com	\N	2026-04-27 22:58:36.909674+00	\N		\N		\N			\N	2026-04-27 22:58:36.92077+00	{"provider": "apple", "providers": ["apple"]}	{"iss": "https://appleid.apple.com", "sub": "000094.40fdaf1253dc45858ea910493c855a00.2258", "name": "John Apple", "email": "brf9522565@privaterelay.appleid.com", "full_name": "John Apple", "provider_id": "000094.40fdaf1253dc45858ea910493c855a00.2258", "custom_claims": {"auth_time": 1777330714, "is_private_email": true}, "email_verified": true, "phone_verified": false}	\N	2026-04-27 22:58:36.850129+00	2026-04-27 22:58:36.966808+00	\N	\N			\N		0	\N		\N	f	\N	f
00000000-0000-0000-0000-000000000000	c4f156ca-cf79-46e9-8566-db237f5f71fc	authenticated	authenticated	bowlesnan@gmail.com	\N	2026-04-25 15:33:54.801969+00	\N		\N		\N			\N	2026-04-29 13:58:13.968142+00	{"provider": "google", "providers": ["google"]}	{"iss": "https://accounts.google.com", "sub": "112456901791593540982", "name": "Nan Bowles", "email": "bowlesnan@gmail.com", "picture": "https://lh3.googleusercontent.com/a/ACg8ocKzpxUNgB-MKOFuMqiAg969RzhecRq8-6BdG34zbZf2N5THgQ=s96-c", "full_name": "Nan Bowles", "avatar_url": "https://lh3.googleusercontent.com/a/ACg8ocKzpxUNgB-MKOFuMqiAg969RzhecRq8-6BdG34zbZf2N5THgQ=s96-c", "provider_id": "112456901791593540982", "email_verified": true, "phone_verified": false}	\N	2026-04-25 15:33:54.759761+00	2026-04-29 13:58:13.996135+00	\N	\N			\N		0	\N		\N	f	\N	f
00000000-0000-0000-0000-000000000000	8d2ba1cb-0516-4199-9951-69bf0e155e22	authenticated	authenticated	eden.madrone@gmail.com	\N	2026-04-29 13:52:42.438495+00	\N		\N		\N			\N	2026-04-29 13:52:42.447738+00	{"provider": "google", "providers": ["google"]}	{"iss": "https://accounts.google.com", "sub": "113433706716169910224", "name": "Eden Madrone", "email": "eden.madrone@gmail.com", "picture": "https://lh3.googleusercontent.com/a/ACg8ocKEBOq4Yi0ekrwcSyzL4iDuLGyOyjnsxLuJZWARAIPdsu-TVy8=s96-c", "full_name": "Eden Madrone", "avatar_url": "https://lh3.googleusercontent.com/a/ACg8ocKEBOq4Yi0ekrwcSyzL4iDuLGyOyjnsxLuJZWARAIPdsu-TVy8=s96-c", "provider_id": "113433706716169910224", "email_verified": true, "phone_verified": false}	\N	2026-04-29 13:52:42.410424+00	2026-04-29 13:52:42.450653+00	\N	\N			\N		0	\N		\N	f	\N	f
00000000-0000-0000-0000-000000000000	b655b45c-14a3-4341-b48e-7928153b12cf	authenticated	authenticated	margot.delmotte@gmail.com	$2a$10$ln.IZJTP68B5FcTFvmiwZezfqrrnVlny1BG1rx2L2kii6TzsFTq1G	2026-04-30 10:44:17.733664+00	\N		2026-04-30 10:43:59.598312+00		\N			\N	2026-04-30 10:44:17.741779+00	{"provider": "email", "providers": ["email"]}	{"sub": "b655b45c-14a3-4341-b48e-7928153b12cf", "email": "margot.delmotte@gmail.com", "email_verified": true, "phone_verified": false}	\N	2026-04-30 10:43:59.50015+00	2026-04-30 10:44:17.786486+00	\N	\N			\N		0	\N		\N	f	\N	f
00000000-0000-0000-0000-000000000000	36a4b008-2b33-44b2-ba90-1bbc176fc478	authenticated	authenticated	w.delmotte@gmail.com	\N	2026-04-30 10:59:49.756307+00	\N		\N		\N			\N	2026-04-30 10:59:49.76456+00	{"provider": "apple", "providers": ["apple"]}	{"iss": "https://appleid.apple.com", "sub": "000391.dd1b7a0ba32d4896ac50fba36c980d69.1059", "name": "William Delmotte", "email": "w.delmotte@gmail.com", "full_name": "William Delmotte", "provider_id": "000391.dd1b7a0ba32d4896ac50fba36c980d69.1059", "custom_claims": {"auth_time": 1777546786}, "email_verified": true, "phone_verified": false}	\N	2026-04-30 10:59:49.716322+00	2026-05-01 18:22:02.222526+00	\N	\N			\N		0	\N		\N	f	\N	f
\.


--
-- Data for Name: identities; Type: TABLE DATA; Schema: auth; Owner: supabase_auth_admin
--

COPY "auth"."identities" ("provider_id", "user_id", "identity_data", "provider", "last_sign_in_at", "created_at", "updated_at", "id") FROM stdin;
d27ec43b-3350-48a5-908f-88bc0ad0289d	d27ec43b-3350-48a5-908f-88bc0ad0289d	{"sub": "d27ec43b-3350-48a5-908f-88bc0ad0289d", "email": "edhavenrak@icloud.com", "email_verified": true, "phone_verified": false}	email	2026-04-03 15:00:17.918283+00	2026-04-03 15:00:17.918337+00	2026-04-03 15:00:17.918337+00	dd38dd23-2337-4b20-a510-1ac4f039099a
c20a9837-4d1b-4956-b9d1-e683738980f7	c20a9837-4d1b-4956-b9d1-e683738980f7	{"sub": "c20a9837-4d1b-4956-b9d1-e683738980f7", "email": "delmotte.david@gmail.com", "email_verified": true, "phone_verified": false}	email	2026-03-26 13:24:11.644864+00	2026-03-26 13:24:11.644921+00	2026-03-26 13:24:11.644921+00	dac142d4-6af3-486a-be6a-d25dafcfbb3a
2202a479-3764-463f-a442-54fce58cf0c4	2202a479-3764-463f-a442-54fce58cf0c4	{"sub": "2202a479-3764-463f-a442-54fce58cf0c4", "email": "devyani71@yahoo.com", "email_verified": true, "phone_verified": false}	email	2026-03-27 20:45:38.561034+00	2026-03-27 20:45:38.561083+00	2026-03-27 20:45:38.561083+00	47552e91-7f5f-4798-a2ee-1e63deb029b3
a0466c75-e1ca-4787-b00d-eb85a2810c2d	a0466c75-e1ca-4787-b00d-eb85a2810c2d	{"sub": "a0466c75-e1ca-4787-b00d-eb85a2810c2d", "email": "angelakerr345@gmail.com", "email_verified": true, "phone_verified": false}	email	2026-03-28 02:48:06.313787+00	2026-03-28 02:48:06.313843+00	2026-03-28 02:48:06.313843+00	f5dbd401-ce80-4f79-bfd0-1bc046f640bf
001536.17153e45ced540dcbf603b04070236e1.0657	fb2f7155-55db-47ae-9c99-a5b23b7a40be	{"iss": "https://appleid.apple.com", "sub": "001536.17153e45ced540dcbf603b04070236e1.0657", "name": "John Apple", "email": "7pntssn9z4@privaterelay.appleid.com", "full_name": "John Apple", "provider_id": "001536.17153e45ced540dcbf603b04070236e1.0657", "custom_claims": {"auth_time": 1774594635, "is_private_email": true}, "email_verified": true, "phone_verified": false}	apple	2026-03-27 06:57:19.014556+00	2026-03-27 06:57:19.014631+00	2026-03-27 06:57:19.014631+00	297f5b2e-994b-4a3d-879a-021524e99089
000813.4157701098d54d50995bf46c43da42f4.0700	6dbff2c5-ef7a-42f9-b65a-d405a1273608	{"iss": "https://appleid.apple.com", "sub": "000813.4157701098d54d50995bf46c43da42f4.0700", "name": "John Apple", "email": "rtwzqq7zsr@privaterelay.appleid.com", "full_name": "John Apple", "provider_id": "000813.4157701098d54d50995bf46c43da42f4.0700", "custom_claims": {"auth_time": 1774594812, "is_private_email": true}, "email_verified": true, "phone_verified": false}	apple	2026-03-27 07:00:15.958396+00	2026-03-27 07:00:15.959042+00	2026-03-27 07:00:15.959042+00	adacdb4f-7804-43c6-bfd3-51dff98c9d55
9fd35854-4474-4865-80a2-5cd7256180f6	9fd35854-4474-4865-80a2-5cd7256180f6	{"sub": "9fd35854-4474-4865-80a2-5cd7256180f6", "email": "retailnan@gmail.com", "email_verified": true, "phone_verified": false}	email	2026-03-28 08:11:47.25398+00	2026-03-28 08:11:47.254656+00	2026-03-28 08:11:47.254656+00	aa1e71d9-e9ea-4d36-bee7-49bf45d6d731
ff546bdc-4046-42d9-9eaa-abadefca7c81	ff546bdc-4046-42d9-9eaa-abadefca7c81	{"sub": "ff546bdc-4046-42d9-9eaa-abadefca7c81", "email": "kitchencarnage@yahoo.co.uk", "email_verified": true, "phone_verified": false}	email	2026-03-30 07:51:46.77212+00	2026-03-30 07:51:46.77217+00	2026-03-30 07:51:46.77217+00	22904803-258c-4f5b-ad2a-ed3cb36a8a7b
000281.339aea3dead047a3ae44db87e6b7d8ae.1328	07936771-2633-44cb-89d3-a5c094d78831	{"iss": "https://appleid.apple.com", "sub": "000281.339aea3dead047a3ae44db87e6b7d8ae.1328", "name": "Angela Kerr", "email": "angelatweedie123@gmail.com", "full_name": "Angela Kerr", "provider_id": "000281.339aea3dead047a3ae44db87e6b7d8ae.1328", "custom_claims": {"auth_time": 1774704501}, "email_verified": true, "phone_verified": false}	apple	2026-03-28 13:28:23.828439+00	2026-03-28 13:28:23.828488+00	2026-03-28 13:28:23.828488+00	69574021-b9e6-4adf-9c53-14aebd30d6c1
118347089692026098468	c20a9837-4d1b-4956-b9d1-e683738980f7	{"iss": "https://accounts.google.com", "sub": "118347089692026098468", "name": "David Delmotte", "email": "delmotte.david@gmail.com", "picture": "https://lh3.googleusercontent.com/a/ACg8ocJhbUlGijTcElpzXeT4tGHSIBm-b6n1OCobWWWUJ3cDycVH3i6lpQ=s96-c", "full_name": "David Delmotte", "avatar_url": "https://lh3.googleusercontent.com/a/ACg8ocJhbUlGijTcElpzXeT4tGHSIBm-b6n1OCobWWWUJ3cDycVH3i6lpQ=s96-c", "provider_id": "118347089692026098468", "email_verified": true, "phone_verified": false}	google	2026-03-26 13:32:49.060985+00	2026-03-26 13:32:49.061031+00	2026-04-02 13:09:37.77773+00	29107d2e-4bf6-40b1-83ef-9ef1e2feb483
100643689183568054020	9fd35854-4474-4865-80a2-5cd7256180f6	{"iss": "https://accounts.google.com", "sub": "100643689183568054020", "name": "Retailnan", "email": "retailnan@gmail.com", "picture": "https://lh3.googleusercontent.com/a/ACg8ocIg9LT9ublescdms_hupr_lT6gwZxg1-uiLM4RRcnWJPC3axj8=s96-c", "full_name": "Retailnan", "avatar_url": "https://lh3.googleusercontent.com/a/ACg8ocIg9LT9ublescdms_hupr_lT6gwZxg1-uiLM4RRcnWJPC3axj8=s96-c", "provider_id": "100643689183568054020", "email_verified": true, "phone_verified": false}	google	2026-04-04 08:00:12.011094+00	2026-04-04 08:00:12.011148+00	2026-04-29 14:10:02.959935+00	aacda582-0c9a-4e88-b869-65daa389762e
3a2b1b25-fa60-47ef-9d5b-d87d3da010b4	3a2b1b25-fa60-47ef-9d5b-d87d3da010b4	{"sub": "3a2b1b25-fa60-47ef-9d5b-d87d3da010b4", "email": "teunvdberg@yahoo.co.uk", "email_verified": true, "phone_verified": false}	email	2026-04-02 20:12:43.873723+00	2026-04-02 20:12:43.873773+00	2026-04-02 20:12:43.873773+00	7d23ecbb-efe3-4307-bf5d-f3e50e4233c3
75c514fa-44d6-4072-93dd-35f0f50c91cd	75c514fa-44d6-4072-93dd-35f0f50c91cd	{"sub": "75c514fa-44d6-4072-93dd-35f0f50c91cd", "email": "fancylady@mac.com", "email_verified": true, "phone_verified": false}	email	2026-04-02 21:00:23.968366+00	2026-04-02 21:00:23.968413+00	2026-04-02 21:00:23.968413+00	313fa6fc-cd24-42eb-be5e-eb333205351c
000986.819ce8d43a314fa6900bb2e0c3ee0295.1645	0a4d2cbf-0bd0-44f5-8234-d6b65020b8f3	{"iss": "https://appleid.apple.com", "sub": "000986.819ce8d43a314fa6900bb2e0c3ee0295.1645", "name": "Matt Eyraud", "email": "jxyytqf6dp@privaterelay.appleid.com", "full_name": "Matt Eyraud", "provider_id": "000986.819ce8d43a314fa6900bb2e0c3ee0295.1645", "custom_claims": {"auth_time": 1775234717, "is_private_email": true}, "email_verified": true, "phone_verified": false}	apple	2026-04-03 16:45:20.560979+00	2026-04-03 16:45:20.561634+00	2026-04-03 16:45:20.561634+00	6424eea0-a1dd-4cd2-b2dc-3652fe8adc12
6c8e05ee-00d4-4ec8-82cd-ae708cc1cf16	6c8e05ee-00d4-4ec8-82cd-ae708cc1cf16	{"sub": "6c8e05ee-00d4-4ec8-82cd-ae708cc1cf16", "email": "crawlerrobo@gmail.com", "email_verified": false, "phone_verified": false}	email	2026-04-04 09:19:52.230833+00	2026-04-04 09:19:52.23088+00	2026-04-04 09:19:52.23088+00	8295bdc6-3a9c-4b92-adc3-494d03eb4ca8
2b61ded0-78e5-4a65-8b64-83b7d14bc639	2b61ded0-78e5-4a65-8b64-83b7d14bc639	{"sub": "2b61ded0-78e5-4a65-8b64-83b7d14bc639", "email": "tsquare64@gmail.com", "email_verified": true, "phone_verified": false}	email	2026-04-05 19:44:21.805806+00	2026-04-05 19:44:21.805856+00	2026-04-05 19:44:21.805856+00	02472a6a-a8d2-40b3-9a96-cc27e0c8c4e0
18303fa3-9471-492c-8250-6a13c0ef4426	18303fa3-9471-492c-8250-6a13c0ef4426	{"sub": "18303fa3-9471-492c-8250-6a13c0ef4426", "email": "heppwalker@hotmail.com", "email_verified": true, "phone_verified": false}	email	2026-04-05 19:48:20.422869+00	2026-04-05 19:48:20.422918+00	2026-04-05 19:48:20.422918+00	050e36ac-e7c2-40c7-996f-8d56c00199d2
114593839296201916408	7fbd3d98-b51a-4290-b714-a3a4100fc4e3	{"iss": "https://accounts.google.com", "sub": "114593839296201916408", "name": "Bodie H", "email": "bodieh@gmail.com", "picture": "https://lh3.googleusercontent.com/a/ACg8ocKBrQA0YAtFtZR3F0BWspujRpMZZhgW0Ogbq5VfG1f-Pq4b-zLkbA=s96-c", "full_name": "Bodie H", "avatar_url": "https://lh3.googleusercontent.com/a/ACg8ocKBrQA0YAtFtZR3F0BWspujRpMZZhgW0Ogbq5VfG1f-Pq4b-zLkbA=s96-c", "provider_id": "114593839296201916408", "email_verified": true, "phone_verified": false}	google	2026-04-06 20:20:31.795072+00	2026-04-06 20:20:31.795128+00	2026-04-06 20:20:31.795128+00	8b3df4e5-cfec-4c21-9b40-cb4a3198d74a
367c205f-d654-4117-acae-b327f634ee87	367c205f-d654-4117-acae-b327f634ee87	{"sub": "367c205f-d654-4117-acae-b327f634ee87", "email": "test@pallinky.com", "email_verified": false, "phone_verified": false}	email	2026-04-04 15:43:50.270955+00	2026-04-04 15:43:50.271004+00	2026-04-04 15:43:50.271004+00	e3333732-701f-493d-af40-33a28a371aeb
001028.ebc81bf859bd4ac9acbb7ec8cd7acf85.1203	762614e5-d47e-45cf-9e7f-67270755729c	{"iss": "https://appleid.apple.com", "sub": "001028.ebc81bf859bd4ac9acbb7ec8cd7acf85.1203", "provider_id": "001028.ebc81bf859bd4ac9acbb7ec8cd7acf85.1203", "custom_claims": {"auth_time": 1776773166}, "email_verified": true, "phone_verified": false}	apple	2026-04-21 12:03:50.795744+00	2026-04-21 12:03:50.795798+00	2026-04-21 12:06:10.258308+00	2fe1a852-a6f4-4a67-80f6-b56aa62d1245
f676212a-53d1-4426-84fb-08b4061a9f17	f676212a-53d1-4426-84fb-08b4061a9f17	{"sub": "f676212a-53d1-4426-84fb-08b4061a9f17", "email": "pjm360@gmail.com", "email_verified": true, "phone_verified": false}	email	2026-04-09 10:17:00.895144+00	2026-04-09 10:17:00.895196+00	2026-04-09 10:17:00.895196+00	33707046-5deb-44b2-821d-065695470dc7
105767874347169550958	1ad8920e-216f-4ff7-9566-cc5caa3b2ed8	{"iss": "https://accounts.google.com", "sub": "105767874347169550958", "name": "Trevor Cohen", "email": "tredecko@gmail.com", "picture": "https://lh3.googleusercontent.com/a/ACg8ocKiblzn3KzGbS1VHcK8u4NUXIwypLSJY_SAmYpdgTYHlE3zYeBn=s96-c", "full_name": "Trevor Cohen", "avatar_url": "https://lh3.googleusercontent.com/a/ACg8ocKiblzn3KzGbS1VHcK8u4NUXIwypLSJY_SAmYpdgTYHlE3zYeBn=s96-c", "provider_id": "105767874347169550958", "email_verified": true, "phone_verified": false}	google	2026-04-12 07:30:43.353656+00	2026-04-12 07:30:43.353707+00	2026-04-12 07:30:43.353707+00	ac37dd51-b9b1-4c5e-8a23-7a755fb19669
000110.62e6a221ef304ad9bd8dda34e113446f.0121	6758dad6-9136-4770-9f4d-d93ab88b9997	{"iss": "https://appleid.apple.com", "sub": "000110.62e6a221ef304ad9bd8dda34e113446f.0121", "name": "John Apple", "email": "6thzkzd8qr@privaterelay.appleid.com", "full_name": "John Apple", "provider_id": "000110.62e6a221ef304ad9bd8dda34e113446f.0121", "custom_claims": {"auth_time": 1776820974, "is_private_email": true}, "email_verified": true, "phone_verified": false}	apple	2026-04-22 01:21:17.525167+00	2026-04-22 01:21:17.525221+00	2026-04-22 01:22:57.171712+00	8854daea-28cb-4232-b694-3c1bbb4608e9
112456901791593540982	c4f156ca-cf79-46e9-8566-db237f5f71fc	{"iss": "https://accounts.google.com", "sub": "112456901791593540982", "name": "Nan Bowles", "email": "bowlesnan@gmail.com", "picture": "https://lh3.googleusercontent.com/a/ACg8ocKzpxUNgB-MKOFuMqiAg969RzhecRq8-6BdG34zbZf2N5THgQ=s96-c", "full_name": "Nan Bowles", "avatar_url": "https://lh3.googleusercontent.com/a/ACg8ocKzpxUNgB-MKOFuMqiAg969RzhecRq8-6BdG34zbZf2N5THgQ=s96-c", "provider_id": "112456901791593540982", "email_verified": true, "phone_verified": false}	google	2026-04-25 15:33:54.791454+00	2026-04-25 15:33:54.791507+00	2026-04-29 13:58:13.959177+00	0236daf8-9a8b-4689-84a5-c4ed1d103146
104336692269848124416	2fbe7423-78af-41b2-bb45-c68cf39c362d	{"iss": "https://accounts.google.com", "sub": "104336692269848124416", "name": "nancy bowles", "email": "nanbowles@gmail.com", "picture": "https://lh3.googleusercontent.com/a/ACg8ocKD4P3BUwYgMm5DbaTa9juV4OV1gjpLdr-vVML4H9JEhYZ3Ns94=s96-c", "full_name": "nancy bowles", "avatar_url": "https://lh3.googleusercontent.com/a/ACg8ocKD4P3BUwYgMm5DbaTa9juV4OV1gjpLdr-vVML4H9JEhYZ3Ns94=s96-c", "provider_id": "104336692269848124416", "email_verified": true, "phone_verified": false}	google	2026-03-23 11:49:08.848489+00	2026-03-23 11:49:08.848544+00	2026-04-30 06:51:36.768818+00	5fd953dd-db95-4504-ad49-ee4d2aacf0b7
000094.40fdaf1253dc45858ea910493c855a00.2258	6282299f-9707-45d6-bae7-009a6ab4b41b	{"iss": "https://appleid.apple.com", "sub": "000094.40fdaf1253dc45858ea910493c855a00.2258", "name": "John Apple", "email": "brf9522565@privaterelay.appleid.com", "full_name": "John Apple", "provider_id": "000094.40fdaf1253dc45858ea910493c855a00.2258", "custom_claims": {"auth_time": 1777330714, "is_private_email": true}, "email_verified": true, "phone_verified": false}	apple	2026-04-27 22:58:36.900008+00	2026-04-27 22:58:36.90006+00	2026-04-27 22:58:36.90006+00	e5e10d57-ae50-4b71-a167-ba572f615d1b
45e52db6-ffe3-4569-8682-c2bfdb56198c	45e52db6-ffe3-4569-8682-c2bfdb56198c	{"sub": "45e52db6-ffe3-4569-8682-c2bfdb56198c", "email": "jenni.iyoyo@gmail.com", "email_verified": true, "phone_verified": false}	email	2026-04-28 19:40:05.518063+00	2026-04-28 19:40:05.518111+00	2026-04-28 19:40:05.518111+00	dac2fe3b-a685-44e0-a534-75b0e34db079
b655b45c-14a3-4341-b48e-7928153b12cf	b655b45c-14a3-4341-b48e-7928153b12cf	{"sub": "b655b45c-14a3-4341-b48e-7928153b12cf", "email": "margot.delmotte@gmail.com", "email_verified": true, "phone_verified": false}	email	2026-04-30 10:43:59.581266+00	2026-04-30 10:43:59.581317+00	2026-04-30 10:43:59.581317+00	ab55fb16-6088-4014-8d43-4863b376c876
113433706716169910224	8d2ba1cb-0516-4199-9951-69bf0e155e22	{"iss": "https://accounts.google.com", "sub": "113433706716169910224", "name": "Eden Madrone", "email": "eden.madrone@gmail.com", "picture": "https://lh3.googleusercontent.com/a/ACg8ocKEBOq4Yi0ekrwcSyzL4iDuLGyOyjnsxLuJZWARAIPdsu-TVy8=s96-c", "full_name": "Eden Madrone", "avatar_url": "https://lh3.googleusercontent.com/a/ACg8ocKEBOq4Yi0ekrwcSyzL4iDuLGyOyjnsxLuJZWARAIPdsu-TVy8=s96-c", "provider_id": "113433706716169910224", "email_verified": true, "phone_verified": false}	google	2026-04-29 13:52:42.431723+00	2026-04-29 13:52:42.431771+00	2026-04-29 13:52:42.431771+00	fd3e1036-1e2e-4696-837c-0989863d5193
000391.dd1b7a0ba32d4896ac50fba36c980d69.1059	36a4b008-2b33-44b2-ba90-1bbc176fc478	{"iss": "https://appleid.apple.com", "sub": "000391.dd1b7a0ba32d4896ac50fba36c980d69.1059", "name": "William Delmotte", "email": "w.delmotte@gmail.com", "full_name": "William Delmotte", "provider_id": "000391.dd1b7a0ba32d4896ac50fba36c980d69.1059", "custom_claims": {"auth_time": 1777546786}, "email_verified": true, "phone_verified": false}	apple	2026-04-30 10:59:49.745585+00	2026-04-30 10:59:49.745635+00	2026-04-30 10:59:49.745635+00	6844c5d4-ca43-4791-9c26-bfd0833e0648
846a32f4-7e45-4d23-ac43-dc76ed30f9da	846a32f4-7e45-4d23-ac43-dc76ed30f9da	{"sub": "846a32f4-7e45-4d23-ac43-dc76ed30f9da", "email": "ellessmit21@gmail.com", "email_verified": false, "phone_verified": false}	email	2026-05-01 18:24:18.024514+00	2026-05-01 18:24:18.025703+00	2026-05-01 18:24:18.025703+00	1cc0ed8e-8011-493f-aa2b-7786a84dd5af
113520220751774079078	374e2e53-2a35-487d-8b18-84b89f8e2b7d	{"iss": "https://accounts.google.com", "sub": "113520220751774079078", "name": "George", "email": "jpp423@gmail.com", "picture": "https://lh3.googleusercontent.com/a/ACg8ocJ9XNYfUSn3_j28dFubq21T3pONp0i87PXeHiSxApcO9LH2J_DQIg=s96-c", "full_name": "George", "avatar_url": "https://lh3.googleusercontent.com/a/ACg8ocJ9XNYfUSn3_j28dFubq21T3pONp0i87PXeHiSxApcO9LH2J_DQIg=s96-c", "provider_id": "113520220751774079078", "email_verified": true, "phone_verified": false}	google	2026-05-02 08:10:15.15867+00	2026-05-02 08:10:15.158721+00	2026-05-02 08:10:15.158721+00	518222da-bfad-46c1-b0c0-540358e8cc7f
001383.c4a5e0d68b274272954e1df823455f1b.0704	f89c7df7-773a-48dc-ba9f-0e0d3821bb04	{"iss": "https://appleid.apple.com", "sub": "001383.c4a5e0d68b274272954e1df823455f1b.0704", "email": "p8mkw62djr@privaterelay.appleid.com", "provider_id": "001383.c4a5e0d68b274272954e1df823455f1b.0704", "custom_claims": {"auth_time": 1777746616, "is_private_email": true}, "email_verified": true, "phone_verified": false}	apple	2026-05-02 18:30:17.563534+00	2026-05-02 18:30:17.563613+00	2026-05-02 18:30:17.563613+00	5e87c1da-a1db-4322-abca-86878681968c
\.


--
-- Data for Name: instances; Type: TABLE DATA; Schema: auth; Owner: supabase_auth_admin
--

COPY "auth"."instances" ("id", "uuid", "raw_base_config", "created_at", "updated_at") FROM stdin;
\.


--
-- Data for Name: oauth_clients; Type: TABLE DATA; Schema: auth; Owner: supabase_auth_admin
--

COPY "auth"."oauth_clients" ("id", "client_secret_hash", "registration_type", "redirect_uris", "grant_types", "client_name", "client_uri", "logo_uri", "created_at", "updated_at", "deleted_at", "client_type", "token_endpoint_auth_method") FROM stdin;
\.


--
-- Data for Name: sessions; Type: TABLE DATA; Schema: auth; Owner: supabase_auth_admin
--

COPY "auth"."sessions" ("id", "user_id", "created_at", "updated_at", "factor_id", "aal", "not_after", "refreshed_at", "user_agent", "ip", "tag", "oauth_client_id", "refresh_token_hmac_key", "refresh_token_counter", "scopes") FROM stdin;
a7ebe699-94f9-49b6-8c6c-a54b7f422c65	8d2ba1cb-0516-4199-9951-69bf0e155e22	2026-04-29 13:52:42.447852+00	2026-04-29 13:52:42.447852+00	\N	aal1	\N	\N	Mozilla/5.0 (Linux; Android 10; K) AppleWebKit/537.36 (KHTML, like Gecko) SamsungBrowser/29.0 Chrome/136.0.0.0 Mobile Safari/537.36	86.90.105.186	\N	\N	\N	\N	\N
de6d50bc-cfe5-4d56-84e0-11cde690b06e	6758dad6-9136-4770-9f4d-d93ab88b9997	2026-04-22 01:22:57.181768+00	2026-04-22 01:22:57.181768+00	\N	aal1	\N	\N	Mozilla/5.0 (iPad; CPU OS 18_7 like Mac OS X) AppleWebKit/605.1.15 (KHTML, like Gecko) Version/26.4 Mobile/15E148 Safari/604.1	17.84.123.163	\N	\N	\N	\N	\N
3af02b2b-d0eb-49ab-ad1e-3dc16edc18f0	18303fa3-9471-492c-8250-6a13c0ef4426	2026-04-05 19:50:25.102668+00	2026-04-30 15:28:41.305976+00	\N	aal1	\N	2026-04-30 15:28:41.305866	okhttp/4.12.0	109.38.151.184	\N	\N	\N	\N	\N
3c006757-3401-4aad-9740-6d659d1fd186	a0466c75-e1ca-4787-b00d-eb85a2810c2d	2026-03-28 13:29:06.687912+00	2026-04-30 13:54:29.752609+00	\N	aal1	\N	2026-04-30 13:54:29.752489	Pallinky/13 CFNetwork/3860.500.112 Darwin/25.4.0	92.69.37.83	\N	\N	\N	\N	\N
828d170d-b634-4a93-bbde-e7a8f5ae7815	762614e5-d47e-45cf-9e7f-67270755729c	2026-04-21 12:03:50.815177+00	2026-04-21 12:03:50.815177+00	\N	aal1	\N	\N	Mozilla/5.0 (iPad; CPU OS 18_7 like Mac OS X) AppleWebKit/605.1.15 (KHTML, like Gecko) Version/26.4 Mobile/15E148 Safari/604.1	17.235.217.116	\N	\N	\N	\N	\N
7f07d9f3-448e-4f15-8ad5-e3cbad875e27	762614e5-d47e-45cf-9e7f-67270755729c	2026-04-21 12:06:10.263462+00	2026-04-21 12:06:10.263462+00	\N	aal1	\N	\N	Mozilla/5.0 (iPad; CPU OS 18_7 like Mac OS X) AppleWebKit/605.1.15 (KHTML, like Gecko) Version/26.4 Mobile/15E148 Safari/604.1	17.235.217.116	\N	\N	\N	\N	\N
2770e4b8-573b-46eb-9092-dd2e789d1dec	9fd35854-4474-4865-80a2-5cd7256180f6	2026-04-29 13:54:30.005463+00	2026-04-29 13:54:30.005463+00	\N	aal1	\N	\N	Mozilla/5.0 (Linux; Android 10; K) AppleWebKit/537.36 (KHTML, like Gecko) SamsungBrowser/29.0 Chrome/136.0.0.0 Mobile Safari/537.36	86.90.105.186	\N	\N	\N	\N	\N
3d256cc7-5673-4776-af84-d2e0b9ea2688	c20a9837-4d1b-4956-b9d1-e683738980f7	2026-03-26 13:24:56.911325+00	2026-03-26 13:24:56.911325+00	\N	aal1	\N	\N	Mozilla/5.0 (Macintosh; Intel Mac OS X 10.15; rv:148.0) Gecko/20100101 Firefox/148.0	188.90.33.233	\N	\N	\N	\N	\N
1fe321ea-ca7d-4268-b04b-ebc0b277d96c	c4f156ca-cf79-46e9-8566-db237f5f71fc	2026-04-29 13:58:13.97039+00	2026-04-29 13:58:13.97039+00	\N	aal1	\N	\N	Mozilla/5.0 (Linux; Android 10; K) AppleWebKit/537.36 (KHTML, like Gecko) SamsungBrowser/29.0 Chrome/136.0.0.0 Mobile Safari/537.36	86.90.105.186	\N	\N	\N	\N	\N
09319a43-46c0-43de-8e28-2c7b7c655061	2202a479-3764-463f-a442-54fce58cf0c4	2026-03-27 20:48:47.790987+00	2026-04-30 07:58:18.15672+00	\N	aal1	\N	2026-04-30 07:58:18.156605	Pallinky/13 CFNetwork/3860.400.51 Darwin/25.3.0	217.103.173.73	\N	\N	\N	\N	\N
cac28a56-3a21-4830-a7ef-0afb74ccf578	c20a9837-4d1b-4956-b9d1-e683738980f7	2026-04-02 13:09:37.786815+00	2026-04-02 13:09:37.786815+00	\N	aal1	\N	\N	Mozilla/5.0 (iPhone; CPU iPhone OS 18_7 like Mac OS X) AppleWebKit/605.1.15 (KHTML, like Gecko) Version/26.4 Mobile/15E148 Safari/604.1	188.90.33.233	\N	\N	\N	\N	\N
35022298-60f6-4ef7-91d3-70aa555ecb58	9fd35854-4474-4865-80a2-5cd7256180f6	2026-04-29 14:10:02.977432+00	2026-04-29 14:10:02.977432+00	\N	aal1	\N	\N	Mozilla/5.0 (Linux; Android 10; K) AppleWebKit/537.36 (KHTML, like Gecko) SamsungBrowser/29.0 Chrome/136.0.0.0 Mobile Safari/537.36	86.90.105.186	\N	\N	\N	\N	\N
9b7a62e7-4887-4d71-8c18-61b0629c29ab	07936771-2633-44cb-89d3-a5c094d78831	2026-03-28 13:28:23.84411+00	2026-03-28 13:28:23.84411+00	\N	aal1	\N	\N	Mozilla/5.0 (iPhone; CPU iPhone OS 18_7 like Mac OS X) AppleWebKit/605.1.15 (KHTML, like Gecko) Version/26.4 Mobile/15E148 Safari/604.1	77.62.37.112	\N	\N	\N	\N	\N
67f4889f-44be-4f6a-aad4-0f4739f928b8	75c514fa-44d6-4072-93dd-35f0f50c91cd	2026-04-02 21:00:46.784495+00	2026-04-02 21:00:46.784495+00	\N	aal1	\N	\N	Pallinky/10 CFNetwork/3826.600.41 Darwin/24.6.0	73.71.35.27	\N	\N	\N	\N	\N
0ec496e4-f80e-46e2-b963-05b642efecce	fb2f7155-55db-47ae-9c99-a5b23b7a40be	2026-03-27 06:57:19.031205+00	2026-03-27 06:57:19.031205+00	\N	aal1	\N	\N	Mozilla/5.0 (iPad; CPU OS 18_7 like Mac OS X) AppleWebKit/605.1.15 (KHTML, like Gecko) Version/26.4 Mobile/15E148 Safari/604.1	27.125.156.141	\N	\N	\N	\N	\N
fde76b31-f604-41d4-8d65-0dca0e7568db	6dbff2c5-ef7a-42f9-b65a-d405a1273608	2026-03-27 07:00:15.968985+00	2026-03-27 07:00:15.968985+00	\N	aal1	\N	\N	Mozilla/5.0 (iPhone; CPU iPhone OS 18_7 like Mac OS X) AppleWebKit/605.1.15 (KHTML, like Gecko) Version/26.4 Mobile/15E148 Safari/604.1	27.125.156.141	\N	\N	\N	\N	\N
76cbb01a-2a3f-44ec-9a90-c5ee2237e742	f676212a-53d1-4426-84fb-08b4061a9f17	2026-04-09 10:17:40.17285+00	2026-04-23 15:24:38.468277+00	\N	aal1	\N	2026-04-23 15:24:38.46817	okhttp/4.12.0	80.56.250.183	\N	\N	\N	\N	\N
e2d6ab98-23c6-4b09-ba86-f2650bcd8766	ff546bdc-4046-42d9-9eaa-abadefca7c81	2026-03-30 07:52:55.663426+00	2026-05-03 08:03:48.574438+00	\N	aal1	\N	2026-05-03 08:03:48.574321	Pallinky/33 CFNetwork/3860.400.51 Darwin/25.3.0	77.164.3.91	\N	\N	\N	\N	\N
33b8f580-10e5-4666-afcb-7cf84629441b	c4f156ca-cf79-46e9-8566-db237f5f71fc	2026-04-29 13:51:51.749342+00	2026-04-29 13:51:51.749342+00	\N	aal1	\N	\N	Mozilla/5.0 (Linux; Android 10; K) AppleWebKit/537.36 (KHTML, like Gecko) SamsungBrowser/29.0 Chrome/136.0.0.0 Mobile Safari/537.36	86.90.105.186	\N	\N	\N	\N	\N
3449c400-4246-4888-bb90-39ad0fc45214	c20a9837-4d1b-4956-b9d1-e683738980f7	2026-03-26 13:32:49.10411+00	2026-03-27 13:59:09.511457+00	\N	aal1	\N	2026-03-27 13:59:09.510094	okhttp/4.12.0	188.90.33.233	\N	\N	\N	\N	\N
3630e033-6127-4826-9a67-066344b8d1ad	c4f156ca-cf79-46e9-8566-db237f5f71fc	2026-04-29 13:52:17.732608+00	2026-04-29 13:52:17.732608+00	\N	aal1	\N	\N	Mozilla/5.0 (Linux; Android 10; K) AppleWebKit/537.36 (KHTML, like Gecko) SamsungBrowser/29.0 Chrome/136.0.0.0 Mobile Safari/537.36	86.90.105.186	\N	\N	\N	\N	\N
7bfc862c-1200-403d-bbc7-40595b7bbe4f	36a4b008-2b33-44b2-ba90-1bbc176fc478	2026-04-30 10:59:49.7668+00	2026-05-01 18:22:02.235932+00	\N	aal1	\N	2026-05-01 18:22:02.235823	Pallinky/33 CFNetwork/3860.400.51 Darwin/25.3.0	88.159.246.35	\N	\N	\N	\N	\N
02b53d03-4254-47c3-9d8d-94fe8051b5e9	2202a479-3764-463f-a442-54fce58cf0c4	2026-03-27 20:46:12.236699+00	2026-03-27 20:46:12.236699+00	\N	aal1	\N	\N	Mozilla/5.0 (iPhone; CPU iPhone OS 18_7 like Mac OS X) AppleWebKit/605.1.15 (KHTML, like Gecko) Version/26.3 Mobile/15E148 Safari/604.1	217.103.173.73	\N	\N	\N	\N	\N
fd985e60-cb75-450e-9e7c-984ef61d0be5	2b61ded0-78e5-4a65-8b64-83b7d14bc639	2026-04-05 19:44:59.325947+00	2026-04-14 13:08:56.343651+00	\N	aal1	\N	2026-04-14 13:08:56.343502	okhttp/4.12.0	47.229.69.34	\N	\N	\N	\N	\N
d90a7363-8aa7-45a9-a8ac-4f5fd5160146	a0466c75-e1ca-4787-b00d-eb85a2810c2d	2026-03-28 02:51:37.817629+00	2026-03-28 02:51:37.817629+00	\N	aal1	\N	\N	Mozilla/5.0 (iPhone; CPU iPhone OS 26_4_0 like Mac OS X) AppleWebKit/605.1.15 (KHTML, like Gecko) GSA/413.1.887139264 Mobile/15E148 Safari/604.1	178.226.174.207	\N	\N	\N	\N	\N
4409acdc-bfbd-412d-81b8-eee45d111361	2fbe7423-78af-41b2-bb45-c68cf39c362d	2026-04-29 17:38:51.243009+00	2026-04-30 06:50:05.034687+00	\N	aal1	\N	2026-04-30 06:50:05.03456	Pallinky/30 CFNetwork/3860.500.112 Darwin/25.4.0	86.90.105.186	\N	\N	\N	\N	\N
6128d8b5-573e-437d-8114-f9409ba27ce3	b655b45c-14a3-4341-b48e-7928153b12cf	2026-04-30 10:44:17.742843+00	2026-04-30 10:44:17.742843+00	\N	aal1	\N	\N	Pallinky/33 CFNetwork/3860.400.51 Darwin/25.3.0	77.250.106.186	\N	\N	\N	\N	\N
155efcc5-1a2c-4878-a493-27e185d47e6c	2fbe7423-78af-41b2-bb45-c68cf39c362d	2026-04-29 13:17:06.05471+00	2026-05-03 13:26:40.506856+00	\N	aal1	\N	2026-05-03 13:26:40.50674	Pallinky/1 CFNetwork/3860.500.112 Darwin/25.4.0	86.90.105.186	\N	\N	\N	\N	\N
7770c5f0-5902-4dd8-ba4c-728ef97137ef	2fbe7423-78af-41b2-bb45-c68cf39c362d	2026-04-30 06:51:36.795802+00	2026-05-03 12:02:55.925831+00	\N	aal1	\N	2026-05-03 12:02:55.925076	Pallinky/33 CFNetwork/3860.500.112 Darwin/25.4.0	86.90.105.186	\N	\N	\N	\N	\N
202fbf30-310b-4d11-8e50-0d3ae7df57a4	45e52db6-ffe3-4569-8682-c2bfdb56198c	2026-04-28 19:40:21.042256+00	2026-05-03 07:41:17.003533+00	\N	aal1	\N	2026-05-03 07:41:17.003418	Pallinky/33 CFNetwork/3860.400.51 Darwin/25.3.0	83.86.166.40	\N	\N	\N	\N	\N
9fe6880f-7414-45ac-80e1-474c054349ad	374e2e53-2a35-487d-8b18-84b89f8e2b7d	2026-05-02 08:10:15.179321+00	2026-05-02 17:12:03.579893+00	\N	aal1	\N	2026-05-02 17:12:03.579778	Pallinky/33 CFNetwork/3860.500.112 Darwin/25.4.0	84.24.111.226	\N	\N	\N	\N	\N
3b858266-46a4-48b9-9065-f6d027001583	f89c7df7-773a-48dc-ba9f-0e0d3821bb04	2026-05-02 18:30:17.583532+00	2026-05-02 18:30:17.583532+00	\N	aal1	\N	\N	Mozilla/5.0 (iPhone; CPU iPhone OS 18_7 like Mac OS X) AppleWebKit/605.1.15 (KHTML, like Gecko) Version/26.2 Mobile/15E148 Safari/604.1	84.29.17.110	\N	\N	\N	\N	\N
ddacb502-83ac-4f61-9369-c913e025a7ae	d27ec43b-3350-48a5-908f-88bc0ad0289d	2026-04-03 15:00:36.867213+00	2026-04-03 16:09:02.195389+00	\N	aal1	\N	2026-04-03 16:09:02.195283	Pallinky/10 CFNetwork/3860.400.51 Darwin/25.3.0	83.82.155.72	\N	\N	\N	\N	\N
1972e756-62fb-451e-a18f-bee0d42bba5f	0a4d2cbf-0bd0-44f5-8234-d6b65020b8f3	2026-04-03 16:45:20.591415+00	2026-04-03 16:45:20.591415+00	\N	aal1	\N	\N	Mozilla/5.0 (iPhone; CPU iPhone OS 18_7 like Mac OS X) AppleWebKit/605.1.15 (KHTML, like Gecko) Version/26.3 Mobile/15E148 Safari/604.1	47.6.82.198	\N	\N	\N	\N	\N
c2d8a618-9d2a-4113-b0d8-80458e38aa75	7fbd3d98-b51a-4290-b714-a3a4100fc4e3	2026-04-06 20:20:31.816243+00	2026-04-09 15:59:39.360738+00	\N	aal1	\N	2026-04-09 15:59:39.360626	okhttp/4.12.0	188.91.152.145	\N	\N	\N	\N	\N
82b09936-39e8-444c-983d-821869dea972	1ad8920e-216f-4ff7-9566-cc5caa3b2ed8	2026-04-12 07:30:43.37468+00	2026-04-13 16:09:10.237769+00	\N	aal1	\N	2026-04-13 16:09:10.23766	Pallinky/13 CFNetwork/3860.400.51 Darwin/25.3.0	143.244.42.108	\N	\N	\N	\N	\N
b66154e8-4aae-4963-b9eb-6b712fd10999	6282299f-9707-45d6-bae7-009a6ab4b41b	2026-04-27 22:58:36.921864+00	2026-04-27 22:58:36.921864+00	\N	aal1	\N	\N	Mozilla/5.0 (iPhone; CPU iPhone OS 18_7 like Mac OS X) AppleWebKit/605.1.15 (KHTML, like Gecko) Version/26.4 Mobile/15E148 Safari/604.1	17.11.61.155	\N	\N	\N	\N	\N
be4d5fbb-d9da-4db9-b2ab-a8effb3af882	3a2b1b25-fa60-47ef-9d5b-d87d3da010b4	2026-04-02 20:27:05.879787+00	2026-04-28 05:45:42.388696+00	\N	aal1	\N	2026-04-28 05:45:42.388588	Pallinky/13 CFNetwork/3860.400.51 Darwin/25.3.0	89.205.202.92	\N	\N	\N	\N	\N
\.


--
-- Data for Name: mfa_amr_claims; Type: TABLE DATA; Schema: auth; Owner: supabase_auth_admin
--

COPY "auth"."mfa_amr_claims" ("session_id", "created_at", "updated_at", "authentication_method", "id") FROM stdin;
6128d8b5-573e-437d-8114-f9409ba27ce3	2026-04-30 10:44:17.787068+00	2026-04-30 10:44:17.787068+00	otp	b3a3470d-2fc9-4eb3-835e-407651bf22f8
7bfc862c-1200-403d-bbc7-40595b7bbe4f	2026-04-30 10:59:49.80958+00	2026-04-30 10:59:49.80958+00	oauth	ace32e6d-129d-473d-bf84-0702c692a0bf
828d170d-b634-4a93-bbde-e7a8f5ae7815	2026-04-21 12:03:50.862386+00	2026-04-21 12:03:50.862386+00	oauth	28fd1796-d139-4671-b807-a7c72b352ef7
7f07d9f3-448e-4f15-8ad5-e3cbad875e27	2026-04-21 12:06:10.27114+00	2026-04-21 12:06:10.27114+00	oauth	6651fb0b-a481-47b9-bd7b-b00ea6024308
9fe6880f-7414-45ac-80e1-474c054349ad	2026-05-02 08:10:15.228155+00	2026-05-02 08:10:15.228155+00	oauth	abe24732-1c31-4c2f-b207-d182aee090ca
de6d50bc-cfe5-4d56-84e0-11cde690b06e	2026-04-22 01:22:57.197507+00	2026-04-22 01:22:57.197507+00	oauth	16dd7866-50bb-4208-a49b-bcfa551fbf52
3b858266-46a4-48b9-9065-f6d027001583	2026-05-02 18:30:17.6199+00	2026-05-02 18:30:17.6199+00	oauth	c3e24217-8115-4f6f-b5b3-c78adaa93ce6
3d256cc7-5673-4776-af84-d2e0b9ea2688	2026-03-26 13:24:56.950152+00	2026-03-26 13:24:56.950152+00	otp	d13dea09-78b8-4d79-b833-2472113d26d3
3449c400-4246-4888-bb90-39ad0fc45214	2026-03-26 13:32:49.15032+00	2026-03-26 13:32:49.15032+00	oauth	b5e506b2-d360-47c6-803d-8eab5912df20
0ec496e4-f80e-46e2-b963-05b642efecce	2026-03-27 06:57:19.076313+00	2026-03-27 06:57:19.076313+00	oauth	7c368d88-2628-401b-96d2-7433e19c408e
fde76b31-f604-41d4-8d65-0dca0e7568db	2026-03-27 07:00:15.991768+00	2026-03-27 07:00:15.991768+00	oauth	a6aff40d-facf-485d-930f-88ea5dd8e021
02b53d03-4254-47c3-9d8d-94fe8051b5e9	2026-03-27 20:46:12.282383+00	2026-03-27 20:46:12.282383+00	otp	1f14f579-f021-4bb5-b289-74b3400320e3
09319a43-46c0-43de-8e28-2c7b7c655061	2026-03-27 20:48:47.826985+00	2026-03-27 20:48:47.826985+00	otp	5d9f780b-b015-4163-b60f-dabfb90a4398
d90a7363-8aa7-45a9-a8ac-4f5fd5160146	2026-03-28 02:51:37.873461+00	2026-03-28 02:51:37.873461+00	otp	75ba3e11-f33a-4047-b4a9-bc4575ec6535
9b7a62e7-4887-4d71-8c18-61b0629c29ab	2026-03-28 13:28:23.865386+00	2026-03-28 13:28:23.865386+00	oauth	285d8a16-f3bb-4546-94cc-bb51a57f9289
3c006757-3401-4aad-9740-6d659d1fd186	2026-03-28 13:29:06.693421+00	2026-03-28 13:29:06.693421+00	otp	378a0229-b5c0-42fb-ac4a-f5af5a5927cb
e2d6ab98-23c6-4b09-ba86-f2650bcd8766	2026-03-30 07:52:55.701099+00	2026-03-30 07:52:55.701099+00	otp	de481862-5089-4d16-a8d8-73e0ade9e83b
cac28a56-3a21-4830-a7ef-0afb74ccf578	2026-04-02 13:09:37.821183+00	2026-04-02 13:09:37.821183+00	oauth	6c085440-c210-499b-a88d-30b1bd10c9e8
be4d5fbb-d9da-4db9-b2ab-a8effb3af882	2026-04-02 20:27:05.937013+00	2026-04-02 20:27:05.937013+00	otp	52203da6-b1e0-4f1e-83f5-dd1c201e5011
67f4889f-44be-4f6a-aad4-0f4739f928b8	2026-04-02 21:00:46.815686+00	2026-04-02 21:00:46.815686+00	otp	0b00b03f-83f8-4805-96e5-eee189f017e6
ddacb502-83ac-4f61-9369-c913e025a7ae	2026-04-03 15:00:36.898281+00	2026-04-03 15:00:36.898281+00	otp	ea5d31f0-19b1-42b6-874e-331e6f1f12ad
1972e756-62fb-451e-a18f-bee0d42bba5f	2026-04-03 16:45:20.621597+00	2026-04-03 16:45:20.621597+00	oauth	36619fed-b1f1-48ac-ae72-0c7d7bff841b
b66154e8-4aae-4963-b9eb-6b712fd10999	2026-04-27 22:58:36.967329+00	2026-04-27 22:58:36.967329+00	oauth	e80b1d5b-6dcb-40e5-8c38-ff243ab8d785
202fbf30-310b-4d11-8e50-0d3ae7df57a4	2026-04-28 19:40:21.090238+00	2026-04-28 19:40:21.090238+00	otp	62d56141-119e-44fe-8100-52ad6782fa63
fd985e60-cb75-450e-9e7c-984ef61d0be5	2026-04-05 19:44:59.37258+00	2026-04-05 19:44:59.37258+00	otp	785726df-a902-4451-9dc9-6181fe5c68fb
3af02b2b-d0eb-49ab-ad1e-3dc16edc18f0	2026-04-05 19:50:25.108289+00	2026-04-05 19:50:25.108289+00	otp	ab259c24-9e0f-40e0-b9bb-8c116c5fbcfc
c2d8a618-9d2a-4113-b0d8-80458e38aa75	2026-04-06 20:20:31.875531+00	2026-04-06 20:20:31.875531+00	oauth	5a6db28e-1cf1-4fc6-bc23-f16d69bd1085
76cbb01a-2a3f-44ec-9a90-c5ee2237e742	2026-04-09 10:17:40.210304+00	2026-04-09 10:17:40.210304+00	otp	223dcc36-e036-4b94-9d4c-253fa81a1367
82b09936-39e8-444c-983d-821869dea972	2026-04-12 07:30:43.415811+00	2026-04-12 07:30:43.415811+00	oauth	1e733c8b-eea3-4a35-8689-f5490b1b0d27
155efcc5-1a2c-4878-a493-27e185d47e6c	2026-04-29 13:17:06.094445+00	2026-04-29 13:17:06.094445+00	oauth	9ca0876b-af30-44da-a440-bd2e5a9dfe00
33b8f580-10e5-4666-afcb-7cf84629441b	2026-04-29 13:51:51.80295+00	2026-04-29 13:51:51.80295+00	oauth	d64a2362-a1e2-46ba-957f-82f659aa39bf
3630e033-6127-4826-9a67-066344b8d1ad	2026-04-29 13:52:17.734713+00	2026-04-29 13:52:17.734713+00	oauth	47d6f343-22c0-4607-914b-22cee4b33918
a7ebe699-94f9-49b6-8c6c-a54b7f422c65	2026-04-29 13:52:42.454154+00	2026-04-29 13:52:42.454154+00	oauth	eec16223-638d-4fb9-82c6-54e33c3e8cc7
2770e4b8-573b-46eb-9092-dd2e789d1dec	2026-04-29 13:54:30.033371+00	2026-04-29 13:54:30.033371+00	oauth	dfbc4908-ca33-412c-9629-8caf81caf52c
1fe321ea-ca7d-4268-b04b-ebc0b277d96c	2026-04-29 13:58:13.996766+00	2026-04-29 13:58:13.996766+00	oauth	a38d8330-8b3f-4128-b923-69d23cbe151d
35022298-60f6-4ef7-91d3-70aa555ecb58	2026-04-29 14:10:03.026139+00	2026-04-29 14:10:03.026139+00	oauth	1ac30376-1192-457c-8de0-f87ee341d36c
4409acdc-bfbd-412d-81b8-eee45d111361	2026-04-29 17:38:51.284247+00	2026-04-29 17:38:51.284247+00	oauth	2e04cd15-ce10-4641-96a7-2b2765423b76
7770c5f0-5902-4dd8-ba4c-728ef97137ef	2026-04-30 06:51:36.84086+00	2026-04-30 06:51:36.84086+00	oauth	3f6a5124-95d0-4998-826a-7e28e0755a2c
\.


--
-- Data for Name: mfa_factors; Type: TABLE DATA; Schema: auth; Owner: supabase_auth_admin
--

COPY "auth"."mfa_factors" ("id", "user_id", "friendly_name", "factor_type", "status", "created_at", "updated_at", "secret", "phone", "last_challenged_at", "web_authn_credential", "web_authn_aaguid", "last_webauthn_challenge_data") FROM stdin;
\.


--
-- Data for Name: mfa_challenges; Type: TABLE DATA; Schema: auth; Owner: supabase_auth_admin
--

COPY "auth"."mfa_challenges" ("id", "factor_id", "created_at", "verified_at", "ip_address", "otp_code", "web_authn_session_data") FROM stdin;
\.


--
-- Data for Name: oauth_authorizations; Type: TABLE DATA; Schema: auth; Owner: supabase_auth_admin
--

COPY "auth"."oauth_authorizations" ("id", "authorization_id", "client_id", "user_id", "redirect_uri", "scope", "state", "resource", "code_challenge", "code_challenge_method", "response_type", "status", "authorization_code", "created_at", "expires_at", "approved_at", "nonce") FROM stdin;
\.


--
-- Data for Name: oauth_client_states; Type: TABLE DATA; Schema: auth; Owner: supabase_auth_admin
--

COPY "auth"."oauth_client_states" ("id", "provider_type", "code_verifier", "created_at") FROM stdin;
\.


--
-- Data for Name: oauth_consents; Type: TABLE DATA; Schema: auth; Owner: supabase_auth_admin
--

COPY "auth"."oauth_consents" ("id", "user_id", "client_id", "scopes", "granted_at", "revoked_at") FROM stdin;
\.


--
-- Data for Name: one_time_tokens; Type: TABLE DATA; Schema: auth; Owner: supabase_auth_admin
--

COPY "auth"."one_time_tokens" ("id", "user_id", "token_type", "token_hash", "relates_to", "created_at", "updated_at") FROM stdin;
c6e5f4ea-a150-49db-b2bf-3cc3412af3b3	846a32f4-7e45-4d23-ac43-dc76ed30f9da	confirmation_token	4c9742c46072b36a100a53569188a73eb1088bd150d245e8c87522ab	ellessmit21@gmail.com	2026-05-01 18:24:19.677538	2026-05-01 18:24:19.677538
e5ca58ee-83bc-468d-9f99-229afc059361	2fbe7423-78af-41b2-bb45-c68cf39c362d	recovery_token	de0b93df601b557423536ad74c5795f8ebb4ef216c960df1b619d2e2	nanbowles@gmail.com	2026-03-26 23:28:32.948674	2026-03-26 23:28:32.948674
194c2cf6-eec0-4422-8f0f-3e6ba44fa906	367c205f-d654-4117-acae-b327f634ee87	confirmation_token	e93aa32fd97fcb3a3200ad4fa52a9af314917610eef6451146c0a455	test@pallinky.com	2026-04-04 15:43:51.624832	2026-04-04 15:43:51.624832
6cd78022-0584-4a59-8a34-3a225ac0894d	9fd35854-4474-4865-80a2-5cd7256180f6	recovery_token	77d375ae36c8636208d911ab5a20a904fde279480a98a7bdaaf4437a	retailnan@gmail.com	2026-04-29 13:54:22.270852	2026-04-29 13:54:22.270852
d0310b42-8326-4285-9428-830e3b792bc0	6c8e05ee-00d4-4ec8-82cd-ae708cc1cf16	confirmation_token	ff258f43cec743f17e59ed450f3e9191276a1b551dd1af0eb8496e54	crawlerrobo@gmail.com	2026-04-29 18:29:01.037081	2026-04-29 18:29:01.037081
\.


--
-- Data for Name: refresh_tokens; Type: TABLE DATA; Schema: auth; Owner: supabase_auth_admin
--

COPY "auth"."refresh_tokens" ("instance_id", "id", "token", "user_id", "revoked", "created_at", "updated_at", "parent", "session_id") FROM stdin;
00000000-0000-0000-0000-000000000000	613	fhxaq3jthglu	c20a9837-4d1b-4956-b9d1-e683738980f7	f	2026-03-26 13:24:56.927802+00	2026-03-26 13:24:56.927802+00	\N	3d256cc7-5673-4776-af84-d2e0b9ea2688
00000000-0000-0000-0000-000000000000	921	rvxdrixasa3f	f676212a-53d1-4426-84fb-08b4061a9f17	f	2026-04-23 15:24:38.435062+00	2026-04-23 15:24:38.435062+00	raqh2ecy3js6	76cbb01a-2a3f-44ec-9a90-c5ee2237e742
00000000-0000-0000-0000-000000000000	907	y6dxjkjgbjnq	18303fa3-9471-492c-8250-6a13c0ef4426	t	2026-04-21 14:58:35.403589+00	2026-04-28 08:51:17.281422+00	4ytyeof4pwuz	3af02b2b-d0eb-49ab-ad1e-3dc16edc18f0
00000000-0000-0000-0000-000000000000	691	q26vyg3paiqi	ff546bdc-4046-42d9-9eaa-abadefca7c81	t	2026-04-03 12:06:15.959348+00	2026-04-03 13:32:52.423734+00	wkorpdfomynq	e2d6ab98-23c6-4b09-ba86-f2650bcd8766
00000000-0000-0000-0000-000000000000	678	qmjg5pagenz3	a0466c75-e1ca-4787-b00d-eb85a2810c2d	t	2026-04-01 19:45:32.235478+00	2026-04-17 12:26:13.571454+00	ve6boe4kok7l	3c006757-3401-4aad-9740-6d659d1fd186
00000000-0000-0000-0000-000000000000	635	mbndam2lqtph	2202a479-3764-463f-a442-54fce58cf0c4	t	2026-03-27 23:05:48.402937+00	2026-03-28 10:43:05.447554+00	kewiln6lgway	09319a43-46c0-43de-8e28-2c7b7c655061
00000000-0000-0000-0000-000000000000	688	mz4h2spwsoux	3a2b1b25-fa60-47ef-9d5b-d87d3da010b4	t	2026-04-03 05:51:56.458441+00	2026-04-03 15:03:25.353648+00	gk7hny7xuhay	be4d5fbb-d9da-4db9-b2ab-a8effb3af882
00000000-0000-0000-0000-000000000000	643	6x6vtctggz4q	2202a479-3764-463f-a442-54fce58cf0c4	t	2026-03-28 10:43:05.470092+00	2026-03-28 11:47:09.443006+00	mbndam2lqtph	09319a43-46c0-43de-8e28-2c7b7c655061
00000000-0000-0000-0000-000000000000	625	wkmoxg2vtogk	6dbff2c5-ef7a-42f9-b65a-d405a1273608	f	2026-03-27 07:00:15.977621+00	2026-03-27 07:00:15.977621+00	\N	fde76b31-f604-41d4-8d65-0dca0e7568db
00000000-0000-0000-0000-000000000000	695	5cqkgzf3znmo	d27ec43b-3350-48a5-908f-88bc0ad0289d	t	2026-04-03 15:00:36.87903+00	2026-04-03 16:09:02.13386+00	\N	ddacb502-83ac-4f61-9369-c913e025a7ae
00000000-0000-0000-0000-000000000000	697	ej7etgvrm4bh	d27ec43b-3350-48a5-908f-88bc0ad0289d	f	2026-04-03 16:09:02.162458+00	2026-04-03 16:09:02.162458+00	5cqkgzf3znmo	ddacb502-83ac-4f61-9369-c913e025a7ae
00000000-0000-0000-0000-000000000000	1008	fvgf7xbgerqz	2202a479-3764-463f-a442-54fce58cf0c4	t	2026-04-28 07:54:42.021351+00	2026-04-28 20:08:50.289493+00	bonm7s5kihyj	09319a43-46c0-43de-8e28-2c7b7c655061
00000000-0000-0000-0000-000000000000	1017	pdyyo6myftdp	45e52db6-ffe3-4569-8682-c2bfdb56198c	t	2026-04-28 19:40:21.059864+00	2026-04-29 08:23:04.497592+00	\N	202fbf30-310b-4d11-8e50-0d3ae7df57a4
00000000-0000-0000-0000-000000000000	633	kewiln6lgway	2202a479-3764-463f-a442-54fce58cf0c4	t	2026-03-27 20:48:47.808058+00	2026-03-27 23:05:48.382906+00	\N	09319a43-46c0-43de-8e28-2c7b7c655061
00000000-0000-0000-0000-000000000000	729	4iabz2wkhmk6	2b61ded0-78e5-4a65-8b64-83b7d14bc639	t	2026-04-05 19:44:59.345192+00	2026-04-05 21:20:42.066323+00	\N	fd985e60-cb75-450e-9e7c-984ef61d0be5
00000000-0000-0000-0000-000000000000	1036	r2pbk2jl7ivz	c4f156ca-cf79-46e9-8566-db237f5f71fc	f	2026-04-29 13:58:13.97972+00	2026-04-29 13:58:13.97972+00	\N	1fe321ea-ca7d-4268-b04b-ebc0b277d96c
00000000-0000-0000-0000-000000000000	672	mjtgyzwdenid	2202a479-3764-463f-a442-54fce58cf0c4	t	2026-03-30 23:01:33.631935+00	2026-04-04 18:11:55.263435+00	dobuqb7glfan	09319a43-46c0-43de-8e28-2c7b7c655061
00000000-0000-0000-0000-000000000000	733	djldgbecvp6c	2b61ded0-78e5-4a65-8b64-83b7d14bc639	t	2026-04-05 21:20:42.082642+00	2026-04-06 04:49:31.973858+00	4iabz2wkhmk6	fd985e60-cb75-450e-9e7c-984ef61d0be5
00000000-0000-0000-0000-000000000000	763	j2sh5gqfvdxx	f676212a-53d1-4426-84fb-08b4061a9f17	t	2026-04-09 10:17:40.19395+00	2026-04-20 12:36:02.121515+00	\N	76cbb01a-2a3f-44ec-9a90-c5ee2237e742
00000000-0000-0000-0000-000000000000	1040	vy3d76qztrro	2fbe7423-78af-41b2-bb45-c68cf39c362d	t	2026-04-29 23:35:04.443516+00	2026-04-30 06:50:04.955155+00	megv6fmgy3ul	4409acdc-bfbd-412d-81b8-eee45d111361
00000000-0000-0000-0000-000000000000	645	ewelkbhyipom	2202a479-3764-463f-a442-54fce58cf0c4	t	2026-03-28 11:47:09.468927+00	2026-03-29 09:06:52.31045+00	6x6vtctggz4q	09319a43-46c0-43de-8e28-2c7b7c655061
00000000-0000-0000-0000-000000000000	693	tz3hpgvchsgh	ff546bdc-4046-42d9-9eaa-abadefca7c81	t	2026-04-03 13:32:52.436602+00	2026-04-06 12:08:05.610779+00	q26vyg3paiqi	e2d6ab98-23c6-4b09-ba86-f2650bcd8766
00000000-0000-0000-0000-000000000000	1030	j3esm636oq5d	45e52db6-ffe3-4569-8682-c2bfdb56198c	t	2026-04-29 13:04:38.009867+00	2026-04-30 07:24:56.766552+00	673ybeilg5u2	202fbf30-310b-4d11-8e50-0d3ae7df57a4
00000000-0000-0000-0000-000000000000	735	ieusnykq7omv	2b61ded0-78e5-4a65-8b64-83b7d14bc639	t	2026-04-06 04:49:31.998949+00	2026-04-06 13:09:56.498487+00	djldgbecvp6c	fd985e60-cb75-450e-9e7c-984ef61d0be5
00000000-0000-0000-0000-000000000000	891	lqepuu77xu4i	f676212a-53d1-4426-84fb-08b4061a9f17	t	2026-04-20 12:36:02.138432+00	2026-04-21 09:08:47.686533+00	j2sh5gqfvdxx	76cbb01a-2a3f-44ec-9a90-c5ee2237e742
00000000-0000-0000-0000-000000000000	1049	p75bjoyhuv73	2fbe7423-78af-41b2-bb45-c68cf39c362d	t	2026-04-30 08:01:14.273722+00	2026-04-30 11:29:13.657558+00	uam25bbt4d3o	7770c5f0-5902-4dd8-ba4c-728ef97137ef
00000000-0000-0000-0000-000000000000	699	k2fuga7ag2zi	3a2b1b25-fa60-47ef-9d5b-d87d3da010b4	t	2026-04-03 17:57:20.759282+00	2026-04-07 19:32:32.895801+00	xq5rikz54vvc	be4d5fbb-d9da-4db9-b2ab-a8effb3af882
00000000-0000-0000-0000-000000000000	664	mhjmm6dtwszi	2202a479-3764-463f-a442-54fce58cf0c4	t	2026-03-30 07:00:41.609607+00	2026-03-30 17:29:08.599353+00	yjqepen6fyip	09319a43-46c0-43de-8e28-2c7b7c655061
00000000-0000-0000-0000-000000000000	737	74dpjknosxcl	18303fa3-9471-492c-8250-6a13c0ef4426	t	2026-04-06 08:10:11.831431+00	2026-04-07 19:56:49.717062+00	il25egnujg2h	3af02b2b-d0eb-49ab-ad1e-3dc16edc18f0
00000000-0000-0000-0000-000000000000	911	h5aogcv5uhst	6758dad6-9136-4770-9f4d-d93ab88b9997	f	2026-04-22 01:22:57.187848+00	2026-04-22 01:22:57.187848+00	\N	de6d50bc-cfe5-4d56-84e0-11cde690b06e
00000000-0000-0000-0000-000000000000	903	ch5svifgl5jy	ff546bdc-4046-42d9-9eaa-abadefca7c81	t	2026-04-21 11:10:31.639385+00	2026-04-22 09:24:57.395044+00	i5gljm65dy4b	e2d6ab98-23c6-4b09-ba86-f2650bcd8766
00000000-0000-0000-0000-000000000000	741	gbgbe4w6v32n	7fbd3d98-b51a-4290-b714-a3a4100fc4e3	t	2026-04-06 20:20:31.841347+00	2026-04-08 11:56:50.929354+00	\N	c2d8a618-9d2a-4113-b0d8-80458e38aa75
00000000-0000-0000-0000-000000000000	674	ve6boe4kok7l	a0466c75-e1ca-4787-b00d-eb85a2810c2d	t	2026-03-31 16:52:21.897638+00	2026-04-01 19:45:32.20604+00	fy5xsqdbzcvh	3c006757-3401-4aad-9740-6d659d1fd186
00000000-0000-0000-0000-000000000000	1004	ulgyuvfucvix	6282299f-9707-45d6-bae7-009a6ab4b41b	f	2026-04-27 22:58:36.940433+00	2026-04-27 22:58:36.940433+00	\N	b66154e8-4aae-4963-b9eb-6b712fd10999
00000000-0000-0000-0000-000000000000	680	h53kwnku3c26	c20a9837-4d1b-4956-b9d1-e683738980f7	f	2026-04-02 13:09:37.799512+00	2026-04-02 13:09:37.799512+00	\N	cac28a56-3a21-4830-a7ef-0afb74ccf578
00000000-0000-0000-0000-000000000000	666	eoneomie7qyw	ff546bdc-4046-42d9-9eaa-abadefca7c81	t	2026-03-30 07:52:55.68182+00	2026-04-02 15:08:23.89791+00	\N	e2d6ab98-23c6-4b09-ba86-f2650bcd8766
00000000-0000-0000-0000-000000000000	1009	gbw2lpwegg5d	18303fa3-9471-492c-8250-6a13c0ef4426	t	2026-04-28 08:51:17.301377+00	2026-04-30 12:55:42.771135+00	y6dxjkjgbjnq	3af02b2b-d0eb-49ab-ad1e-3dc16edc18f0
00000000-0000-0000-0000-000000000000	743	cyr4t3xo6i2o	ff546bdc-4046-42d9-9eaa-abadefca7c81	t	2026-04-06 20:29:15.545295+00	2026-04-08 13:49:27.539836+00	7ihipu7355j2	e2d6ab98-23c6-4b09-ba86-f2650bcd8766
00000000-0000-0000-0000-000000000000	686	4gwjdcvbyrww	75c514fa-44d6-4072-93dd-35f0f50c91cd	f	2026-04-02 21:00:46.800255+00	2026-04-02 21:00:46.800255+00	\N	67f4889f-44be-4f6a-aad4-0f4739f928b8
00000000-0000-0000-0000-000000000000	684	gk7hny7xuhay	3a2b1b25-fa60-47ef-9d5b-d87d3da010b4	t	2026-04-02 20:27:05.908774+00	2026-04-03 05:51:56.445933+00	\N	be4d5fbb-d9da-4db9-b2ab-a8effb3af882
00000000-0000-0000-0000-000000000000	899	bonm7s5kihyj	2202a479-3764-463f-a442-54fce58cf0c4	t	2026-04-21 08:27:19.313864+00	2026-04-28 07:54:42.001915+00	6thta65gc63i	09319a43-46c0-43de-8e28-2c7b7c655061
00000000-0000-0000-0000-000000000000	1053	4eosxozliian	2fbe7423-78af-41b2-bb45-c68cf39c362d	t	2026-04-30 11:29:13.680096+00	2026-04-30 14:08:21.473889+00	p75bjoyhuv73	7770c5f0-5902-4dd8-ba4c-728ef97137ef
00000000-0000-0000-0000-000000000000	751	uwbul6zkmu3a	7fbd3d98-b51a-4290-b714-a3a4100fc4e3	t	2026-04-08 11:56:50.953554+00	2026-04-08 14:47:42.200513+00	gbgbe4w6v32n	c2d8a618-9d2a-4113-b0d8-80458e38aa75
00000000-0000-0000-0000-000000000000	755	5ylw7ax3zkb2	3a2b1b25-fa60-47ef-9d5b-d87d3da010b4	t	2026-04-08 16:44:28.605003+00	2026-04-08 18:33:45.40537+00	zvsr5enrhgsm	be4d5fbb-d9da-4db9-b2ab-a8effb3af882
00000000-0000-0000-0000-000000000000	1058	o7joqjyvpuqd	2fbe7423-78af-41b2-bb45-c68cf39c362d	t	2026-04-30 14:08:21.488457+00	2026-04-30 15:51:31.914598+00	4eosxozliian	7770c5f0-5902-4dd8-ba4c-728ef97137ef
00000000-0000-0000-0000-000000000000	757	w7eb4ha3fkwm	3a2b1b25-fa60-47ef-9d5b-d87d3da010b4	t	2026-04-08 20:21:00.409123+00	2026-04-08 23:54:44.670428+00	7725birlum7k	be4d5fbb-d9da-4db9-b2ab-a8effb3af882
00000000-0000-0000-0000-000000000000	759	u2bc7xfsmlsm	ff546bdc-4046-42d9-9eaa-abadefca7c81	t	2026-04-08 21:28:49.914061+00	2026-04-09 13:09:17.223857+00	nropkm2q64em	e2d6ab98-23c6-4b09-ba86-f2650bcd8766
00000000-0000-0000-0000-000000000000	747	ocqqyvxizl2m	18303fa3-9471-492c-8250-6a13c0ef4426	t	2026-04-07 19:56:49.730709+00	2026-04-09 14:17:18.957739+00	74dpjknosxcl	3af02b2b-d0eb-49ab-ad1e-3dc16edc18f0
00000000-0000-0000-0000-000000000000	770	kntolemx3b6e	3a2b1b25-fa60-47ef-9d5b-d87d3da010b4	t	2026-04-09 17:43:18.260193+00	2026-04-10 21:23:33.156506+00	p2olrp3sh4ms	be4d5fbb-d9da-4db9-b2ab-a8effb3af882
00000000-0000-0000-0000-000000000000	739	5uykndal3yu7	2b61ded0-78e5-4a65-8b64-83b7d14bc639	t	2026-04-06 13:09:56.51966+00	2026-04-13 13:38:04.179024+00	ieusnykq7omv	fd985e60-cb75-450e-9e7c-984ef61d0be5
00000000-0000-0000-0000-000000000000	765	mkvhtmvnm757	ff546bdc-4046-42d9-9eaa-abadefca7c81	t	2026-04-09 13:09:17.241524+00	2026-04-14 11:17:23.875674+00	u2bc7xfsmlsm	e2d6ab98-23c6-4b09-ba86-f2650bcd8766
00000000-0000-0000-0000-000000000000	681	wkorpdfomynq	ff546bdc-4046-42d9-9eaa-abadefca7c81	t	2026-04-02 15:08:23.913562+00	2026-04-03 12:06:15.948022+00	eoneomie7qyw	e2d6ab98-23c6-4b09-ba86-f2650bcd8766
00000000-0000-0000-0000-000000000000	900	raqh2ecy3js6	f676212a-53d1-4426-84fb-08b4061a9f17	t	2026-04-21 09:08:47.711401+00	2026-04-23 15:24:38.419466+00	lqepuu77xu4i	76cbb01a-2a3f-44ec-9a90-c5ee2237e742
00000000-0000-0000-0000-000000000000	1014	ot7nitpuagzj	ff546bdc-4046-42d9-9eaa-abadefca7c81	t	2026-04-28 14:03:52.968292+00	2026-04-28 16:47:39.716159+00	ax2w4ptxgfxq	e2d6ab98-23c6-4b09-ba86-f2650bcd8766
00000000-0000-0000-0000-000000000000	648	ut3i62rag7g6	07936771-2633-44cb-89d3-a5c094d78831	f	2026-03-28 13:28:23.855811+00	2026-03-28 13:28:23.855811+00	\N	9b7a62e7-4887-4d71-8c18-61b0629c29ab
00000000-0000-0000-0000-000000000000	698	dbod5e7teonq	0a4d2cbf-0bd0-44f5-8234-d6b65020b8f3	f	2026-04-03 16:45:20.607032+00	2026-04-03 16:45:20.607032+00	\N	1972e756-62fb-451e-a18f-bee0d42bba5f
00000000-0000-0000-0000-000000000000	649	yhabzb5kinwi	a0466c75-e1ca-4787-b00d-eb85a2810c2d	t	2026-03-28 13:29:06.688722+00	2026-03-28 15:19:22.973713+00	\N	3c006757-3401-4aad-9740-6d659d1fd186
00000000-0000-0000-0000-000000000000	696	xq5rikz54vvc	3a2b1b25-fa60-47ef-9d5b-d87d3da010b4	t	2026-04-03 15:03:25.356786+00	2026-04-03 17:57:20.735854+00	mz4h2spwsoux	be4d5fbb-d9da-4db9-b2ab-a8effb3af882
00000000-0000-0000-0000-000000000000	730	bnw4zumvtjnt	18303fa3-9471-492c-8250-6a13c0ef4426	t	2026-04-05 19:50:25.105641+00	2026-04-05 21:07:57.48718+00	\N	3af02b2b-d0eb-49ab-ad1e-3dc16edc18f0
00000000-0000-0000-0000-000000000000	1037	i2mjzakzx3rj	9fd35854-4474-4865-80a2-5cd7256180f6	f	2026-04-29 14:10:03.003795+00	2026-04-29 14:10:03.003795+00	\N	35022298-60f6-4ef7-91d3-70aa555ecb58
00000000-0000-0000-0000-000000000000	1041	xk6irgxxhjls	2fbe7423-78af-41b2-bb45-c68cf39c362d	f	2026-04-30 06:50:04.976417+00	2026-04-30 06:50:04.976417+00	vy3d76qztrro	4409acdc-bfbd-412d-81b8-eee45d111361
00000000-0000-0000-0000-000000000000	1023	lambgvraepur	ff546bdc-4046-42d9-9eaa-abadefca7c81	t	2026-04-29 08:54:50.189675+00	2026-04-30 06:59:07.445488+00	gmxbehgqzang	e2d6ab98-23c6-4b09-ba86-f2650bcd8766
00000000-0000-0000-0000-000000000000	732	il25egnujg2h	18303fa3-9471-492c-8250-6a13c0ef4426	t	2026-04-05 21:07:57.511486+00	2026-04-06 08:10:11.810046+00	bnw4zumvtjnt	3af02b2b-d0eb-49ab-ad1e-3dc16edc18f0
00000000-0000-0000-0000-000000000000	912	tgflq742bm2z	ff546bdc-4046-42d9-9eaa-abadefca7c81	t	2026-04-22 09:24:57.416526+00	2026-04-27 11:26:12.45568+00	ch5svifgl5jy	e2d6ab98-23c6-4b09-ba86-f2650bcd8766
00000000-0000-0000-0000-000000000000	659	yjqepen6fyip	2202a479-3764-463f-a442-54fce58cf0c4	t	2026-03-29 09:06:52.345129+00	2026-03-30 07:00:41.586864+00	ewelkbhyipom	09319a43-46c0-43de-8e28-2c7b7c655061
00000000-0000-0000-0000-000000000000	1005	ltq57atrwi2m	3a2b1b25-fa60-47ef-9d5b-d87d3da010b4	f	2026-04-28 05:45:42.357531+00	2026-04-28 05:45:42.357531+00	eretamg4bj2t	be4d5fbb-d9da-4db9-b2ab-a8effb3af882
00000000-0000-0000-0000-000000000000	1045	vl345etpwany	45e52db6-ffe3-4569-8682-c2bfdb56198c	t	2026-04-30 07:24:56.778007+00	2026-04-30 09:39:13.305269+00	j3esm636oq5d	202fbf30-310b-4d11-8e50-0d3ae7df57a4
00000000-0000-0000-0000-000000000000	624	536l45fujttz	fb2f7155-55db-47ae-9c99-a5b23b7a40be	f	2026-03-27 06:57:19.053058+00	2026-03-27 06:57:19.053058+00	\N	0ec496e4-f80e-46e2-b963-05b642efecce
00000000-0000-0000-0000-000000000000	712	6thta65gc63i	2202a479-3764-463f-a442-54fce58cf0c4	t	2026-04-04 18:11:55.286739+00	2026-04-21 08:27:19.294383+00	mjtgyzwdenid	09319a43-46c0-43de-8e28-2c7b7c655061
00000000-0000-0000-0000-000000000000	1031	yczlpgcluhgm	2fbe7423-78af-41b2-bb45-c68cf39c362d	t	2026-04-29 13:17:06.070208+00	2026-04-30 11:37:13.793446+00	\N	155efcc5-1a2c-4878-a493-27e185d47e6c
00000000-0000-0000-0000-000000000000	738	7ihipu7355j2	ff546bdc-4046-42d9-9eaa-abadefca7c81	t	2026-04-06 12:08:05.623382+00	2026-04-06 20:29:15.537966+00	tz3hpgvchsgh	e2d6ab98-23c6-4b09-ba86-f2650bcd8766
00000000-0000-0000-0000-000000000000	614	bnuu2gmtvamy	c20a9837-4d1b-4956-b9d1-e683738980f7	t	2026-03-26 13:32:49.127919+00	2026-03-27 13:59:09.44494+00	\N	3449c400-4246-4888-bb90-39ad0fc45214
00000000-0000-0000-0000-000000000000	630	mwz76zubc7os	c20a9837-4d1b-4956-b9d1-e683738980f7	f	2026-03-27 13:59:09.477696+00	2026-03-27 13:59:09.477696+00	bnuu2gmtvamy	3449c400-4246-4888-bb90-39ad0fc45214
00000000-0000-0000-0000-000000000000	632	faolkff3dxl7	2202a479-3764-463f-a442-54fce58cf0c4	f	2026-03-27 20:46:12.255753+00	2026-03-27 20:46:12.255753+00	\N	02b53d03-4254-47c3-9d8d-94fe8051b5e9
00000000-0000-0000-0000-000000000000	904	o6g554mwidrl	762614e5-d47e-45cf-9e7f-67270755729c	f	2026-04-21 12:03:50.841806+00	2026-04-21 12:03:50.841806+00	\N	828d170d-b634-4a93-bbde-e7a8f5ae7815
00000000-0000-0000-0000-000000000000	636	bgyxb5vbmxws	a0466c75-e1ca-4787-b00d-eb85a2810c2d	f	2026-03-28 02:51:37.845248+00	2026-03-28 02:51:37.845248+00	\N	d90a7363-8aa7-45a9-a8ac-4f5fd5160146
00000000-0000-0000-0000-000000000000	766	4ytyeof4pwuz	18303fa3-9471-492c-8250-6a13c0ef4426	t	2026-04-09 14:17:18.977421+00	2026-04-21 14:58:35.38818+00	ocqqyvxizl2m	3af02b2b-d0eb-49ab-ad1e-3dc16edc18f0
00000000-0000-0000-0000-000000000000	1050	h75uvx5urieh	45e52db6-ffe3-4569-8682-c2bfdb56198c	t	2026-04-30 09:39:13.326484+00	2026-04-30 13:54:24.384119+00	vl345etpwany	202fbf30-310b-4d11-8e50-0d3ae7df57a4
00000000-0000-0000-0000-000000000000	746	7g73o3dksp3t	3a2b1b25-fa60-47ef-9d5b-d87d3da010b4	t	2026-04-07 19:32:32.923379+00	2026-04-07 21:18:21.92191+00	k2fuga7ag2zi	be4d5fbb-d9da-4db9-b2ab-a8effb3af882
00000000-0000-0000-0000-000000000000	1059	yj4m23e6rx2r	18303fa3-9471-492c-8250-6a13c0ef4426	f	2026-04-30 15:28:41.279507+00	2026-04-30 15:28:41.279507+00	3xxlkeae262o	3af02b2b-d0eb-49ab-ad1e-3dc16edc18f0
00000000-0000-0000-0000-000000000000	748	m7uawbsza5nz	3a2b1b25-fa60-47ef-9d5b-d87d3da010b4	t	2026-04-07 21:18:21.944693+00	2026-04-08 05:00:48.589449+00	7g73o3dksp3t	be4d5fbb-d9da-4db9-b2ab-a8effb3af882
00000000-0000-0000-0000-000000000000	671	dobuqb7glfan	2202a479-3764-463f-a442-54fce58cf0c4	t	2026-03-30 17:29:08.628529+00	2026-03-30 23:01:33.606855+00	mhjmm6dtwszi	09319a43-46c0-43de-8e28-2c7b7c655061
00000000-0000-0000-0000-000000000000	651	fy5xsqdbzcvh	a0466c75-e1ca-4787-b00d-eb85a2810c2d	t	2026-03-28 15:19:22.99941+00	2026-03-31 16:52:21.871181+00	yhabzb5kinwi	3c006757-3401-4aad-9740-6d659d1fd186
00000000-0000-0000-0000-000000000000	1062	aghzlxyi5xbv	2fbe7423-78af-41b2-bb45-c68cf39c362d	t	2026-04-30 20:02:13.367565+00	2026-05-01 13:46:22.182108+00	zkdwitxjlphz	7770c5f0-5902-4dd8-ba4c-728ef97137ef
00000000-0000-0000-0000-000000000000	750	zvsr5enrhgsm	3a2b1b25-fa60-47ef-9d5b-d87d3da010b4	t	2026-04-08 05:00:48.612884+00	2026-04-08 16:44:28.586149+00	m7uawbsza5nz	be4d5fbb-d9da-4db9-b2ab-a8effb3af882
00000000-0000-0000-0000-000000000000	756	7725birlum7k	3a2b1b25-fa60-47ef-9d5b-d87d3da010b4	t	2026-04-08 18:33:45.423465+00	2026-04-08 20:21:00.387997+00	5ylw7ax3zkb2	be4d5fbb-d9da-4db9-b2ab-a8effb3af882
00000000-0000-0000-0000-000000000000	1068	z7rjhbwzbsth	2fbe7423-78af-41b2-bb45-c68cf39c362d	t	2026-05-01 13:46:22.190843+00	2026-05-01 16:26:16.355085+00	aghzlxyi5xbv	7770c5f0-5902-4dd8-ba4c-728ef97137ef
00000000-0000-0000-0000-000000000000	752	nropkm2q64em	ff546bdc-4046-42d9-9eaa-abadefca7c81	t	2026-04-08 13:49:27.561021+00	2026-04-08 21:28:49.8917+00	cyr4t3xo6i2o	e2d6ab98-23c6-4b09-ba86-f2650bcd8766
00000000-0000-0000-0000-000000000000	1065	3jtb3wi4gnpq	36a4b008-2b33-44b2-ba90-1bbc176fc478	t	2026-05-01 12:06:42.896757+00	2026-05-01 18:22:02.199299+00	4ensth2fp5ga	7bfc862c-1200-403d-bbc7-40595b7bbe4f
00000000-0000-0000-0000-000000000000	1071	4dtgi2ippxfw	36a4b008-2b33-44b2-ba90-1bbc176fc478	f	2026-05-01 18:22:02.215625+00	2026-05-01 18:22:02.215625+00	3jtb3wi4gnpq	7bfc862c-1200-403d-bbc7-40595b7bbe4f
00000000-0000-0000-0000-000000000000	760	qmmmpvsw2bj3	3a2b1b25-fa60-47ef-9d5b-d87d3da010b4	t	2026-04-08 23:54:44.693086+00	2026-04-09 05:19:46.60883+00	w7eb4ha3fkwm	be4d5fbb-d9da-4db9-b2ab-a8effb3af882
00000000-0000-0000-0000-000000000000	1074	ksivxx6stn7l	ff546bdc-4046-42d9-9eaa-abadefca7c81	f	2026-05-02 08:32:38.102975+00	2026-05-02 08:32:38.102975+00	tagwxho6t7ec	e2d6ab98-23c6-4b09-ba86-f2650bcd8766
00000000-0000-0000-0000-000000000000	1077	hytcme5ob4ow	45e52db6-ffe3-4569-8682-c2bfdb56198c	f	2026-05-02 15:01:19.787457+00	2026-05-02 15:01:19.787457+00	qd2ifuuptfei	202fbf30-310b-4d11-8e50-0d3ae7df57a4
00000000-0000-0000-0000-000000000000	1080	o6wqcznqagnl	2fbe7423-78af-41b2-bb45-c68cf39c362d	t	2026-05-02 18:33:30.382821+00	2026-05-02 19:34:56.111153+00	n5puddjao3e2	7770c5f0-5902-4dd8-ba4c-728ef97137ef
00000000-0000-0000-0000-000000000000	754	rb5fjhg3qhxu	7fbd3d98-b51a-4290-b714-a3a4100fc4e3	t	2026-04-08 14:47:42.219407+00	2026-04-09 15:59:39.304731+00	uwbul6zkmu3a	c2d8a618-9d2a-4113-b0d8-80458e38aa75
00000000-0000-0000-0000-000000000000	769	n3wdr7e3vh5e	7fbd3d98-b51a-4290-b714-a3a4100fc4e3	f	2026-04-09 15:59:39.330278+00	2026-04-09 15:59:39.330278+00	rb5fjhg3qhxu	c2d8a618-9d2a-4113-b0d8-80458e38aa75
00000000-0000-0000-0000-000000000000	762	p2olrp3sh4ms	3a2b1b25-fa60-47ef-9d5b-d87d3da010b4	t	2026-04-09 05:19:46.629253+00	2026-04-09 17:43:18.237625+00	qmmmpvsw2bj3	be4d5fbb-d9da-4db9-b2ab-a8effb3af882
00000000-0000-0000-0000-000000000000	1054	m3wqzfs7cn6k	2fbe7423-78af-41b2-bb45-c68cf39c362d	t	2026-04-30 11:37:13.808486+00	2026-05-03 11:30:35.455883+00	yczlpgcluhgm	155efcc5-1a2c-4878-a493-27e185d47e6c
00000000-0000-0000-0000-000000000000	1083	wiqcc3rzpt2n	2fbe7423-78af-41b2-bb45-c68cf39c362d	t	2026-05-03 10:55:21.299114+00	2026-05-03 12:02:55.883363+00	j4hbqf3zzetz	7770c5f0-5902-4dd8-ba4c-728ef97137ef
00000000-0000-0000-0000-000000000000	774	fx4mlfie6ne7	3a2b1b25-fa60-47ef-9d5b-d87d3da010b4	t	2026-04-10 21:23:33.174459+00	2026-04-11 08:34:57.629134+00	kntolemx3b6e	be4d5fbb-d9da-4db9-b2ab-a8effb3af882
00000000-0000-0000-0000-000000000000	776	f3gckj27ifl5	1ad8920e-216f-4ff7-9566-cc5caa3b2ed8	t	2026-04-12 07:30:43.393524+00	2026-04-13 16:09:10.190655+00	\N	82b09936-39e8-444c-983d-821869dea972
00000000-0000-0000-0000-000000000000	775	y33kxk7y2frz	3a2b1b25-fa60-47ef-9d5b-d87d3da010b4	t	2026-04-11 08:34:57.644347+00	2026-04-14 17:05:19.083797+00	fx4mlfie6ne7	be4d5fbb-d9da-4db9-b2ab-a8effb3af882
00000000-0000-0000-0000-000000000000	782	7jhqkyk7u567	1ad8920e-216f-4ff7-9566-cc5caa3b2ed8	f	2026-04-13 16:09:10.205222+00	2026-04-13 16:09:10.205222+00	f3gckj27ifl5	82b09936-39e8-444c-983d-821869dea972
00000000-0000-0000-0000-000000000000	802	vgtz4ojynqll	3a2b1b25-fa60-47ef-9d5b-d87d3da010b4	t	2026-04-14 17:05:19.094597+00	2026-04-19 12:37:57.641563+00	y33kxk7y2frz	be4d5fbb-d9da-4db9-b2ab-a8effb3af882
00000000-0000-0000-0000-000000000000	1002	jvwjgauy57kr	ff546bdc-4046-42d9-9eaa-abadefca7c81	t	2026-04-27 11:26:12.475982+00	2026-04-28 11:08:32.49805+00	tgflq742bm2z	e2d6ab98-23c6-4b09-ba86-f2650bcd8766
00000000-0000-0000-0000-000000000000	1028	673ybeilg5u2	45e52db6-ffe3-4569-8682-c2bfdb56198c	t	2026-04-29 11:55:42.490727+00	2026-04-29 13:04:37.928727+00	dpxsaj3wippp	202fbf30-310b-4d11-8e50-0d3ae7df57a4
00000000-0000-0000-0000-000000000000	1032	vukq5uvzhzkn	c4f156ca-cf79-46e9-8566-db237f5f71fc	f	2026-04-29 13:51:51.775629+00	2026-04-29 13:51:51.775629+00	\N	33b8f580-10e5-4666-afcb-7cf84629441b
00000000-0000-0000-0000-000000000000	1033	g6k27xlefx3l	c4f156ca-cf79-46e9-8566-db237f5f71fc	f	2026-04-29 13:52:17.733439+00	2026-04-29 13:52:17.733439+00	\N	3630e033-6127-4826-9a67-066344b8d1ad
00000000-0000-0000-0000-000000000000	1034	su2gnfw27osj	8d2ba1cb-0516-4199-9951-69bf0e155e22	f	2026-04-29 13:52:42.449625+00	2026-04-29 13:52:42.449625+00	\N	a7ebe699-94f9-49b6-8c6c-a54b7f422c65
00000000-0000-0000-0000-000000000000	1038	l7cfn7t4hyhg	2fbe7423-78af-41b2-bb45-c68cf39c362d	t	2026-04-29 17:38:51.266086+00	2026-04-29 21:37:37.45324+00	\N	4409acdc-bfbd-412d-81b8-eee45d111361
00000000-0000-0000-0000-000000000000	781	srqsxnlfyn7e	2b61ded0-78e5-4a65-8b64-83b7d14bc639	t	2026-04-13 13:38:04.19966+00	2026-04-14 13:08:56.321829+00	5uykndal3yu7	fd985e60-cb75-450e-9e7c-984ef61d0be5
00000000-0000-0000-0000-000000000000	793	ene2m2qle6ry	2b61ded0-78e5-4a65-8b64-83b7d14bc639	f	2026-04-14 13:08:56.32752+00	2026-04-14 13:08:56.32752+00	srqsxnlfyn7e	fd985e60-cb75-450e-9e7c-984ef61d0be5
00000000-0000-0000-0000-000000000000	901	i5gljm65dy4b	ff546bdc-4046-42d9-9eaa-abadefca7c81	t	2026-04-21 09:58:25.481888+00	2026-04-21 11:10:31.616208+00	yatgiabhuai3	e2d6ab98-23c6-4b09-ba86-f2650bcd8766
00000000-0000-0000-0000-000000000000	905	ba5csamcrw2q	762614e5-d47e-45cf-9e7f-67270755729c	f	2026-04-21 12:06:10.266026+00	2026-04-21 12:06:10.266026+00	\N	7f07d9f3-448e-4f15-8ad5-e3cbad875e27
00000000-0000-0000-0000-000000000000	1020	6pl75sf2yhdt	2202a479-3764-463f-a442-54fce58cf0c4	t	2026-04-28 20:08:50.307504+00	2026-04-30 07:58:18.137774+00	fvgf7xbgerqz	09319a43-46c0-43de-8e28-2c7b7c655061
00000000-0000-0000-0000-000000000000	1042	uam25bbt4d3o	2fbe7423-78af-41b2-bb45-c68cf39c362d	t	2026-04-30 06:51:36.815192+00	2026-04-30 08:01:14.267454+00	\N	7770c5f0-5902-4dd8-ba4c-728ef97137ef
00000000-0000-0000-0000-000000000000	1051	ncrsgaibecnq	b655b45c-14a3-4341-b48e-7928153b12cf	f	2026-04-30 10:44:17.760725+00	2026-04-30 10:44:17.760725+00	\N	6128d8b5-573e-437d-8114-f9409ba27ce3
00000000-0000-0000-0000-000000000000	1047	fkwgwpj4k37q	a0466c75-e1ca-4787-b00d-eb85a2810c2d	t	2026-04-30 07:50:47.196231+00	2026-04-30 13:54:29.743092+00	zucgocjpdkn4	3c006757-3401-4aad-9740-6d659d1fd186
00000000-0000-0000-0000-000000000000	1055	3xxlkeae262o	18303fa3-9471-492c-8250-6a13c0ef4426	t	2026-04-30 12:55:42.792955+00	2026-04-30 15:28:41.255729+00	gbw2lpwegg5d	3af02b2b-d0eb-49ab-ad1e-3dc16edc18f0
00000000-0000-0000-0000-000000000000	1060	zkdwitxjlphz	2fbe7423-78af-41b2-bb45-c68cf39c362d	t	2026-04-30 15:51:31.974145+00	2026-04-30 20:02:13.343099+00	o7joqjyvpuqd	7770c5f0-5902-4dd8-ba4c-728ef97137ef
00000000-0000-0000-0000-000000000000	1063	4ensth2fp5ga	36a4b008-2b33-44b2-ba90-1bbc176fc478	t	2026-04-30 20:22:45.602293+00	2026-05-01 12:06:42.872718+00	hhbr4yg6sgc2	7bfc862c-1200-403d-bbc7-40595b7bbe4f
00000000-0000-0000-0000-000000000000	1069	zbs2zbdyhigy	2fbe7423-78af-41b2-bb45-c68cf39c362d	t	2026-05-01 16:26:16.382943+00	2026-05-02 08:26:54.006762+00	z7rjhbwzbsth	7770c5f0-5902-4dd8-ba4c-728ef97137ef
00000000-0000-0000-0000-000000000000	1072	yf6v4ahjt5ic	374e2e53-2a35-487d-8b18-84b89f8e2b7d	t	2026-05-02 08:10:15.203308+00	2026-05-02 09:25:56.99329+00	\N	9fe6880f-7414-45ac-80e1-474c054349ad
00000000-0000-0000-0000-000000000000	788	y7hrlunbkjsp	ff546bdc-4046-42d9-9eaa-abadefca7c81	t	2026-04-14 11:17:23.892595+00	2026-04-14 17:51:44.586362+00	mkvhtmvnm757	e2d6ab98-23c6-4b09-ba86-f2650bcd8766
00000000-0000-0000-0000-000000000000	1066	qd2ifuuptfei	45e52db6-ffe3-4569-8682-c2bfdb56198c	t	2026-05-01 13:34:56.362448+00	2026-05-02 15:01:19.760965+00	ryahne6ejxxj	202fbf30-310b-4d11-8e50-0d3ae7df57a4
00000000-0000-0000-0000-000000000000	1075	qkwbayaenvta	374e2e53-2a35-487d-8b18-84b89f8e2b7d	t	2026-05-02 09:25:57.020925+00	2026-05-02 17:12:03.527141+00	yf6v4ahjt5ic	9fe6880f-7414-45ac-80e1-474c054349ad
00000000-0000-0000-0000-000000000000	1078	jltolv6mdyqn	374e2e53-2a35-487d-8b18-84b89f8e2b7d	f	2026-05-02 17:12:03.550053+00	2026-05-02 17:12:03.550053+00	qkwbayaenvta	9fe6880f-7414-45ac-80e1-474c054349ad
00000000-0000-0000-0000-000000000000	1081	r5uiulgq2tbm	2fbe7423-78af-41b2-bb45-c68cf39c362d	t	2026-05-02 19:34:56.134736+00	2026-05-03 08:30:46.906595+00	o6wqcznqagnl	7770c5f0-5902-4dd8-ba4c-728ef97137ef
00000000-0000-0000-0000-000000000000	1084	cjeixxfqddl4	2fbe7423-78af-41b2-bb45-c68cf39c362d	t	2026-05-03 11:30:35.478075+00	2026-05-03 12:28:40.03619+00	m3wqzfs7cn6k	155efcc5-1a2c-4878-a493-27e185d47e6c
00000000-0000-0000-0000-000000000000	1086	2tfq65pqqdfs	2fbe7423-78af-41b2-bb45-c68cf39c362d	t	2026-05-03 12:28:40.049392+00	2026-05-03 13:26:40.460784+00	cjeixxfqddl4	155efcc5-1a2c-4878-a493-27e185d47e6c
00000000-0000-0000-0000-000000000000	804	hobyy7rdtl74	ff546bdc-4046-42d9-9eaa-abadefca7c81	t	2026-04-14 17:51:44.59566+00	2026-04-15 09:23:27.034932+00	y7hrlunbkjsp	e2d6ab98-23c6-4b09-ba86-f2650bcd8766
00000000-0000-0000-0000-000000000000	822	y6mkuhgva2q7	ff546bdc-4046-42d9-9eaa-abadefca7c81	t	2026-04-15 09:23:27.042119+00	2026-04-16 18:26:15.878351+00	hobyy7rdtl74	e2d6ab98-23c6-4b09-ba86-f2650bcd8766
00000000-0000-0000-0000-000000000000	1012	ax2w4ptxgfxq	ff546bdc-4046-42d9-9eaa-abadefca7c81	t	2026-04-28 11:08:32.555275+00	2026-04-28 14:03:52.956177+00	jvwjgauy57kr	e2d6ab98-23c6-4b09-ba86-f2650bcd8766
00000000-0000-0000-0000-000000000000	1016	gmxbehgqzang	ff546bdc-4046-42d9-9eaa-abadefca7c81	t	2026-04-28 16:47:39.737738+00	2026-04-29 08:54:50.166173+00	ot7nitpuagzj	e2d6ab98-23c6-4b09-ba86-f2650bcd8766
00000000-0000-0000-0000-000000000000	1021	dpxsaj3wippp	45e52db6-ffe3-4569-8682-c2bfdb56198c	t	2026-04-29 08:23:04.523507+00	2026-04-29 11:55:42.478712+00	pdyyo6myftdp	202fbf30-310b-4d11-8e50-0d3ae7df57a4
00000000-0000-0000-0000-000000000000	1035	bssupnvusr5l	9fd35854-4474-4865-80a2-5cd7256180f6	f	2026-04-29 13:54:30.01575+00	2026-04-29 13:54:30.01575+00	\N	2770e4b8-573b-46eb-9092-dd2e789d1dec
00000000-0000-0000-0000-000000000000	1039	megv6fmgy3ul	2fbe7423-78af-41b2-bb45-c68cf39c362d	t	2026-04-29 21:37:37.475376+00	2026-04-29 23:35:04.420396+00	l7cfn7t4hyhg	4409acdc-bfbd-412d-81b8-eee45d111361
00000000-0000-0000-0000-000000000000	837	gecjtmj7iglf	ff546bdc-4046-42d9-9eaa-abadefca7c81	t	2026-04-16 18:26:15.896651+00	2026-04-21 07:05:09.347484+00	y6mkuhgva2q7	e2d6ab98-23c6-4b09-ba86-f2650bcd8766
00000000-0000-0000-0000-000000000000	1007	zucgocjpdkn4	a0466c75-e1ca-4787-b00d-eb85a2810c2d	t	2026-04-28 07:40:17.851286+00	2026-04-30 07:50:47.16968+00	rzvgcgeuqhzt	3c006757-3401-4aad-9740-6d659d1fd186
00000000-0000-0000-0000-000000000000	898	yatgiabhuai3	ff546bdc-4046-42d9-9eaa-abadefca7c81	t	2026-04-21 07:05:09.360112+00	2026-04-21 09:58:25.468914+00	gecjtmj7iglf	e2d6ab98-23c6-4b09-ba86-f2650bcd8766
00000000-0000-0000-0000-000000000000	1048	r2cmo6ikcotw	2202a479-3764-463f-a442-54fce58cf0c4	f	2026-04-30 07:58:18.143141+00	2026-04-30 07:58:18.143141+00	6pl75sf2yhdt	09319a43-46c0-43de-8e28-2c7b7c655061
00000000-0000-0000-0000-000000000000	871	b33ogcclxsh4	3a2b1b25-fa60-47ef-9d5b-d87d3da010b4	t	2026-04-19 12:37:57.652378+00	2026-04-27 19:07:09.462483+00	vgtz4ojynqll	be4d5fbb-d9da-4db9-b2ab-a8effb3af882
00000000-0000-0000-0000-000000000000	1003	eretamg4bj2t	3a2b1b25-fa60-47ef-9d5b-d87d3da010b4	t	2026-04-27 19:07:09.48334+00	2026-04-28 05:45:42.336241+00	b33ogcclxsh4	be4d5fbb-d9da-4db9-b2ab-a8effb3af882
00000000-0000-0000-0000-000000000000	838	rzvgcgeuqhzt	a0466c75-e1ca-4787-b00d-eb85a2810c2d	t	2026-04-17 12:26:13.595176+00	2026-04-28 07:40:17.836249+00	qmjg5pagenz3	3c006757-3401-4aad-9740-6d659d1fd186
00000000-0000-0000-0000-000000000000	1057	wu3ky5eqmlrj	a0466c75-e1ca-4787-b00d-eb85a2810c2d	f	2026-04-30 13:54:29.744802+00	2026-04-30 13:54:29.744802+00	fkwgwpj4k37q	3c006757-3401-4aad-9740-6d659d1fd186
00000000-0000-0000-0000-000000000000	1056	abdmm4d57inm	45e52db6-ffe3-4569-8682-c2bfdb56198c	t	2026-04-30 13:54:24.407131+00	2026-04-30 16:04:53.975232+00	h75uvx5urieh	202fbf30-310b-4d11-8e50-0d3ae7df57a4
00000000-0000-0000-0000-000000000000	1052	hhbr4yg6sgc2	36a4b008-2b33-44b2-ba90-1bbc176fc478	t	2026-04-30 10:59:49.783329+00	2026-04-30 20:22:45.590282+00	\N	7bfc862c-1200-403d-bbc7-40595b7bbe4f
00000000-0000-0000-0000-000000000000	1061	72b5sgzvgn4r	45e52db6-ffe3-4569-8682-c2bfdb56198c	t	2026-04-30 16:04:54.002446+00	2026-05-01 07:57:54.237595+00	abdmm4d57inm	202fbf30-310b-4d11-8e50-0d3ae7df57a4
00000000-0000-0000-0000-000000000000	1064	ryahne6ejxxj	45e52db6-ffe3-4569-8682-c2bfdb56198c	t	2026-05-01 07:57:54.261755+00	2026-05-01 13:34:56.332873+00	72b5sgzvgn4r	202fbf30-310b-4d11-8e50-0d3ae7df57a4
00000000-0000-0000-0000-000000000000	1043	7rubygde67yj	ff546bdc-4046-42d9-9eaa-abadefca7c81	t	2026-04-30 06:59:07.45426+00	2026-05-01 13:36:50.15211+00	lambgvraepur	e2d6ab98-23c6-4b09-ba86-f2650bcd8766
00000000-0000-0000-0000-000000000000	1067	e6a4mfo3c5pq	ff546bdc-4046-42d9-9eaa-abadefca7c81	t	2026-05-01 13:36:50.153723+00	2026-05-01 17:12:25.139228+00	7rubygde67yj	e2d6ab98-23c6-4b09-ba86-f2650bcd8766
00000000-0000-0000-0000-000000000000	1070	tagwxho6t7ec	ff546bdc-4046-42d9-9eaa-abadefca7c81	t	2026-05-01 17:12:25.160655+00	2026-05-02 08:32:38.091324+00	e6a4mfo3c5pq	e2d6ab98-23c6-4b09-ba86-f2650bcd8766
00000000-0000-0000-0000-000000000000	1073	bdmxt4wgbbt7	2fbe7423-78af-41b2-bb45-c68cf39c362d	t	2026-05-02 08:26:54.021857+00	2026-05-02 12:13:13.611156+00	zbs2zbdyhigy	7770c5f0-5902-4dd8-ba4c-728ef97137ef
00000000-0000-0000-0000-000000000000	1079	pygyevlgxxbj	f89c7df7-773a-48dc-ba9f-0e0d3821bb04	f	2026-05-02 18:30:17.599174+00	2026-05-02 18:30:17.599174+00	\N	3b858266-46a4-48b9-9065-f6d027001583
00000000-0000-0000-0000-000000000000	1076	n5puddjao3e2	2fbe7423-78af-41b2-bb45-c68cf39c362d	t	2026-05-02 12:13:13.638918+00	2026-05-02 18:33:30.377415+00	bdmxt4wgbbt7	7770c5f0-5902-4dd8-ba4c-728ef97137ef
00000000-0000-0000-0000-000000000000	1082	j4hbqf3zzetz	2fbe7423-78af-41b2-bb45-c68cf39c362d	t	2026-05-03 08:30:46.930482+00	2026-05-03 10:55:21.277651+00	r5uiulgq2tbm	7770c5f0-5902-4dd8-ba4c-728ef97137ef
00000000-0000-0000-0000-000000000000	1085	2pql6h6ryxbt	2fbe7423-78af-41b2-bb45-c68cf39c362d	f	2026-05-03 12:02:55.898914+00	2026-05-03 12:02:55.898914+00	wiqcc3rzpt2n	7770c5f0-5902-4dd8-ba4c-728ef97137ef
00000000-0000-0000-0000-000000000000	1087	miib3nnsux3g	2fbe7423-78af-41b2-bb45-c68cf39c362d	f	2026-05-03 13:26:40.47731+00	2026-05-03 13:26:40.47731+00	2tfq65pqqdfs	155efcc5-1a2c-4878-a493-27e185d47e6c
\.


--
-- Data for Name: sso_providers; Type: TABLE DATA; Schema: auth; Owner: supabase_auth_admin
--

COPY "auth"."sso_providers" ("id", "resource_id", "created_at", "updated_at", "disabled") FROM stdin;
\.


--
-- Data for Name: saml_providers; Type: TABLE DATA; Schema: auth; Owner: supabase_auth_admin
--

COPY "auth"."saml_providers" ("id", "sso_provider_id", "entity_id", "metadata_xml", "metadata_url", "attribute_mapping", "created_at", "updated_at", "name_id_format") FROM stdin;
\.


--
-- Data for Name: saml_relay_states; Type: TABLE DATA; Schema: auth; Owner: supabase_auth_admin
--

COPY "auth"."saml_relay_states" ("id", "sso_provider_id", "request_id", "for_email", "redirect_to", "created_at", "updated_at", "flow_state_id") FROM stdin;
\.


--
-- Data for Name: sso_domains; Type: TABLE DATA; Schema: auth; Owner: supabase_auth_admin
--

COPY "auth"."sso_domains" ("id", "sso_provider_id", "domain", "created_at", "updated_at") FROM stdin;
\.


--
-- Data for Name: webauthn_challenges; Type: TABLE DATA; Schema: auth; Owner: supabase_auth_admin
--

COPY "auth"."webauthn_challenges" ("id", "user_id", "challenge_type", "session_data", "created_at", "expires_at") FROM stdin;
\.


--
-- Data for Name: webauthn_credentials; Type: TABLE DATA; Schema: auth; Owner: supabase_auth_admin
--

COPY "auth"."webauthn_credentials" ("id", "user_id", "credential_id", "public_key", "attestation_type", "aaguid", "sign_count", "transports", "backup_eligible", "backed_up", "friendly_name", "created_at", "updated_at", "last_used_at") FROM stdin;
\.


--
-- Data for Name: blocked_users; Type: TABLE DATA; Schema: public; Owner: postgres
--

COPY "public"."blocked_users" ("id", "blocker_email", "blocked_email", "created_at") FROM stdin;
b2b97f5c-fc97-40cb-b829-07c27bd78340	nanbowles@gmail.com	retailnan@gmail.com	2026-04-24 16:38:35.420763
\.


--
-- Data for Name: events; Type: TABLE DATA; Schema: public; Owner: postgres
--

COPY "public"."events" ("id", "slug", "host_name", "host_email", "keyword", "slug_suffix", "title", "description", "starts_at", "ends_at", "location", "cover_image_url", "gif_key", "status", "manage_handle", "manage_token_hash", "expires_at", "first_shared_at", "last_changed_summary", "created_at", "updated_at", "visibility", "font_family", "thanks_gif_url", "event_type", "proposed_dates", "invite_list_visibility", "guest_list_visibility", "send_rsvp_reminders", "remind_after_days", "rsvp_deadline", "send_final_reminder_at_deadline", "forwarding_mode", "series_id") FROM stdin;
33881ec9-d7ae-4847-9ea2-31da05375df9	event-c6b0	Bodie H	bodieh@gmail.com	event	c6b0	D&D session	Eat dinner before, bring snacks.\n\nLocation: pansy 🌸, Czaar Peterstraat, Amsterdam, Netherlands	2026-04-08 17:00:00+00	2026-04-08 20:00:00+00	pansy 🌸, Czaar Peterstraat, Amsterdam, Netherlands	\N	zen	cancelled	3ae96e6061b1ebeb38f51b3ef76f24bd	29c90eb70035ff94d82a831b6621b0e252a5889b1ed18cf4b2630f4a86876e53	2026-04-20 20:22:16.173007+00	\N	\N	2026-04-06 20:22:16.173007+00	2026-04-09 16:02:42.614785+00	3	System	\N	formal	{}	host_only	guests_can_see	f	3	\N	f	\N	\N
2cb54e28-6ff7-4997-9150-66d1fdb17c84	event-a890	Tim H	tsquare64@gmail.com	event	a890	A stroll in the park	Walking is better with you!	2026-04-06 01:00:00+00	\N	\N	\N	zen	active	1d3fac7765424f4ffba0ff882058c974	9e3b15cf33dac2cdb57d3e7779802a9755280587c14f712eae0c031aed232f68	2026-04-19 19:55:23.968926+00	\N	\N	2026-04-05 19:55:23.968926+00	2026-04-05 19:55:23.968926+00	3	System	\N	formal	{}	host_only	guests_can_see	f	3	\N	f	\N	\N
07e88fd2-4727-4adb-b1fb-bcb850b6d715	event-26fb	xtina	emergencycabbage@gmail.com	event	26fb	Easter at Belvedere	Annual lamb feast fest.\n\nLocation: 5240 Belvedere Street, Oakland, CA, USA	2026-04-05 21:30:09+00	2026-04-06 00:30:09+00	5240 Belvedere Street, Oakland, CA, USA	\N	zen	active	03fe6f84652026f26cd8413a6d3a14a3	4535eaf2ba7fb8c296f75190f39c111f35dfc49fa3c467c6228bf8a70c0c01b6	2026-04-16 20:58:20.569356+00	\N	\N	2026-04-02 20:58:20.569356+00	2026-04-02 20:58:20.569356+00	1	System	\N	formal	{}	guests_can_see	guests_can_see	f	3	2026-04-03	t	\N	\N
4a18eeef-9e18-4e3d-97bb-b974e55c2d7b	event-f491	Geli	kitchencarnage@yahoo.co.uk	event	f491	Coffee	And then there’s that sunny terrace…	2026-04-29 12:00:59+00	\N	\N	\N	zen	active	23afba3b85d5c20fa1ba60bfb5698d1c	a4a987f46ed3c9f4e2b274ee3641b8968fe8ae850e51c6cef18a6fa77336ebc5	2026-05-12 11:12:44.276107+00	\N	\N	2026-04-28 11:12:44.276107+00	2026-04-28 11:12:44.276107+00	1	System	\N	formal	{}	host_only	guests_can_see	f	3	\N	f	\N	34cb5920-29bb-4cb5-875d-c8a0c4d559ea
0f921809-ca6e-4dc9-871f-832c8a008476	event-c20c	Ria Jones	riajones99@googlemail.com	event	c20c	Open Mic Night @ Zoku	Eat, drink and watch the performers\n\nLocation: Zoku Amsterdam, Weesperstraat, Amsterdam, Netherlands	2026-05-08 16:00:49+00	\N	Zoku Amsterdam, Weesperstraat, Amsterdam, Netherlands	https://images.unsplash.com/photo-1519671482749-fd09be7ccebf?auto=format&fit=crop&w=1400&q=80	spicy	active	bf6680432393fca95acc06f177b3a9f3	9b50538735cdc5b9b802be015736b1eb82a6a0bf666a481c58ecb0ff23c2378b	2026-05-14 07:06:40.611655+00	\N	\N	2026-04-30 07:06:40.611655+00	2026-04-30 07:06:40.611655+00	3	System	https://media.giphy.com/media/xUPGcguWZHRC2HyBRS/giphy.gif	formal	{}	host_only	guests_can_see	f	3	\N	f	\N	\N
40d0a285-526f-4f67-a746-ea8fb87cf190	event-479d	Geli	kitchencarnage@yahoo.co.uk	event	479d	Coffee	And then there’s that sunny terrace…	2026-05-01 09:00:07+00	\N	\N	\N	zen	active	af8c2388828cf417342683038dcdb249	7fd5dff6ef14390e2209744b11405fae67116c114cb20f8fd35b320b55383d91	2026-05-12 11:12:45.124088+00	\N	\N	2026-04-28 11:12:45.124088+00	2026-04-28 11:12:45.124088+00	1	System	\N	formal	{}	host_only	guests_can_see	f	3	\N	f	\N	34cb5920-29bb-4cb5-875d-c8a0c4d559ea
a4b2b3eb-3aa5-4bb3-930b-35b8b7478196	event-fcac	Geli	kitchencarnage@yahoo.co.uk	event	fcac	Walk? Coffee?	Tiny window between travels - any good?	2026-04-21 12:00:15+00	\N	\N	\N	zen	active	24ebc6f1ff92c8646f45c1f010c9acee	083b6dac0c03d5212147eb4d9276d8925d652d33e328430d9a1ab56a74cf7e64	2026-04-28 11:26:37.228886+00	\N	\N	2026-04-14 11:26:37.228886+00	2026-04-14 11:26:37.228886+00	1	System	\N	formal	{}	host_only	guests_can_see	f	3	\N	f	\N	\N
38dbd017-213c-4fd4-8951-00deca131b9f	evt-qop1g-bd83	jenni.iyoyo	jenni.iyoyo@gmail.com	evt-qop1g	bd83	Hang out, chat, drinks or tea	Let’s hang out. Can be during the day or evening   What works for you guys?	\N	\N	\N	\N	waves	active	c58a051f89d52e3e439b401412da9927	105d412b8fb97b7bab1eadf90097b72e45b576277d90c8045e430f94f71bd3ef	2026-05-13 11:59:01.185142+00	\N	\N	2026-04-29 11:59:01.185142+00	2026-04-29 11:59:01.185142+00	1	System	\N	reach_out	{}	guests_can_see	guests_can_see	f	3	2026-05-03	f	\N	\N
096aa4e9-66b5-492f-ba61-dc117ea39296	event-06f6	Nancy	nanbowles@gmail.com	event	06f6	A coffee date	Coffee is better with you!	\N	\N	\N	\N	zen	cancelled	daec78f2a57253b2579bc8edfc6b5532	2b01d859a31449a02d7c2a2e487216dd46c796463566eaeaa927e6e6295a174d	2026-05-10 16:48:52.673203+00	\N	\N	2026-04-26 16:48:52.673203+00	2026-04-30 06:52:02.674608+00	1	System	\N	vibe	{2026-04-26T17:45:00.000Z,2026-04-29T17:30:00.000Z}	host_only	guests_can_see	f	3	\N	f	\N	\N
bda5b3f8-9e7f-4cf5-80b2-7a4ff2b2a4ce	event-ee45	Geli	kitchencarnage@yahoo.co.uk	event	ee45	Poetry night	Location: Labyrinth Cocktail Soul Food & Poetry Bar, Amstelveenseweg Street, Amsterdam, Netherlands\n\nLocation: Labyrinth Cocktail Soul Food & Poetry Bar, Amstelveenseweg Street, Amsterdam, Netherlands	2026-05-18 17:30:05+00	\N	Labyrinth Cocktail Soul Food & Poetry Bar, Amstelveenseweg Street, Amsterdam, Netherlands	\N	zen	active	f412ec1cc51d73c7cfafc6e6139d5303	f818a7ea91c17a414f3747bef30aa1f1ed9a14953ff5bcd87571dce0295791e4	2026-05-12 11:18:29.165383+00	\N	\N	2026-04-28 11:18:29.165383+00	2026-04-28 16:48:34.623798+00	1	System	\N	formal	{}	host_only	guests_can_see	f	7	2026-05-08	t	\N	7ef491c8-19ef-4f7a-ac93-0d0e42bc670f
1e7c9087-3bfe-4c97-b576-50dc69afc4c8	event-4891	Nancy	nanbowles@gmail.com	event	4891	A coffee date	Coffee is better with you!	2026-04-30 11:40:21.769+00	\N	\N	\N	zen	active	cd247a1fcddeb74d1da7ae469638efcf	81c13287ac19a371d35544193ab4b7b717001b19f7edae779655af7871cd7dd7	2026-05-14 11:40:38.390297+00	\N	\N	2026-04-30 11:40:38.390297+00	2026-04-30 14:09:12.22021+00	3	System	\N	formal	{}	host_only	guests_can_see	f	3	\N	f	\N	\N
b17d8d3c-b790-4444-886d-025288722d6f	evt-l5vv0-cd52	jenni.iyoyo	jenni.iyoyo@gmail.com	evt-l5vv0	cd52	Keep me company next week	Angela let us know if we should eat lunch before coming to you and also how long you want us for.	2026-05-05 11:00:00+00	\N	\N	\N	waves	active	c01ea41c3c3dfa8ee3966e5ab2063e5b	7847348ad8d8e7016ac24783052707e5d6cc4dbae538a868441ce49d25a27c6c	2026-05-14 14:16:33.578508+00	\N	\N	2026-04-30 14:16:33.578508+00	2026-04-30 16:11:42.956489+00	1	System	\N	formal	{}	guests_can_see	guests_can_see	f	3	\N	f	\N	\N
16963986-88fd-4c08-9410-e6fa597d44f7	event-2c29	Phillip	pjm360@gmail.com	event	2c29	Performance Night	There's a performance nice at the new roodkapje location. I and a friend want to see if its would be an event for comedy.\n\nLocation: Roodkapje West, Keileweg, Rotterdam, Netherlands	2026-04-23 18:00:00+00	2026-04-23 21:00:00+00	Roodkapje West, Keileweg, Rotterdam, Netherlands	https://images.unsplash.com/photo-1763446364826-1f7534669fe5?crop=entropy&cs=tinysrgb&fit=max&fm=jpg&ixid=M3w4ODIyNzV8MHwxfHNlYXJjaHw1fHxQZXJmb3JtYW5jZSUyME5pZ2h0fGVufDB8fHx8MTc3Njc2MjcwOHww&ixlib=rb-4.1.0&q=80&w=1080	spicy	active	08e5cdf29f747949a896cbaa33d1c0ba	2e91f85c706dec65fe4f0e4d9fd3ae4f9bcfd34d51e2bd0ad797c8f2bece6254	2026-05-05 09:11:23.116548+00	\N	\N	2026-04-21 09:11:23.116548+00	2026-04-21 09:11:23.116548+00	3	System	https://media.giphy.com/media/xUPGcguWZHRC2HyBRS/giphy.gif	formal	{}	host_only	guests_can_see	f	3	\N	f	\N	\N
44f32a9a-81e3-4c29-addc-438b4aef3cd0	event-6f94	William Delmotte	w.delmotte@gmail.com	event	6f94	Dîner	Hellooo\n\nLocation: De Koffiezaak Wormerveer, Zaanweg, Wormerveer, Netherlands	2026-05-01 18:25:32.008+00	2026-05-01 19:55:32.008+00	De Koffiezaak Wormerveer, Zaanweg, Wormerveer, Netherlands	\N	zen	active	82ae65023e96086ff5b0db074718f986	3bab8cb7ff53da063e89d169437264c60df9526a55e7ad5b5088be106578b448	2026-05-15 18:25:58.453129+00	\N	\N	2026-05-01 18:25:58.453129+00	2026-05-01 18:25:58.453129+00	3	System	\N	formal	{}	host_only	guests_can_see	f	3	\N	f	\N	\N
8c412619-77cd-4387-b749-663a04f08b76	event-c207	Nancy	nanbowles@gmail.com	event	c207	Swing dancing	Hey ladies, shall we try to use the app. It’s a test!!!\n\nLocation: KNSM-eiland, Amsterdam, Netherlands	2026-03-28 15:45:09+00	2026-03-28 18:45:09+00	KNSM-eiland, Amsterdam, Netherlands	https://images.unsplash.com/photo-1736552724452-eed56a84fe65?crop=entropy&cs=tinysrgb&fit=max&fm=jpg&ixid=M3w4ODIyNzV8MHwxfHNlYXJjaHwxNnx8U3dpbmclMjBkYW5jaW5nfGVufDB8fHx8MTc3NDY0MzQ1OXww&ixlib=rb-4.1.0&q=80&w=1080	girly	active	0a5940193f9ec62487fd1f8df751cc03	9990cf46654de5882d828d527792ba04e1005e5aff19e4355a26f28240fecdce	2026-04-10 20:30:48.656016+00	\N	\N	2026-03-27 20:30:48.656016+00	2026-03-27 20:30:48.656016+00	3	System	https://media4.giphy.com/media/v1.Y2lkPTJkNzUyNDZlcGJxZ2plNGs2a2V0dzh3cmYxNXlibGNuZGI3M3BvejkzMjB6amRuNiZlcD12MV9naWZzX3NlYXJjaCZjdD1n/blSTtZehjAZ8I/200.gif	formal	{}	host_only	guests_can_see	f	3	\N	f	\N	\N
798cd413-6733-4428-94b1-bd01edba05d2	vibe-ejcp2-6658	teunvdberg	teunvdberg@yahoo.co.uk	vibe-ejcp2	6658	Coffee		\N	\N	\N	\N	waves	active	3e6661397671862d9d242280a3deba68	3201ff0615d9ada4529812df278c7358b297e84551b5bb00383dc459ab2c2a29	2026-04-16 20:28:12.820649+00	\N	\N	2026-04-02 20:28:12.820649+00	2026-04-02 20:28:12.820649+00	1	System	\N	vibe	{}	guests_can_see	guests_can_see	f	3	\N	f	\N	\N
51f4ccc0-8005-4cd7-8e10-61e2acb8f244	evt-2gs7y-01c3	Nancy	nanbowles@gmail.com	evt-2gs7y	01c3	A coffee date	Coffee is better with you!	\N	\N	\N	\N	waves	cancelled	13c425486ef7bb723e5b2d199047d053	7020322992f10044ea56d40d8838949d1746f14d8a284e76fdd8e60f5f35936b	2026-04-20 20:25:20.052057+00	\N	\N	2026-04-06 20:25:20.052057+00	2026-04-08 15:01:24.952558+00	1	System	\N	reach_out	{}	host_only	guests_can_see	f	3	\N	f	\N	\N
2ba91fa6-9a0e-424a-b105-1d075930d513	event-fef4	xtina	fancylady@mac.com	event	fef4	Easter	Location: 5240 Belvedere Street, Oakland, CA, USA	2026-04-05 21:30:00+00	2026-04-06 00:30:00+00	5240 Belvedere Street, Oakland, CA, USA	https://images.unsplash.com/photo-1519167758481-83f550bb49b3?auto=format&fit=crop&w=1400&q=80	classy	active	3b943b938c5a0969bc14069411bfaa76	ccf58e94eff756d09f7f48d7978096d75522eb869d31c9f305f1e20fbe9f1182	2026-04-16 20:59:42.942649+00	\N	\N	2026-04-02 20:59:42.942649+00	2026-04-02 21:01:41.191354+00	1	System	https://media.giphy.com/media/89x4osEodHEoo/giphy.gif	formal	{}	guests_can_see	guests_can_see	f	3	2026-04-04	t	\N	\N
4022efe1-391f-47e3-bb53-35ab79aee26a	event-90e7	margot.delmotte	margot.delmotte@gmail.com	event	90e7	Mother’s Day	Location: Parnassia aan Zee - Strandpaviljoen Bloemendaal, Parnassiaweg, Overveen, Netherlands\n\nLocation: Parnassia aan Zee - Strandpaviljoen Bloemendaal, Parnassiaweg, Overveen, Netherlands	2026-05-10 11:00:43+00	\N	Parnassia aan Zee - Strandpaviljoen Bloemendaal, Parnassiaweg, Overveen, Netherlands	\N	zen	active	6f29fcf361c7d74d39d9b664aa8995d5	77360289beaa1ce493bf6c7178e3d4d704913ae04519239f01fa9cf1f7d4773a	2026-05-14 10:52:20.314797+00	\N	\N	2026-04-30 10:52:20.314797+00	2026-04-30 10:54:25.921554+00	3	System	\N	formal	{}	host_only	guests_can_see	f	3	2026-05-09	f	\N	\N
9949ea0a-606b-445e-9487-e4a06bd8bacd	event-087c	Tim	tsquare64@gmail.com	event	087c	A stroll in the park	Walking is better with you!	2026-04-06 01:00:00+00	\N	\N	\N	zen	active	fbb9b51222afe5f3278387385226a034	a6e69534435df9c2b4bb48601a6de875022c72e113819ba0298f5101750ad9a4	2026-04-19 19:43:39.718917+00	\N	\N	2026-04-05 19:43:39.718917+00	2026-04-05 19:43:39.718917+00	3	System	\N	formal	{}	host_only	guests_can_see	f	3	\N	f	\N	\N
7b57d837-7844-4ce1-a239-46b58dba31a2	evt-75848-f92c	pjm360	pjm360@gmail.com	evt-75848	f92c	A night of cocktails	Drinking is better with you!\n\nLocation: Paddy Murphy's Irish Pub, Rodezand, Rotterdam, Netherlands	\N	\N	\N	\N	waves	active	43638bbaf659e22d54af440fd0d34a56	391bec0caa9d77b5ac0bdb88f927b84d8a4ad4512870652098aed00432b9c48b	2026-04-23 10:20:06.476665+00	\N	\N	2026-04-09 10:20:06.476665+00	2026-04-09 10:20:06.476665+00	2	System	\N	reach_out	{}	guests_can_see	guests_can_see	t	3	2026-04-11	f	free	\N
38275534-93c0-483b-aa96-60c2ab5ebf9f	event-8413	Geli	kitchencarnage@yahoo.co.uk	event	8413	Coffee	And then there’s that sunny terrace…	2026-04-30 12:00:48+00	\N	\N	\N	zen	active	aaaf362ef095fb80df466a9a12aa050f	974074309c280af57ce4671f35f2396f86f06d1b19fe5b6ab03ece805602b93f	2026-05-12 11:12:44.780584+00	\N	\N	2026-04-28 11:12:44.780584+00	2026-04-28 11:12:44.780584+00	1	System	\N	formal	{}	host_only	guests_can_see	f	3	\N	f	\N	34cb5920-29bb-4cb5-875d-c8a0c4d559ea
eeb533f2-4bcb-4e86-bc33-97c7ab6f98a9	event-3343	Renata	retailnan@gmail.com	event	3343	A coffee date	Coffee is better with you!	2026-04-29 13:52:52.359+00	2026-04-29 16:52:52.359+00	\N	\N	zen	active	a3d9c25032c84fb60f6eaf528223bcb7	8dc059fb718fe38d1fdb99f128d3afe4846ee076233c7b04bf4c856a963c946f	2026-05-13 13:53:46.739846+00	\N	\N	2026-04-29 13:53:46.739846+00	2026-04-29 13:53:46.739846+00	3	System	\N	formal	{}	host_only	guests_can_see	f	3	\N	f	\N	\N
e57ccf3c-6e05-4b85-9e78-63d2d266fe9d	evt-rnzzh-8231	Nancy	nanbowles@gmail.com	evt-rnzzh	8231	A stroll in the park	Walking is better with you!	2026-04-27 18:30:00+00	\N	Amsterdamse Bos, Amstelveen, Netherlands	\N	waves	cancelled	a8031f776903312a418450e272682ef9	a6c40455d268596c419afe6e82f18f94620bf00bf5f4bba25b1d4e1c7bfdb8cb	2026-05-10 18:31:58.039771+00	\N	\N	2026-04-26 18:31:58.039771+00	2026-04-30 06:58:32.533002+00	1	System	\N	formal	{}	host_only	guests_can_see	f	3	\N	f	\N	\N
f079fbc5-9d5f-47e5-82f4-3ae1393b9a6c	event-f632	Ria	riajones99@googlemail.com	event	f632	Eat, drink, be entertained 🎶	I’ve suggested 19.00 to start so you can hopefully get a seat near the stage\n\nLocation: Zoku Amsterdam, Weesperstraat, Amsterdam, Netherlands\n\nLocation: Zoku Amsterdam, Weesperstraat, Amsterdam, Netherlands	2026-05-08 16:00:04+00	\N	Zoku Amsterdam, Weesperstraat, Amsterdam, Netherlands	https://images.unsplash.com/photo-1519671482749-fd09be7ccebf?auto=format&fit=crop&w=1400&q=80	spicy	active	e356cc73187022a121976d372dc0eda4	4f6c9b51476a158050e4bb170ad0ca75b82baa46e6a60e50ad6082f77323dc27	2026-05-12 19:22:18.77101+00	\N	\N	2026-04-28 19:22:18.77101+00	2026-04-30 07:26:48.811033+00	3	System	https://media.giphy.com/media/xUPGcguWZHRC2HyBRS/giphy.gif	formal	{}	host_only	guests_can_see	f	3	\N	f	\N	\N
700ab04e-adbf-43de-9c01-6d9f581f2b3f	event-1e80	jenni.iyoyo	jenni.iyoyo@gmail.com	event	1e80	Xxxx	\N	2026-04-30 14:03:23.901+00	\N	\N	\N	zen	active	988e9acb12bd6faa0c7400418ee7b2fb	c671bc4cf8b5fb695f8e487c8bba380ceedb45049b4b368559a0b9b1786590d9	2026-05-14 14:04:32.373711+00	\N	\N	2026-04-30 14:04:32.373711+00	2026-04-30 14:04:32.373711+00	1	System	\N	formal	{}	guests_can_see	guests_can_see	t	3	2026-05-03	f	\N	\N
b1bacf06-18b3-4ec4-90f4-688310ad284d	event-77c9	angela	angelakerr345@gmail.com	event	77c9	Swing dance crash course	One-off try out at NDSM\n\nhttps://swingphilosophy.com/agenda/lindy-hop-crash-course-2/\n\nLocation: KZ - Kompaszaal, KNSM-Laan, Amsterdam, Netherlands	2026-05-16 09:00:33+00	2026-05-16 12:30:33+00	KZ - Kompaszaal, KNSM-Laan, Amsterdam, Netherlands	https://nfoshumnlfsjtfxkyqrq.supabase.co/storage/v1/object/public/covers/cover_1777558056680.jpg	submerged	active	f45e86f94feb890d45f8f582c6092581	d758fd97fbf494c31619f2b14d45bed2c60f5408762bd4b8850ecfe31000e292	2026-05-14 14:05:44.268987+00	\N	\N	2026-04-30 14:05:44.268987+00	2026-04-30 14:17:40.498559+00	3	System	https://media.giphy.com/media/xUPGcguWZHRC2HyBRS/giphy.gif	formal	{}	host_only	guests_can_see	f	3	\N	f	\N	\N
4236fe44-9e8d-4d19-a7cb-6af7bdc1836e	event-e13b	Geli	kitchencarnage@yahoo.co.uk	event	e13b	Poetry night	Location: Labyrinth Cocktail Soul Food & Poetry Bar, Amstelveenseweg Street, Amsterdam, Netherlands\n\nLocation: Labyrinth Cocktail Soul Food & Poetry Bar, Amstelveenseweg Street, Amsterdam, Netherlands	\N	\N	Labyrinth Cocktail Soul Food & Poetry Bar, Amstelveenseweg Street, Amsterdam, Netherlands	\N	zen	cancelled	95c7f70ef840d04c9638f4f4c949d0c2	5edfdbbe471aad68ad8769de5d682b44d6309670c28388fb92a6c8919e686792	2026-05-12 11:18:28.943665+00	\N	\N	2026-04-28 11:18:28.943665+00	2026-05-01 13:37:55.095899+00	1	System	\N	vibe	{2026-05-11T11:15:00.000Z,2026-05-18T11:30:00.000Z}	host_only	guests_can_see	f	7	2026-05-08	t	\N	7ef491c8-19ef-4f7a-ac93-0d0e42bc670f
bec4e481-4822-4417-8a2b-74beaf62dbaa	evt-tx8jx-cc65	Elles Smit	ellessmit21@gmail.com	evt-tx8jx	cc65	A coffee date	Coffee is better with you!	\N	\N	\N	https://images.unsplash.com/photo-1500530855697-b586d89ba3ee?auto=format&fit=crop&w=1400&q=80	zen	active	8bb7f534d89120e828c1d783fae76f3b	194601366ddd3cd6d60e7da9da5a9248c0583e424ee2f41fa388feb8f152dc6e	2026-05-15 18:23:51.077772+00	\N	\N	2026-05-01 18:23:51.077772+00	2026-05-01 18:23:51.077772+00	1	System	https://media.giphy.com/media/3o7TKtnuHOHHUjR38Y/giphy.gif	poll	{2026-05-01T18:22:27.829Z,2026-05-04T18:15:46.000Z}	host_only	guests_can_see	f	3	\N	f	\N	\N
eabc3dc5-eae3-452e-a94c-c1831c5bd05d	evt-cv8pw-48b3	Geli	kitchencarnage@yahoo.co.uk	evt-cv8pw	48b3	Labyrinth night	It’s about time…\n\nLocation: Labyrinth Cocktail Soul Food & Poetry Bar, Amstelveenseweg Street, Amsterdam, Netherlands	\N	\N	\N	https://images.unsplash.com/photo-1635520356736-90cb46f73413?crop=entropy&cs=tinysrgb&fit=max&fm=jpg&ixid=M3w4ODIyNzV8MHwxfHNlYXJjaHwyfHxNaWN8ZW58MHx8fHwxNzc3NjQzMDg2fDA&ixlib=rb-4.1.0&q=80&w=1080	fiesta	active	3a35a4d77a7fa91e7ae89d45548fba32	2de38bb3815e17a0a3d92507723af8c0b2f96ebe4d1b2e5fc8b48f32e0d5442c	2026-05-15 13:42:21.156739+00	\N	\N	2026-05-01 13:42:21.156739+00	2026-05-01 13:42:21.156739+00	3	System	https://media.giphy.com/media/26ufdipQqU2lhNA4g/giphy.gif	poll	{2026-05-11T17:30:07.000Z,2026-05-18T17:30:17.000Z}	host_only	guests_can_see	f	3	\N	f	\N	\N
496ce5d6-5f23-403b-8e45-eeb13adfa441	vibe-spnhi-7449	Nancy	nanbowles@gmail.com	vibe-spnhi	7449	Karaoke	2 hours of singing 🎵 and cocktails	2026-05-15 17:30:00+00	\N	\N	https://images.unsplash.com/photo-1608319917470-9d9179430f8d?crop=entropy&cs=tinysrgb&fit=max&fm=jpg&ixid=M3w4ODIyNzV8MHwxfHNlYXJjaHwyMHx8S2FyYW9rZXxlbnwwfHx8fDE3NzQ4OTA1NTh8MA&ixlib=rb-4.1.0&q=80&w=1080	girly	active	16d3ccd2b18cf8f0e5db782df282af75	e3c31fb50e0d69c5f1d29bcb5d4ecb03208327eed0c05ee394183d34465d11c8	2026-04-12 21:43:25.212822+00	\N	\N	2026-03-29 21:43:25.212822+00	2026-05-02 19:37:51.840582+00	3	System	https://media4.giphy.com/media/v1.Y2lkPTJkNzUyNDZlaXB3eXBtN2lnYThzeGUwY2J1aHhjandpcmJiYWw1OTJiMXhobjltdiZlcD12MV9naWZzX3NlYXJjaCZjdD1n/143qWPF33HtSTK/200.gif	formal	{}	host_only	guests_can_see	f	3	\N	f	\N	\N
934b7e06-e645-4f82-b529-8dfc9b6aa919	evt-m2sf6-1836	Tester 13	jpp423@gmail.com	evt-m2sf6	1836	Coffee etc		\N	\N	\N	https://images.unsplash.com/photo-1519671482749-fd09be7ccebf?auto=format&fit=crop&w=1400&q=80	spicy	active	7eb0dd6bd14d3bb2e68da49b6a98b65d	306daeecf40841212f5a68e2f1b1439450a87b7f7df078bbacdb5c997b20cffd	2026-05-16 08:22:17.583057+00	\N	\N	2026-05-02 08:22:17.583057+00	2026-05-02 08:22:17.583057+00	1	System	https://media.giphy.com/media/xUPGcguWZHRC2HyBRS/giphy.gif	poll	{2026-05-02T11:00:01.000Z,2026-05-06T18:00:00.000Z,2026-05-07T18:00:39.000Z}	host_only	host_only	f	3	2026-05-02	f	\N	\N
bac32d22-3490-45eb-93a6-7bd39c7a54d5	event-f825	Tester 13	jpp423@gmail.com	event	f825	Orgy at 9pm	Just hangin\n\nLocation: Olympic Hotel Amsterdam, IJsbaanpad, Amsterdam, Netherlands	2026-05-02 19:00:10+00	\N	Olympic Hotel Amsterdam, IJsbaanpad, Amsterdam, Netherlands	https://images.unsplash.com/photo-1492684223066-81342ee5ff30?auto=format&fit=crop&w=1400&q=80	fiesta	cancelled	f600fbe2baa0b5b7c46479d84ffd331e	70f8c4d57840d09c4ac583257f7dd2f3410832519a03a41efd4054e302fa5aaf	2026-05-16 08:15:18.362942+00	\N	\N	2026-05-02 08:15:18.362942+00	2026-05-02 08:31:31.35601+00	1	System	https://media.giphy.com/media/26ufdipQqU2lhNA4g/giphy.gif	formal	{}	host_only	guests_can_see	f	3	2026-05-02	f	\N	\N
\.


--
-- Data for Name: closed_cards; Type: TABLE DATA; Schema: public; Owner: postgres
--

COPY "public"."closed_cards" ("id", "user_email_lc", "event_id", "created_at") FROM stdin;
68	nanbowles@gmail.com	8c412619-77cd-4387-b749-663a04f08b76	2026-04-20 08:02:49.77899+00
69	nanbowles@gmail.com	9949ea0a-606b-445e-9487-e4a06bd8bacd	2026-04-25 20:18:41.449485+00
73	nanbowles@gmail.com	a4b2b3eb-3aa5-4bb3-930b-35b8b7478196	2026-04-25 20:19:08.417107+00
74	nanbowles@gmail.com	798cd413-6733-4428-94b1-bd01edba05d2	2026-04-25 20:19:11.711481+00
75	kitchencarnage@yahoo.co.uk	bda5b3f8-9e7f-4cf5-80b2-7a4ff2b2a4ce	2026-04-28 16:48:50.520766+00
76	jenni.iyoyo@gmail.com	38dbd017-213c-4fd4-8951-00deca131b9f	2026-04-30 14:29:45.619854+00
77	jenni.iyoyo@gmail.com	700ab04e-adbf-43de-9c01-6d9f581f2b3f	2026-04-30 14:30:23.974151+00
78	jpp423@gmail.com	934b7e06-e645-4f82-b529-8dfc9b6aa919	2026-05-02 08:24:43.375435+00
\.


--
-- Data for Name: profiles; Type: TABLE DATA; Schema: public; Owner: postgres
--

COPY "public"."profiles" ("id", "email_lc", "full_name", "avatar_url", "created_at", "updated_at") FROM stdin;
9fd35854-4474-4865-80a2-5cd7256180f6	retailnan@gmail.com	\N	\N	2026-03-28 08:11:47.230599+00	2026-03-28 08:11:47.230599+00
07936771-2633-44cb-89d3-a5c094d78831	angelatweedie123@gmail.com	Angela Kerr	\N	2026-03-28 13:28:23.768363+00	2026-03-28 13:28:23.768363+00
a0466c75-e1ca-4787-b00d-eb85a2810c2d	angelakerr345@gmail.com	angela	https://nfoshumnlfsjtfxkyqrq.supabase.co/storage/v1/object/public/avatars/angelakerr345_gmail_com_1774711198051.jpg	2026-03-28 02:48:06.209228+00	2026-03-28 15:20:20.39+00
3a2b1b25-fa60-47ef-9d5b-d87d3da010b4	teunvdberg@yahoo.co.uk	\N	\N	2026-04-02 20:12:43.78174+00	2026-04-02 20:12:43.78174+00
75c514fa-44d6-4072-93dd-35f0f50c91cd	fancylady@mac.com	\N	\N	2026-04-02 21:00:23.928677+00	2026-04-02 21:00:23.928677+00
d27ec43b-3350-48a5-908f-88bc0ad0289d	edhavenrak@icloud.com	\N	\N	2026-04-03 15:00:17.887951+00	2026-04-03 15:00:17.887951+00
0a4d2cbf-0bd0-44f5-8234-d6b65020b8f3	jxyytqf6dp@privaterelay.appleid.com	Mr. E	https://nfoshumnlfsjtfxkyqrq.supabase.co/storage/v1/object/public/avatars/jxyytqf6dp_privaterelay_appleid_com_1775236444501.jpg	2026-04-03 16:45:20.441058+00	2026-04-03 17:14:05.873+00
6c8e05ee-00d4-4ec8-82cd-ae708cc1cf16	crawlerrobo@gmail.com	\N	\N	2026-04-04 09:19:52.187998+00	2026-04-04 09:19:52.187998+00
367c205f-d654-4117-acae-b327f634ee87	test@pallinky.com	\N	\N	2026-04-04 15:43:50.238214+00	2026-04-04 15:43:50.238214+00
2b61ded0-78e5-4a65-8b64-83b7d14bc639	tsquare64@gmail.com	\N	\N	2026-04-05 19:44:21.764439+00	2026-04-05 19:44:21.764439+00
18303fa3-9471-492c-8250-6a13c0ef4426	heppwalker@hotmail.com	\N	\N	2026-04-05 19:48:20.391753+00	2026-04-05 19:48:20.391753+00
c20a9837-4d1b-4956-b9d1-e683738980f7	delmotte.david@gmail.com	David	https://nfoshumnlfsjtfxkyqrq.supabase.co/storage/v1/object/public/avatars/delmotte_david_gmail_com_1774532439444.jpg	2026-03-26 13:24:11.58229+00	2026-03-26 13:40:57.003+00
fb2f7155-55db-47ae-9c99-a5b23b7a40be	7pntssn9z4@privaterelay.appleid.com	John Apple	\N	2026-03-27 06:57:18.859488+00	2026-03-27 06:57:18.859488+00
6dbff2c5-ef7a-42f9-b65a-d405a1273608	rtwzqq7zsr@privaterelay.appleid.com	John Apple	\N	2026-03-27 07:00:15.930591+00	2026-03-27 07:00:15.930591+00
2202a479-3764-463f-a442-54fce58cf0c4	devyani71@yahoo.com	\N	\N	2026-03-27 20:45:38.531518+00	2026-03-27 20:45:38.531518+00
7fbd3d98-b51a-4290-b714-a3a4100fc4e3	bodieh@gmail.com	Bodie H	https://nfoshumnlfsjtfxkyqrq.supabase.co/storage/v1/object/public/avatars/bodieh_gmail_com_1775507888331.jpg	2026-04-06 20:20:31.685361+00	2026-04-06 20:38:09.035+00
f676212a-53d1-4426-84fb-08b4061a9f17	pjm360@gmail.com	\N	\N	2026-04-09 10:17:00.839101+00	2026-04-09 10:17:00.839101+00
1ad8920e-216f-4ff7-9566-cc5caa3b2ed8	tredecko@gmail.com	Trevor Cohen	\N	2026-04-12 07:30:43.262067+00	2026-04-12 07:30:43.262067+00
c4f156ca-cf79-46e9-8566-db237f5f71fc	bowlesnan@gmail.com	Dino	https://nfoshumnlfsjtfxkyqrq.supabase.co/storage/v1/object/public/avatars/bowlesnan_gmail_com_1777131429590.jpg	2026-04-25 15:33:54.712631+00	2026-04-25 16:27:45.503+00
6282299f-9707-45d6-bae7-009a6ab4b41b	brf9522565@privaterelay.appleid.com	John Apple	\N	2026-04-27 22:58:36.798903+00	2026-04-27 22:58:36.798903+00
137c3304-bf48-4c39-a6b9-477f95ad6898	riajones99@googlemail.com	\N	\N	2026-04-28 19:22:36.832326+00	2026-04-28 19:22:36.832326+00
45e52db6-ffe3-4569-8682-c2bfdb56198c	jenni.iyoyo@gmail.com	\N	https://nfoshumnlfsjtfxkyqrq.supabase.co/storage/v1/object/public/avatars/jenni_iyoyo_gmail_com_1777405885217.jpg	2026-04-28 19:40:05.480952+00	2026-04-28 19:51:25.987+00
2fbe7423-78af-41b2-bb45-c68cf39c362d	nanbowles@gmail.com	Nancy	https://nfoshumnlfsjtfxkyqrq.supabase.co/storage/v1/object/public/avatars/nanbowles_gmail_com_1776717066829.jpg	2026-03-26 12:31:27.414639+00	2026-04-20 20:31:08.533+00
762614e5-d47e-45cf-9e7f-67270755729c	cs4j7w6q5t@privaterelay.appleid.com	John Apple	\N	2026-04-21 12:03:50.710847+00	2026-04-21 12:03:50.710847+00
6758dad6-9136-4770-9f4d-d93ab88b9997	6thzkzd8qr@privaterelay.appleid.com	John Apple	\N	2026-04-22 01:21:17.468192+00	2026-04-22 01:21:17.468192+00
8d2ba1cb-0516-4199-9951-69bf0e155e22	eden.madrone@gmail.com	Eden Madrone	\N	2026-04-29 13:52:42.402867+00	2026-04-29 13:52:42.402867+00
b655b45c-14a3-4341-b48e-7928153b12cf	margot.delmotte@gmail.com	\N	\N	2026-04-30 10:43:59.499109+00	2026-04-30 10:43:59.499109+00
36a4b008-2b33-44b2-ba90-1bbc176fc478	w.delmotte@gmail.com	William Delmotte	\N	2026-04-30 10:59:49.68225+00	2026-04-30 10:59:49.68225+00
ff546bdc-4046-42d9-9eaa-abadefca7c81	kitchencarnage@yahoo.co.uk	Geli	https://nfoshumnlfsjtfxkyqrq.supabase.co/storage/v1/object/public/avatars/kitchencarnage_yahoo_co_uk_1775477615203.jpg	2026-03-30 07:51:46.719299+00	2026-05-01 13:46:52.98+00
846a32f4-7e45-4d23-ac43-dc76ed30f9da	ellessmit21@gmail.com	\N	\N	2026-05-01 18:24:17.852782+00	2026-05-01 18:24:17.852782+00
374e2e53-2a35-487d-8b18-84b89f8e2b7d	jpp423@gmail.com	Tester 13	\N	2026-05-02 08:10:15.053396+00	2026-05-02 08:35:25.471+00
f89c7df7-773a-48dc-ba9f-0e0d3821bb04	p8mkw62djr@privaterelay.appleid.com	\N	https://nfoshumnlfsjtfxkyqrq.supabase.co/storage/v1/object/public/avatars/p8mkw62djr_privaterelay_appleid_com_1777742790553.jpg	2026-05-02 18:30:17.53949+00	2026-05-02 17:26:31.314+00
\.


--
-- Data for Name: people; Type: TABLE DATA; Schema: public; Owner: postgres
--

COPY "public"."people" ("id", "email_lc", "phone_e164", "matched_user_id", "created_at") FROM stdin;
44ec1a8d-266c-48b9-bd9b-cc5c03bcd020	riajones99@googlemail.com	07496111845	\N	2026-04-01 08:01:57.296107+00
253b0ca9-7ce5-407e-a903-7d73a2cc0917	jenni.iyoyo@gmail.com	\N	\N	2026-03-30 17:13:04.855373+00
ae675e53-3391-4b9c-82a4-50a45f2418eb	margot.delmotte@gmail.com	\N	\N	2026-04-20 12:50:19.609356+00
7505dfcb-2824-43bc-8c40-e4574c843156	w.delmotte@gmail.com	\N	36a4b008-2b33-44b2-ba90-1bbc176fc478	2026-04-30 10:58:24.710789+00
f4a7291c-fb92-41cd-819c-e3459f55c5f1	devyani71@yahoo.com	\N	2202a479-3764-463f-a442-54fce58cf0c4	2026-03-27 20:44:23.998512+00
b1adbbbb-e1ab-4c3d-b545-1ac9906a3419	\N	+31616140734	\N	2026-04-03 12:13:30.305589+00
5af08945-bf67-4047-89f8-522635e935f4	\N	+31681476380	\N	2026-04-03 12:13:30.315494+00
df6d64d8-c167-4e80-91c7-d91930301988	\N	+4915738273620	\N	2026-04-03 12:13:30.326195+00
57dcfa73-3e0c-4e3e-abcd-520c97bdea65	\N	+48510835369	\N	2026-04-03 12:13:30.329192+00
35680122-30cb-493b-80fd-357c9ad5c9ce	kitchencarnage@yahoo.co.uk	\N	\N	2026-04-03 12:13:30.332635+00
f53e91b7-5132-446b-b145-ad4cdeeca25d	themarieconroy@gmail.com	\N	\N	2026-04-01 08:11:34.489586+00
7a4a228c-df7a-48a0-adab-fbb8b5bfff9b	angelakerr345@gmail.com	\N	a0466c75-e1ca-4787-b00d-eb85a2810c2d	2026-03-28 21:05:01.472832+00
bc8a26cc-7baa-4aeb-8eca-c4b10fd29196	edhavenrak@icloud.com	\N	\N	2026-04-03 14:59:10.129367+00
a7143682-805a-45fc-bc83-836949651405	delmotte.david@gmail.com	0033768351928	\N	2026-03-26 12:34:13.567908+00
94c1ade5-918f-4dd5-ae6b-68ca79a918c0	\N	+31625043521	\N	2026-04-30 16:09:45.291837+00
96234101-aeeb-4630-909d-430f45a2e5a6	ms.waxa@gmail.com	\N	\N	2026-05-01 13:56:53.392215+00
fcda91f9-ce6f-42c8-a282-f4ed68492495	karen.rickers@netcologne.de	\N	\N	2026-05-01 14:35:35.612728+00
d0a953a9-5beb-40fe-bf53-f6b80926c6d6	nanbowles@gmail.com	\N	2fbe7423-78af-41b2-bb45-c68cf39c362d	2026-03-26 13:02:56.541877+00
a4ea4395-b17c-4f7f-9850-f30d5f26d2ef	jenni.iyoyo@ziggo.nl	0615316188	\N	2026-03-28 12:43:41.02508+00
cf17d746-1ffa-4da7-9b63-d5cb975ad638	\N	0652568030	\N	2026-03-29 21:46:45.688831+00
92abf282-6619-4701-a33b-7cf68ac5bc4a	adventure@slowquest.com	\N	\N	2026-04-06 20:24:18.589621+00
fd0768aa-f234-4287-8b3c-374930094463	nancy.delmotte@icloud.com	0622592367	\N	2026-04-08 14:26:27.216916+00
8c823183-dd46-4a93-b14f-11bf8a4b362c	nanbowles@outlook.com	\N	\N	2026-03-29 22:18:03.701841+00
4880e61c-9d44-4bfa-b826-b992d7f97f7a	pjm360@gmail.com	\N	f676212a-53d1-4426-84fb-08b4061a9f17	2026-04-12 07:36:07.138398+00
0d82ce53-e969-4790-885b-ebae73e997bd	bodieh@gmail.com	\N	7fbd3d98-b51a-4290-b714-a3a4100fc4e3	2026-04-06 20:25:30.049404+00
b2163fd4-62a4-4b43-8aae-a1f1ccdf6510	\N	+31610177782	\N	2026-04-28 07:30:07.482767+00
6115e2a5-c54c-4189-8407-9a1c1cd32e18	carvanam@hotmail.com	\N	\N	2026-04-28 10:34:51.709245+00
87da3646-5462-44d2-b7dc-893dc77e707a	eden.madrone@gmail.com	\N	\N	2026-03-29 22:15:18.008993+00
2838df54-1c78-417c-a1d9-a435ad8213f1	bowlesnan@gmail.com	\N	c4f156ca-cf79-46e9-8566-db237f5f71fc	2026-03-26 13:35:51.346799+00
84e89677-e770-4d9a-96bf-74ff551eb675	retailnan@gmail.com	\N	9fd35854-4474-4865-80a2-5cd7256180f6	2026-03-30 06:29:40.350754+00
6e2330a6-0ed6-4fd9-9355-ab0336b2daa5	heppwalker@hotmail.com	\N	\N	2026-03-29 22:10:59.768635+00
\.


--
-- Data for Name: device_contacts; Type: TABLE DATA; Schema: public; Owner: postgres
--

COPY "public"."device_contacts" ("id", "user_id", "display_name", "phone_e164", "email_lc", "device_contact_id", "avatar_uri", "matched_user_id", "created_at", "updated_at", "person_id") FROM stdin;
0b4556a2-f5ce-424f-a0cd-3d03dbb4a25b	2fbe7423-78af-41b2-bb45-c68cf39c362d	Cala	+31616140734	\N	4FDB6C0B-F410-4862-A36C-14271C32651E:ABPerson	\N	\N	2026-04-03 12:12:48.750394+00	2026-04-03 12:12:48.750394+00	\N
12ee5bb4-85ad-4aca-9cbf-43212b7e2c86	2fbe7423-78af-41b2-bb45-c68cf39c362d	Ed Stanley	+31681476380	\N	C97A17E8-9B42-4C52-BC8F-E9EFA574C8F8:ABPerson	\N	\N	2026-04-03 12:12:48.750394+00	2026-04-03 12:12:48.750394+00	\N
2f9e3fb4-d0c9-4b47-8fb6-a0f233b65c49	2fbe7423-78af-41b2-bb45-c68cf39c362d	Karen	+4915738273620	\N	A227BD72-EED9-4EED-B587-236F95F5CB43:ABPerson	\N	\N	2026-04-03 12:13:02.940138+00	2026-04-03 12:13:02.940138+00	\N
c18e338c-0353-49f1-996d-7343c196d35e	2fbe7423-78af-41b2-bb45-c68cf39c362d	Zizi	+48510835369	\N	6AFB5CE8-E73A-43B2-B8D8-204C1F24FCC0:ABPerson	\N	\N	2026-04-03 12:13:17.038934+00	2026-04-03 12:13:17.038934+00	\N
1161a747-5920-41d1-b6bd-1cbd899f3cf3	2fbe7423-78af-41b2-bb45-c68cf39c362d	Jenni Iyoyo	0615316188	jenni.iyoyo@ziggo.nl	F89C9C7A-43A0-4F45-818E-2A0AA35030AE	\N	\N	2026-03-28 11:19:35.590833+00	2026-03-28 11:19:35.590833+00	\N
84aec3c5-b1eb-4cdc-b7d4-81b927113255	2fbe7423-78af-41b2-bb45-c68cf39c362d	Carrie	0652568030	\N	1A135E72-264D-43CB-9A82-375372FDAB55	\N	\N	2026-03-29 21:46:32.065223+00	2026-03-29 21:46:32.065223+00	\N
3a35b14e-ef59-4977-8a46-eb67c1d1a5ca	2fbe7423-78af-41b2-bb45-c68cf39c362d	\N	\N	bowlesnan@gmail.com	20904BCA-DA0A-453F-9A72-3DB4AE5A066B:ABPerson	\N	c4f156ca-cf79-46e9-8566-db237f5f71fc	2026-03-28 09:44:11.809649+00	2026-04-25 18:11:24.382332+00	\N
8bebd343-964a-4596-bab2-2a8e0fd7c7cc	9fd35854-4474-4865-80a2-5cd7256180f6	bowlesnan	\N	bowlesnan@gmail.com	20904BCA-DA0A-453F-9A72-3DB4AE5A066B:ABPerson	\N	c4f156ca-cf79-46e9-8566-db237f5f71fc	2026-03-28 09:16:17.749094+00	2026-04-25 18:11:24.382332+00	\N
670fbc68-b40c-45d3-94c8-f3899ac7f283	ef3bfc23-d707-40db-b7e9-86f921e02028	bowlesnan	\N	bowlesnan@gmail.com	20904BCA-DA0A-453F-9A72-3DB4AE5A066B:ABPerson	\N	c4f156ca-cf79-46e9-8566-db237f5f71fc	2026-04-04 11:52:43.759824+00	2026-04-25 18:11:24.382332+00	\N
7689fa08-f30e-4c21-9749-65b6cae437f3	2fbe7423-78af-41b2-bb45-c68cf39c362d	Angela Tweedie New	+31610177782	\N	CAE0E0DF-39FC-431D-8559-4FC84B6B8CBD:ABPerson	\N	\N	2026-04-28 07:29:44.843129+00	2026-04-28 07:29:44.843129+00	\N
be3ca4ba-2cca-414c-8802-be5a1e5a4266	45e52db6-ffe3-4569-8682-c2bfdb56198c	Marie (Angela)	+31625043521	\N	9DE3E875-ED7E-49E2-BDCD-100F6BD220A3:ABPerson	\N	\N	2026-04-30 16:09:37.063106+00	2026-04-30 16:09:37.063106+00	\N
\.


--
-- Data for Name: email_subscriptions; Type: TABLE DATA; Schema: public; Owner: postgres
--

COPY "public"."email_subscriptions" ("id", "event_id", "email_lc", "is_unsubscribed", "unsubscribed_at", "created_at") FROM stdin;
\.


--
-- Data for Name: event_chat_threads; Type: TABLE DATA; Schema: public; Owner: postgres
--

COPY "public"."event_chat_threads" ("id", "event_id", "created_at") FROM stdin;
6616b574-eea8-45ca-a709-93b23b148b23	8c412619-77cd-4387-b749-663a04f08b76	2026-03-27 20:36:12.002083+00
6390efad-438d-4144-8420-9d72b4b06c63	496ce5d6-5f23-403b-8e45-eeb13adfa441	2026-04-01 08:02:13.750728+00
5822a983-97cf-4aa7-8aee-6c7d01ec2060	798cd413-6733-4428-94b1-bd01edba05d2	2026-04-07 20:16:57.493562+00
c532ea4e-a797-466b-8f02-bd16e993002e	38275534-93c0-483b-aa96-60c2ab5ebf9f	2026-04-28 11:26:16.092349+00
ec76d06c-15ae-440f-86fd-44c909f84dfa	b17d8d3c-b790-4444-886d-025288722d6f	2026-04-30 16:13:48.811559+00
75e26071-2ccb-4990-9678-e77ca3f84c7e	eabc3dc5-eae3-452e-a94c-c1831c5bd05d	2026-05-03 08:07:15.985059+00
\.


--
-- Data for Name: event_chat_messages; Type: TABLE DATA; Schema: public; Owner: postgres
--

COPY "public"."event_chat_messages" ("id", "thread_id", "event_id", "sender_email_lc", "body", "created_at", "edited_at") FROM stdin;
b56f84fa-63a4-45f0-8cbe-666f74b6bfe5	6616b574-eea8-45ca-a709-93b23b148b23	8c412619-77cd-4387-b749-663a04f08b76	nanbowles@gmail.com	You know me, I always want to take an uber. What do y’all think?	2026-03-27 20:36:12.002083+00	\N
4ebb5ca9-d426-41b4-b53a-6a6e1fd779e4	6616b574-eea8-45ca-a709-93b23b148b23	8c412619-77cd-4387-b749-663a04f08b76	nanbowles@gmail.com	Oh that’s so exciting!	2026-03-27 20:45:21.945203+00	\N
129ffbf3-34a3-4a08-8a54-19c565e60fb5	6616b574-eea8-45ca-a709-93b23b148b23	8c412619-77cd-4387-b749-663a04f08b76	devyani71@yahoo.com	Sounds great!	2026-03-27 20:49:39.379384+00	\N
406c56c7-dec0-4090-b9b1-0f82ad49bb78	6616b574-eea8-45ca-a709-93b23b148b23	8c412619-77cd-4387-b749-663a04f08b76	nanbowles@gmail.com	I think Angela can order the uber from her place and then pick us each up on the way?	2026-03-27 20:53:31.291384+00	\N
7558c869-9560-4c9b-abe2-c1ab8628081e	6616b574-eea8-45ca-a709-93b23b148b23	8c412619-77cd-4387-b749-663a04f08b76	devyani71@yahoo.com	That works	2026-03-27 20:56:57.070922+00	\N
b3afafc0-c2fd-46d9-9a9f-d18f9030d679	6616b574-eea8-45ca-a709-93b23b148b23	8c412619-77cd-4387-b749-663a04f08b76	devyani71@yahoo.com	If Angela would join the chat and agree that would be lovely 😉	2026-03-27 20:57:27.608843+00	\N
94e1db2a-657a-4857-af34-2bb6315ae22e	6616b574-eea8-45ca-a709-93b23b148b23	8c412619-77cd-4387-b749-663a04f08b76	nanbowles@gmail.com	Let’s see how techy she is 🤣	2026-03-27 20:58:24.958294+00	\N
d920dcb9-4725-4cae-aa78-77a15a2797dc	6616b574-eea8-45ca-a709-93b23b148b23	8c412619-77cd-4387-b749-663a04f08b76	devyani71@yahoo.com	Time will tell 😅	2026-03-27 23:07:29.006195+00	\N
fff65ca5-3505-48b1-9885-3b75234baa65	6616b574-eea8-45ca-a709-93b23b148b23	8c412619-77cd-4387-b749-663a04f08b76	nanbowles@gmail.com	Angela	2026-03-28 11:53:43.219931+00	\N
051ddece-3bfc-4713-9d01-44a9d847700a	6616b574-eea8-45ca-a709-93b23b148b23	8c412619-77cd-4387-b749-663a04f08b76	nanbowles@gmail.com	Here is the chat!	2026-03-28 11:53:54.593488+00	\N
723951da-9a45-4033-9f00-3d11a3394371	6616b574-eea8-45ca-a709-93b23b148b23	8c412619-77cd-4387-b749-663a04f08b76	nanbowles@gmail.com	That was so much fun! Thanks ladies🩷	2026-03-28 21:07:59.363141+00	\N
d0ea95f6-a0b0-43d8-8d60-8dc4752f8284	6616b574-eea8-45ca-a709-93b23b148b23	8c412619-77cd-4387-b749-663a04f08b76	devyani71@yahoo.com	It was a lot of fun! 🤗🤗	2026-03-29 09:11:36.586548+00	\N
11bd9165-5c33-4600-ada4-195932139cee	6390efad-438d-4144-8420-9d72b4b06c63	496ce5d6-5f23-403b-8e45-eeb13adfa441	nanbowles@gmail.com	Hi Ria!	2026-04-01 08:02:13.750728+00	\N
896ad918-96bb-4561-a7b7-cf60ddcc8cc6	6390efad-438d-4144-8420-9d72b4b06c63	496ce5d6-5f23-403b-8e45-eeb13adfa441	nanbowles@gmail.com	I will check the different locations and see if there are availablities	2026-04-01 08:03:11.085315+00	\N
e7627cf4-5c1c-416c-9790-0ef726f0cc5b	6390efad-438d-4144-8420-9d72b4b06c63	496ce5d6-5f23-403b-8e45-eeb13adfa441	nanbowles@gmail.com	Tracey I see you changed your yes to a maybe? Should we reschedule for when Jenni’s recovered?	2026-04-01 08:03:48.931996+00	\N
aebd9da4-cc6a-469d-af8f-61519bcacc5b	6390efad-438d-4144-8420-9d72b4b06c63	496ce5d6-5f23-403b-8e45-eeb13adfa441	nanbowles@gmail.com	Need to vote again everyone!	2026-04-01 09:39:32.378988+00	\N
16b29ca4-3089-4860-b505-2060e7a7d673	6390efad-438d-4144-8420-9d72b4b06c63	496ce5d6-5f23-403b-8e45-eeb13adfa441	heppwalker@hotmail.com	Is it short session? Then I'm in but not 2.5 hrs. Am missing something. I don't see location or event details. I'll look again.	2026-04-05 19:52:58.81958+00	\N
9a93a4f8-c1e5-4a2c-83b0-c4cb6bf1d3d6	6390efad-438d-4144-8420-9d72b4b06c63	496ce5d6-5f23-403b-8e45-eeb13adfa441	nanbowles@gmail.com	I haven’t booked anything yet since we haven’t decided on a date yet! Waiting for everyone to vote. What is a good amount of time and location for you Tracy?	2026-04-06 03:48:14.568252+00	\N
d74dc76b-a6ee-4767-9815-679d03f1a1df	5822a983-97cf-4aa7-8aee-6c7d01ec2060	798cd413-6733-4428-94b1-bd01edba05d2	teunvdberg@yahoo.co.uk	When is a bit the question…?	2026-04-07 20:16:57.493562+00	\N
6da71fe3-e97d-459b-a0aa-f0010b6d3ded	5822a983-97cf-4aa7-8aee-6c7d01ec2060	798cd413-6733-4428-94b1-bd01edba05d2	nanbowles@gmail.com	Today would have been great with this weather. Will it continue?  Or is Summer over? I can do tommorow afternoon?	2026-04-08 15:00:17.504355+00	\N
c327d0d2-4237-4d98-8607-8642f16c3461	5822a983-97cf-4aa7-8aee-6c7d01ec2060	798cd413-6733-4428-94b1-bd01edba05d2	teunvdberg@yahoo.co.uk	Yes,that would have been great… nicely on a terrace…I’m a bit occupied tomorrow… besides it’s my bday..	2026-04-08 20:25:31.476328+00	\N
2a413ac3-ec47-4c00-a054-4fceff4ff34f	5822a983-97cf-4aa7-8aee-6c7d01ec2060	798cd413-6733-4428-94b1-bd01edba05d2	nanbowles@gmail.com	Omg happy birthday!!🥳	2026-04-08 20:45:40.126472+00	\N
249be242-02d3-482e-b5ec-fb21c7cf8b21	5822a983-97cf-4aa7-8aee-6c7d01ec2060	798cd413-6733-4428-94b1-bd01edba05d2	teunvdberg@yahoo.co.uk	Thank	2026-04-08 23:55:30.581976+00	\N
22f12917-4457-492d-8d88-47ea18ba9278	c532ea4e-a797-466b-8f02-bd16e993002e	38275534-93c0-483b-aa96-60c2ab5ebf9f	kitchencarnage@yahoo.co.uk	Same spot or somewhere different?	2026-04-28 11:26:16.092349+00	\N
c8624151-d068-4f05-b114-22f370b3c9eb	ec76d06c-15ae-440f-86fd-44c909f84dfa	b17d8d3c-b790-4444-886d-025288722d6f	jenni.iyoyo@gmail.com	It won’t let me put Angela’s house for the location. So just to let you know Angela is kindly hosting.	2026-04-30 16:13:48.811559+00	\N
cacb5ef2-8dd2-4419-b5f3-1c198ab86d8c	ec76d06c-15ae-440f-86fd-44c909f84dfa	b17d8d3c-b790-4444-886d-025288722d6f	nanbowles@gmail.com	Ok excellent	2026-04-30 20:20:30.8576+00	\N
151fef5d-b956-4c89-91ac-1cf5adf4abf3	75e26071-2ccb-4990-9678-e77ca3f84c7e	eabc3dc5-eae3-452e-a94c-c1831c5bd05d	kitchencarnage@yahoo.co.uk	Table booked for 7.30, Monday 11 May 🥳	2026-05-03 08:07:15.985059+00	\N
\.


--
-- Data for Name: event_chat_reads; Type: TABLE DATA; Schema: public; Owner: postgres
--

COPY "public"."event_chat_reads" ("thread_id", "user_email_lc", "last_read_at") FROM stdin;
5822a983-97cf-4aa7-8aee-6c7d01ec2060	nanbowles@gmail.com	2026-04-09 04:38:24.702555+00
5822a983-97cf-4aa7-8aee-6c7d01ec2060	teunvdberg@yahoo.co.uk	2026-04-11 08:35:06.397007+00
6390efad-438d-4144-8420-9d72b4b06c63	nanbowles@gmail.com	2026-04-21 06:46:30.899413+00
6616b574-eea8-45ca-a709-93b23b148b23	devyani71@yahoo.com	2026-04-21 08:27:43.717388+00
c532ea4e-a797-466b-8f02-bd16e993002e	kitchencarnage@yahoo.co.uk	2026-04-28 11:26:16.353301+00
c532ea4e-a797-466b-8f02-bd16e993002e	nanbowles@gmail.com	2026-04-29 23:35:15.418755+00
ec76d06c-15ae-440f-86fd-44c909f84dfa	nanbowles@gmail.com	2026-04-30 20:20:32.856704+00
ec76d06c-15ae-440f-86fd-44c909f84dfa	jenni.iyoyo@gmail.com	2026-05-01 07:57:59.949526+00
75e26071-2ccb-4990-9678-e77ca3f84c7e	kitchencarnage@yahoo.co.uk	2026-05-03 08:07:16.613784+00
6616b574-eea8-45ca-a709-93b23b148b23	nanbowles@gmail.com	2026-04-04 11:17:15.618947+00
6390efad-438d-4144-8420-9d72b4b06c63	heppwalker@hotmail.com	2026-04-05 19:52:59.783481+00
\.


--
-- Data for Name: event_dm_threads; Type: TABLE DATA; Schema: public; Owner: postgres
--

COPY "public"."event_dm_threads" ("id", "event_id", "user_a_email_lc", "user_b_email_lc", "created_at", "updated_at", "last_message_at", "last_message_preview") FROM stdin;
9607d312-e02a-48d3-967e-3a63ab4cc80b	798cd413-6733-4428-94b1-bd01edba05d2	nanbowles@gmail.com	teunvdberg@yahoo.co.uk	2026-04-04 14:40:03.9145+00	2026-04-04 14:40:03.9145+00	\N	\N
5ee54960-c7ce-4594-8223-4ab64cb4d1b3	51f4ccc0-8005-4cd7-8e10-61e2acb8f244	bodieh@gmail.com	nanbowles@gmail.com	2026-04-06 20:26:19.566237+00	2026-04-06 20:26:56.350924+00	2026-04-06 20:26:56.350924+00	Hello
2c2f56ab-529b-4546-b4fa-c00b941a2b40	9949ea0a-606b-445e-9487-e4a06bd8bacd	nanbowles@gmail.com	tsquare64@gmail.com	2026-04-06 03:48:33.597018+00	2026-04-14 08:16:33.888291+00	2026-04-14 08:16:33.888291+00	Im happy to hear that you still have your mom!
0bf44713-9fcf-4eee-8eac-99d6a23a8058	496ce5d6-5f23-403b-8e45-eeb13adfa441	nanbowles@gmail.com	themarieconroy@gmail.com	2026-04-18 14:52:59.467002+00	2026-04-18 14:52:59.467002+00	\N	\N
880250b0-33ef-47a6-a70a-90d15fc94e92	496ce5d6-5f23-403b-8e45-eeb13adfa441	angelakerr345@gmail.com	nanbowles@gmail.com	2026-04-18 15:08:34.091436+00	2026-04-18 15:08:34.091436+00	\N	\N
b761c731-18c1-40b7-91cc-22c49115cfa6	496ce5d6-5f23-403b-8e45-eeb13adfa441	bowlesnan@gmail.com	nanbowles@gmail.com	2026-04-18 15:54:52.888447+00	2026-04-18 15:54:52.888447+00	\N	\N
92e19826-14a8-4c8c-adeb-dea713146f4a	496ce5d6-5f23-403b-8e45-eeb13adfa441	bowlesnan@gmail.com	jenni.iyoyo@ziggo.nl	2026-04-18 16:08:52.930981+00	2026-04-18 16:08:52.930981+00	\N	\N
3c73729d-5aea-4401-ba7d-cfef71f3f80b	496ce5d6-5f23-403b-8e45-eeb13adfa441	bowlesnan@gmail.com	jenni.iyoyo@gmail.com	2026-04-18 16:09:00.132633+00	2026-04-18 16:09:00.132633+00	\N	\N
7bd44f56-9685-426c-92e8-37542ac6091d	496ce5d6-5f23-403b-8e45-eeb13adfa441	bowlesnan@gmail.com	themarieconroy@gmail.com	2026-04-18 16:11:10.333471+00	2026-04-18 16:11:10.333471+00	\N	\N
89617c8b-3f62-457c-8857-9a928f2a7e52	496ce5d6-5f23-403b-8e45-eeb13adfa441	bowlesnan@gmail.com	devyani71@yahoo.com	2026-04-19 06:37:08.293759+00	2026-04-19 06:37:08.293759+00	\N	\N
b677d2a4-d0a6-4179-9d06-1726fabfb05d	496ce5d6-5f23-403b-8e45-eeb13adfa441	margot.delmotte@gmail.com	nanbowles@gmail.com	2026-04-20 13:28:39.591924+00	2026-04-20 13:28:56.019925+00	2026-04-20 13:28:56.019925+00	How cool that you want to come to karaoke!
e53c4008-c9f6-4ae5-bb4b-f95e38bfc82e	a4b2b3eb-3aa5-4bb3-930b-35b8b7478196	kitchencarnage@yahoo.co.uk	nanbowles@gmail.com	2026-04-14 12:29:06.817804+00	2026-04-21 11:10:56.638523+00	2026-04-21 11:10:56.638523+00	👌
502fdc97-ac2c-48ed-9583-f5295ea79489	496ce5d6-5f23-403b-8e45-eeb13adfa441	nanbowles@gmail.com	retailnan@gmail.com	2026-04-24 15:48:59.759699+00	2026-04-24 16:21:16.155905+00	2026-04-24 16:21:16.155905+00	Yes sounds great 👍 thanks 🤩
03cb7564-c164-42ac-bf60-1c4918b00a84	496ce5d6-5f23-403b-8e45-eeb13adfa441	p8mkw62djr@privaterelay.appleid.com	riajones99@googlemail.com	2026-04-30 07:11:25.476199+00	2026-04-30 07:11:25.476199+00	\N	\N
d06b8d1f-ce6d-4042-bc62-af2b549b66f8	b17d8d3c-b790-4444-886d-025288722d6f	angelakerr345@gmail.com	jenni.iyoyo@gmail.com	2026-04-30 14:40:46.831407+00	2026-04-30 14:40:46.831407+00	\N	\N
06271e72-99a9-450d-9830-7a4a189ae45a	496ce5d6-5f23-403b-8e45-eeb13adfa441	heppwalker@hotmail.com	nanbowles@gmail.com	2026-04-28 08:09:05.390742+00	2026-04-30 15:29:42.545664+00	2026-04-30 15:29:42.545664+00	?
8f5f4a0c-8d8f-489a-abf1-e33ca3404044	4022efe1-391f-47e3-bb53-35ab79aee26a	margot.delmotte@gmail.com	w.delmotte@gmail.com	2026-04-30 20:23:07.903125+00	2026-04-30 20:23:07.903125+00	\N	\N
b095b894-e4b2-4151-80d9-d287d001b9c3	bac32d22-3490-45eb-93a6-7bd39c7a54d5	jpp423@gmail.com	nanbowles@gmail.com	2026-05-02 08:26:14.385304+00	2026-05-02 09:05:45.150871+00	2026-05-02 09:05:45.150871+00	No? Lol. It’s so far just an orgy of 1 :(
4645e260-4892-469c-8182-02f629fd539d	934b7e06-e645-4f82-b529-8dfc9b6aa919	jpp423@gmail.com	nanbowles@gmail.com	2026-05-02 08:27:18.809765+00	2026-05-02 09:06:02.718006+00	2026-05-02 09:06:02.718006+00	👍
64c9fdb4-da09-4435-8832-411396da44f8	0f921809-ca6e-4dc9-871f-832c8a008476	nanbowles@gmail.com	p8mkw62djr@privaterelay.appleid.com	2026-04-30 07:15:13.245886+00	2026-05-02 18:31:23.986402+00	2026-05-02 18:31:23.986402+00	👌🏽
\.


--
-- Data for Name: event_dm_messages; Type: TABLE DATA; Schema: public; Owner: postgres
--

COPY "public"."event_dm_messages" ("id", "thread_id", "event_id", "sender_email_lc", "recipient_email_lc", "body", "created_at", "edited_at") FROM stdin;
1e1d5bfe-ef6b-43dd-b84a-c7752d99255f	2c2f56ab-529b-4546-b4fa-c00b941a2b40	9949ea0a-606b-445e-9487-e4a06bd8bacd	nanbowles@gmail.com	tsquare64@gmail.com	That’s cool that the time in the ics download is correct. Can you tell me your experience with sharing the invite? I think the integration with contacts is a bit clunky	2026-04-06 03:50:04.495719+00	\N
31913954-01ee-406d-b7ef-ef8752d4a647	2c2f56ab-529b-4546-b4fa-c00b941a2b40	9949ea0a-606b-445e-9487-e4a06bd8bacd	tsquare64@gmail.com	nanbowles@gmail.com	I was trying to send it to Elizabeth (my spouse) and it would only allow me to use her Messages link (cell phone number). I couldn't find a link or path that would allow me to send it to her email.\nOthers were listed with email address only but I didn't try sending to them.\nI agree - a bit clunky	2026-04-06 04:56:11.253098+00	\N
1f77e0af-ff30-4f27-b209-e753833b81cf	2c2f56ab-529b-4546-b4fa-c00b941a2b40	9949ea0a-606b-445e-9487-e4a06bd8bacd	tsquare64@gmail.com	nanbowles@gmail.com	Now it's my bedtime. I'll look at it more tomorrow, time permitting	2026-04-06 05:01:20.096278+00	\N
2fcd56e4-bf7b-4b36-95d1-e407b4474d08	5ee54960-c7ce-4594-8223-4ab64cb4d1b3	51f4ccc0-8005-4cd7-8e10-61e2acb8f244	bodieh@gmail.com	nanbowles@gmail.com	Hello	2026-04-06 20:26:56.350924+00	\N
3ce89f95-5a55-497a-a0fc-5e6189185e33	2c2f56ab-529b-4546-b4fa-c00b941a2b40	9949ea0a-606b-445e-9487-e4a06bd8bacd	tsquare64@gmail.com	nanbowles@gmail.com	Hi Nancy, I just wanted to let you know I didn't forget about this. I'm just dealing with an unusually heavy workload at work. Also, my efforts helping Mom hit a snag this weekend. Sigh.	2026-04-13 13:43:03.947988+00	\N
526853b3-e94d-4d5e-a067-79799663a4c9	2c2f56ab-529b-4546-b4fa-c00b941a2b40	9949ea0a-606b-445e-9487-e4a06bd8bacd	nanbowles@gmail.com	tsquare64@gmail.com	🙏 thanks a lot. I’m not exactly working full time on this thing, it’s just a hobby while I’m figuring out what to do with my life. 😆	2026-04-14 08:15:59.208834+00	\N
5433b3fa-217e-4dbe-85c6-3926372ed7aa	2c2f56ab-529b-4546-b4fa-c00b941a2b40	9949ea0a-606b-445e-9487-e4a06bd8bacd	nanbowles@gmail.com	tsquare64@gmail.com	Im happy to hear that you still have your mom!	2026-04-14 08:16:33.888291+00	\N
92e4ca16-7f39-4c05-89fd-d03c75a3718d	e53c4008-c9f6-4ae5-bb4b-f95e38bfc82e	a4b2b3eb-3aa5-4bb3-930b-35b8b7478196	nanbowles@gmail.com	kitchencarnage@yahoo.co.uk	Lovely idea for a coffee or a walk	2026-04-14 12:29:22.873536+00	\N
f7863361-75cd-4256-98d3-f626d87d5e72	e53c4008-c9f6-4ae5-bb4b-f95e38bfc82e	a4b2b3eb-3aa5-4bb3-930b-35b8b7478196	nanbowles@gmail.com	kitchencarnage@yahoo.co.uk	Lets decide closer to the day	2026-04-14 12:29:39.142591+00	\N
47fef670-b19d-4e19-aff6-05c707947fe0	e53c4008-c9f6-4ae5-bb4b-f95e38bfc82e	a4b2b3eb-3aa5-4bb3-930b-35b8b7478196	kitchencarnage@yahoo.co.uk	nanbowles@gmail.com	Lovely. X	2026-04-14 17:53:49.333227+00	\N
dd3d872f-5610-48c4-9e06-a1984e9565b8	b677d2a4-d0a6-4179-9d06-1726fabfb05d	496ce5d6-5f23-403b-8e45-eeb13adfa441	nanbowles@gmail.com	margot.delmotte@gmail.com	How cool that you want to come to karaoke!	2026-04-20 13:28:56.019925+00	\N
2c49b1de-f572-4bb2-a42d-2bd4d008c79a	e53c4008-c9f6-4ae5-bb4b-f95e38bfc82e	a4b2b3eb-3aa5-4bb3-930b-35b8b7478196	nanbowles@gmail.com	kitchencarnage@yahoo.co.uk	Hey😆 we still on for tomorrow? I will be taking a tram from my place so near Beethovenstraat would be convenient.	2026-04-20 20:36:01.825836+00	\N
8657e80e-0c81-49e5-8d49-70e476cc5598	e53c4008-c9f6-4ae5-bb4b-f95e38bfc82e	a4b2b3eb-3aa5-4bb3-930b-35b8b7478196	kitchencarnage@yahoo.co.uk	nanbowles@gmail.com	Yes, lovely! Did we say about 2pm?	2026-04-21 07:06:00.865229+00	\N
0e83c419-700c-423d-b6a2-dee6079d9d83	e53c4008-c9f6-4ae5-bb4b-f95e38bfc82e	a4b2b3eb-3aa5-4bb3-930b-35b8b7478196	nanbowles@gmail.com	kitchencarnage@yahoo.co.uk	Yes, that still works, do you have a place in mind?	2026-04-21 07:26:51.032928+00	\N
e0b247df-6e41-4d0f-9ec2-9c807cd172e6	e53c4008-c9f6-4ae5-bb4b-f95e38bfc82e	a4b2b3eb-3aa5-4bb3-930b-35b8b7478196	kitchencarnage@yahoo.co.uk	nanbowles@gmail.com	Ludwigs or Cafecito?	2026-04-21 10:00:53.417538+00	\N
6ce0966d-fbc8-4460-9e28-1c4d5c1113d8	e53c4008-c9f6-4ae5-bb4b-f95e38bfc82e	a4b2b3eb-3aa5-4bb3-930b-35b8b7478196	nanbowles@gmail.com	kitchencarnage@yahoo.co.uk	Ok let’s meet at cafecito	2026-04-21 10:29:43.689101+00	\N
20b7433f-47b6-4753-a1a2-9feee8ae4897	e53c4008-c9f6-4ae5-bb4b-f95e38bfc82e	a4b2b3eb-3aa5-4bb3-930b-35b8b7478196	kitchencarnage@yahoo.co.uk	nanbowles@gmail.com	👌	2026-04-21 11:10:56.638523+00	\N
76d3d80a-7286-492a-ab5d-c631a302be20	502fdc97-ac2c-48ed-9583-f5295ea79489	496ce5d6-5f23-403b-8e45-eeb13adfa441	nanbowles@gmail.com	retailnan@gmail.com	Hello	2026-04-24 15:49:06.277416+00	\N
f0f3480d-1183-44fc-ad07-a6e3302b0ab2	502fdc97-ac2c-48ed-9583-f5295ea79489	496ce5d6-5f23-403b-8e45-eeb13adfa441	retailnan@gmail.com	nanbowles@gmail.com	Sounds like a good time	2026-04-24 16:20:03.23918+00	\N
bc20ba36-dad5-48cf-9167-d119403194b2	502fdc97-ac2c-48ed-9583-f5295ea79489	496ce5d6-5f23-403b-8e45-eeb13adfa441	nanbowles@gmail.com	retailnan@gmail.com	Yes sounds great 👍 thanks 🤩	2026-04-24 16:21:16.155905+00	\N
25102fd5-0110-40a2-9337-d2c960153009	06271e72-99a9-450d-9830-7a4a189ae45a	496ce5d6-5f23-403b-8e45-eeb13adfa441	nanbowles@gmail.com	heppwalker@hotmail.com	Hey Tracey, I’m not sure you noticed but you and Jenni don’t have overlapping dates for karaoke	2026-04-28 08:10:00.185771+00	\N
f1a367a1-bcbc-435c-9a9a-40d1552f6b80	64c9fdb4-da09-4435-8832-411396da44f8	0f921809-ca6e-4dc9-871f-832c8a008476	nanbowles@gmail.com	p8mkw62djr@privaterelay.appleid.com	I can see your account here!	2026-04-30 07:15:42.059547+00	\N
4e0f64c2-680d-4ac4-b2f4-4baacf19677d	06271e72-99a9-450d-9830-7a4a189ae45a	496ce5d6-5f23-403b-8e45-eeb13adfa441	heppwalker@hotmail.com	nanbowles@gmail.com	?	2026-04-30 15:29:42.545664+00	\N
fc36eace-dd9f-4b8d-ba3e-524b2ca1937a	4645e260-4892-469c-8182-02f629fd539d	934b7e06-e645-4f82-b529-8dfc9b6aa919	nanbowles@gmail.com	jpp423@gmail.com	Coffee at 8pm?	2026-05-02 08:27:31.436314+00	\N
105015ff-3eb2-4aa4-a141-d23ec44449fd	4645e260-4892-469c-8182-02f629fd539d	934b7e06-e645-4f82-b529-8dfc9b6aa919	jpp423@gmail.com	nanbowles@gmail.com	Water or tea or wine then. Lol. Trying to edit event to say “wine+ etc” but can’t	2026-05-02 08:37:23.63737+00	\N
a9a08614-0ae6-4676-95d5-09b6eeefa961	4645e260-4892-469c-8182-02f629fd539d	934b7e06-e645-4f82-b529-8dfc9b6aa919	jpp423@gmail.com	nanbowles@gmail.com	Also keyboard here inside app didn’t pop up unless I clicked very close to the bottom of the screen (eg not just anywhere in the chat box)	2026-05-02 08:38:16.579306+00	\N
91f2a660-6157-4565-a566-94cd7a8a6e29	4645e260-4892-469c-8182-02f629fd539d	934b7e06-e645-4f82-b529-8dfc9b6aa919	nanbowles@gmail.com	jpp423@gmail.com	Ok that’s new for me, thanks	2026-05-02 08:39:08.955163+00	\N
99c4cb47-bbaf-48fc-88ca-1a269b03558b	b095b894-e4b2-4151-80d9-d287d001b9c3	bac32d22-3490-45eb-93a6-7bd39c7a54d5	jpp423@gmail.com	nanbowles@gmail.com	No? Lol. It’s so far just an orgy of 1 :(	2026-05-02 09:05:45.150871+00	\N
da8f56b7-dbf1-4fe5-853a-e44bbc9d6d34	4645e260-4892-469c-8182-02f629fd539d	934b7e06-e645-4f82-b529-8dfc9b6aa919	jpp423@gmail.com	nanbowles@gmail.com	👍	2026-05-02 09:06:02.718006+00	\N
d7466e85-e39e-4d5c-8042-1316a818f845	64c9fdb4-da09-4435-8832-411396da44f8	0f921809-ca6e-4dc9-871f-832c8a008476	p8mkw62djr@privaterelay.appleid.com	nanbowles@gmail.com	👌🏽	2026-05-02 18:31:23.986402+00	\N
\.


--
-- Data for Name: event_dm_reads; Type: TABLE DATA; Schema: public; Owner: postgres
--

COPY "public"."event_dm_reads" ("thread_id", "user_email_lc", "last_read_at") FROM stdin;
b761c731-18c1-40b7-91cc-22c49115cfa6	nanbowles@gmail.com	2026-04-18 15:54:52.888447+00
9607d312-e02a-48d3-967e-3a63ab4cc80b	teunvdberg@yahoo.co.uk	2026-04-04 14:40:03.9145+00
06271e72-99a9-450d-9830-7a4a189ae45a	nanbowles@gmail.com	2026-04-30 20:03:00.723539+00
9607d312-e02a-48d3-967e-3a63ab4cc80b	nanbowles@gmail.com	2026-04-04 14:40:04.572349+00
8f5f4a0c-8d8f-489a-abf1-e33ca3404044	margot.delmotte@gmail.com	2026-04-30 20:23:07.903125+00
5ee54960-c7ce-4594-8223-4ab64cb4d1b3	bodieh@gmail.com	2026-04-06 20:26:56.698769+00
92e19826-14a8-4c8c-adeb-dea713146f4a	jenni.iyoyo@ziggo.nl	2026-04-18 16:08:52.930981+00
8f5f4a0c-8d8f-489a-abf1-e33ca3404044	w.delmotte@gmail.com	2026-05-01 12:08:20.216542+00
3c73729d-5aea-4401-ba7d-cfef71f3f80b	jenni.iyoyo@gmail.com	2026-04-18 16:09:00.132633+00
7bd44f56-9685-426c-92e8-37542ac6091d	themarieconroy@gmail.com	2026-04-18 16:11:10.333471+00
e53c4008-c9f6-4ae5-bb4b-f95e38bfc82e	kitchencarnage@yahoo.co.uk	2026-04-21 11:10:57.138857+00
89617c8b-3f62-457c-8857-9a928f2a7e52	devyani71@yahoo.com	2026-04-19 06:37:08.293759+00
e53c4008-c9f6-4ae5-bb4b-f95e38bfc82e	nanbowles@gmail.com	2026-04-25 17:17:57.142998+00
2c2f56ab-529b-4546-b4fa-c00b941a2b40	tsquare64@gmail.com	2026-04-14 13:09:12.450513+00
2c2f56ab-529b-4546-b4fa-c00b941a2b40	nanbowles@gmail.com	2026-04-24 14:08:11.547267+00
502fdc97-ac2c-48ed-9583-f5295ea79489	nanbowles@gmail.com	2026-04-25 17:29:27.829255+00
0bf44713-9fcf-4eee-8eac-99d6a23a8058	themarieconroy@gmail.com	2026-04-18 14:52:59.467002+00
0bf44713-9fcf-4eee-8eac-99d6a23a8058	nanbowles@gmail.com	2026-04-18 14:52:59.860204+00
880250b0-33ef-47a6-a70a-90d15fc94e92	angelakerr345@gmail.com	2026-04-18 15:08:34.091436+00
880250b0-33ef-47a6-a70a-90d15fc94e92	nanbowles@gmail.com	2026-04-18 15:08:34.581899+00
03cb7564-c164-42ac-bf60-1c4918b00a84	riajones99@googlemail.com	2026-04-30 07:11:25.476199+00
03cb7564-c164-42ac-bf60-1c4918b00a84	p8mkw62djr@privaterelay.appleid.com	2026-04-30 07:11:26.24061+00
b677d2a4-d0a6-4179-9d06-1726fabfb05d	nanbowles@gmail.com	2026-04-24 16:16:34.167593+00
5ee54960-c7ce-4594-8223-4ab64cb4d1b3	nanbowles@gmail.com	2026-04-21 06:51:05.71042+00
b095b894-e4b2-4151-80d9-d287d001b9c3	jpp423@gmail.com	2026-05-02 09:05:45.335944+00
b677d2a4-d0a6-4179-9d06-1726fabfb05d	margot.delmotte@gmail.com	2026-04-30 10:56:37.452786+00
502fdc97-ac2c-48ed-9583-f5295ea79489	retailnan@gmail.com	2026-04-24 16:38:13.602522+00
d06b8d1f-ce6d-4042-bc62-af2b549b66f8	jenni.iyoyo@gmail.com	2026-04-30 14:40:46.831407+00
d06b8d1f-ce6d-4042-bc62-af2b549b66f8	angelakerr345@gmail.com	2026-04-30 14:40:47.517683+00
4645e260-4892-469c-8182-02f629fd539d	jpp423@gmail.com	2026-05-02 09:26:01.826497+00
b095b894-e4b2-4151-80d9-d287d001b9c3	nanbowles@gmail.com	2026-05-02 12:13:25.632316+00
06271e72-99a9-450d-9830-7a4a189ae45a	heppwalker@hotmail.com	2026-04-30 15:29:42.921898+00
4645e260-4892-469c-8182-02f629fd539d	nanbowles@gmail.com	2026-05-02 12:13:29.661704+00
64c9fdb4-da09-4435-8832-411396da44f8	p8mkw62djr@privaterelay.appleid.com	2026-05-02 18:31:24.575805+00
64c9fdb4-da09-4435-8832-411396da44f8	nanbowles@gmail.com	2026-05-02 19:35:03.599398+00
\.


--
-- Data for Name: event_invites; Type: TABLE DATA; Schema: public; Owner: postgres
--

COPY "public"."event_invites" ("id", "event_id", "invitee_email_lc", "invitee_phone_e164", "invitee_name", "invited_by_email_lc", "invited_by_invite_id", "source_type", "source_ref", "status", "can_forward", "created_at", "claimed_at", "revoked_at", "requires_host_approval", "device_contact_id", "person_id") FROM stdin;
541eae2e-6ab6-47ee-8a24-86e87fc63e9f	496ce5d6-5f23-403b-8e45-eeb13adfa441	angelakerr345@gmail.com	\N	Angela	nanbowles@gmail.com	\N	host_friend	\N	pending	f	2026-03-29 21:46:47.00987+00	\N	\N	f	\N	7a4a228c-df7a-48a0-adab-fbb8b5bfff9b
5147f5bd-6715-4c96-87eb-f9561a6ff1ce	496ce5d6-5f23-403b-8e45-eeb13adfa441	devyani71@yahoo.com	\N	Devyani Sen	nanbowles@gmail.com	\N	host_friend	\N	pending	f	2026-03-29 21:46:47.00987+00	\N	\N	f	\N	f4a7291c-fb92-41cd-819c-e3459f55c5f1
40c21d2c-7b18-4f6c-9b17-1c524b147da3	496ce5d6-5f23-403b-8e45-eeb13adfa441	\N	0652568030	Carrie	nanbowles@gmail.com	\N	host_friend	\N	pending	f	2026-03-29 21:46:47.00987+00	\N	\N	f	\N	cf17d746-1ffa-4da7-9b63-d5cb975ad638
0fdf59c8-5ac9-4853-86a9-ce593d198cfb	496ce5d6-5f23-403b-8e45-eeb13adfa441	jenni.iyoyo@ziggo.nl	0615316188	Jenni Iyoyo	nanbowles@gmail.com	\N	host_friend	\N	pending	f	2026-03-29 21:46:47.00987+00	\N	\N	f	\N	a4ea4395-b17c-4f7f-9850-f30d5f26d2ef
c84f95a3-6591-4490-be6d-2aed8f2813ec	798cd413-6733-4428-94b1-bd01edba05d2	nanbowles@gmail.com	\N	Nancy	teunvdberg@yahoo.co.uk	\N	host_friend	\N	pending	f	2026-04-02 20:28:25.443135+00	\N	\N	f	\N	d0a953a9-5beb-40fe-bf53-f6b80926c6d6
1fdd1c41-3711-4d5c-8548-19f968423760	096aa4e9-66b5-492f-ba61-dc117ea39296	bowlesnan@gmail.com	\N	Dino	nanbowles@gmail.com	\N	host_friend	\N	pending	f	2026-04-26 17:18:05.929825+00	\N	\N	f	\N	2838df54-1c78-417c-a1d9-a435ad8213f1
8346dff5-719b-4660-911e-19ffaea2724a	e57ccf3c-6e05-4b85-9e78-63d2d266fe9d	bowlesnan@gmail.com	\N	Dino	nanbowles@gmail.com	\N	host_friend	\N	pending	f	2026-04-26 18:32:16.436466+00	\N	\N	f	\N	2838df54-1c78-417c-a1d9-a435ad8213f1
3fe79309-32c9-4580-9e42-4c4e99d8dea0	496ce5d6-5f23-403b-8e45-eeb13adfa441	\N	+31610177782	Angela Tweedie New	nanbowles@gmail.com	\N	host_friend	\N	pending	f	2026-04-28 07:30:07.714509+00	\N	\N	f	\N	b2163fd4-62a4-4b43-8aae-a1f1ccdf6510
0cc40ba2-4bba-4012-b150-3be04b528a87	4a18eeef-9e18-4e3d-97bb-b974e55c2d7b	nanbowles@gmail.com	\N	Nancy	kitchencarnage@yahoo.co.uk	\N	host_friend	\N	pending	f	2026-04-28 11:13:12.072604+00	\N	\N	f	\N	d0a953a9-5beb-40fe-bf53-f6b80926c6d6
c96f9950-9f82-4109-9c72-87f892afe0cd	4236fe44-9e8d-4d19-a7cb-6af7bdc1836e	nanbowles@gmail.com	\N	Nancy	kitchencarnage@yahoo.co.uk	\N	host_friend	\N	pending	f	2026-04-28 11:25:18.059672+00	\N	\N	f	\N	d0a953a9-5beb-40fe-bf53-f6b80926c6d6
9619ed6a-607e-4f34-9318-8ee6849af1f2	496ce5d6-5f23-403b-8e45-eeb13adfa441	riajones99@googlemail.com	\N	Ria	nanbowles@gmail.com	\N	host_friend	\N	pending	f	2026-04-30 06:57:13.815305+00	\N	\N	f	\N	44ec1a8d-266c-48b9-bd9b-cc5c03bcd020
97c5d2ec-b284-421f-bc38-f93ec3d2608a	0f921809-ca6e-4dc9-871f-832c8a008476	nanbowles@gmail.com	\N	Nancy	p8mkw62djr@privaterelay.appleid.com	\N	host_friend	\N	pending	f	2026-04-30 07:09:26.397075+00	\N	\N	f	\N	d0a953a9-5beb-40fe-bf53-f6b80926c6d6
11b00c86-19b7-4c6d-a835-985460f21163	b1bacf06-18b3-4ec4-90f4-688310ad284d	nanbowles@gmail.com	\N	Nancy	angelakerr345@gmail.com	\N	host_friend	\N	pending	f	2026-04-30 14:09:04.594812+00	\N	\N	f	\N	d0a953a9-5beb-40fe-bf53-f6b80926c6d6
823c1f07-906c-47db-957f-79daa33e9817	b1bacf06-18b3-4ec4-90f4-688310ad284d	devyani71@yahoo.com	\N	Devyani Sen	angelakerr345@gmail.com	\N	host_friend	\N	pending	f	2026-04-30 14:09:04.594812+00	\N	\N	f	\N	f4a7291c-fb92-41cd-819c-e3459f55c5f1
209aae19-6e1a-4032-a6db-f67260d3f4ae	b17d8d3c-b790-4444-886d-025288722d6f	nanbowles@gmail.com	\N	Nancy	jenni.iyoyo@gmail.com	\N	host_friend	\N	pending	f	2026-04-30 14:17:14.480099+00	\N	\N	f	\N	d0a953a9-5beb-40fe-bf53-f6b80926c6d6
301a16bf-e51f-460a-94bf-a27d99740e01	b17d8d3c-b790-4444-886d-025288722d6f	angelakerr345@gmail.com	\N	angela	jenni.iyoyo@gmail.com	\N	host_friend	\N	pending	f	2026-04-30 14:17:14.480099+00	\N	\N	f	\N	7a4a228c-df7a-48a0-adab-fbb8b5bfff9b
686bc067-4ce4-4497-a599-5bc66c96e94d	b17d8d3c-b790-4444-886d-025288722d6f	\N	+31625043521	Marie (Angela)	jenni.iyoyo@gmail.com	\N	host_friend	\N	pending	f	2026-04-30 16:09:45.539964+00	\N	\N	f	\N	94c1ade5-918f-4dd5-ae6b-68ca79a918c0
70d29d17-d2f1-41a1-b879-dd701333642e	51f4ccc0-8005-4cd7-8e10-61e2acb8f244	bodieh@gmail.com	\N	Bodie H	nanbowles@gmail.com	\N	host_friend	\N	pending	f	2026-04-06 20:25:30.487062+00	\N	\N	f	\N	0d82ce53-e969-4790-885b-ebae73e997bd
9d5bd93d-8886-4f9c-9dfe-0da100c2ab18	934b7e06-e645-4f82-b529-8dfc9b6aa919	nanbowles@gmail.com	\N	Nancy	jpp423@gmail.com	\N	host_friend	\N	pending	f	2026-05-02 08:22:38.261192+00	\N	\N	f	\N	d0a953a9-5beb-40fe-bf53-f6b80926c6d6
54446e1b-4c5e-4a3e-9c89-56cba7ba462d	bac32d22-3490-45eb-93a6-7bd39c7a54d5	nanbowles@gmail.com	\N	Nancy	jpp423@gmail.com	\N	host_friend	\N	pending	f	2026-05-02 08:25:59.322055+00	\N	\N	f	\N	d0a953a9-5beb-40fe-bf53-f6b80926c6d6
fa2833dd-6f26-42e2-874c-1407ff534228	a4b2b3eb-3aa5-4bb3-930b-35b8b7478196	nanbowles@gmail.com	\N	Nancy	kitchencarnage@yahoo.co.uk	\N	host_friend	\N	pending	f	2026-04-14 11:27:24.852544+00	\N	\N	f	\N	d0a953a9-5beb-40fe-bf53-f6b80926c6d6
\.


--
-- Data for Name: feedback; Type: TABLE DATA; Schema: public; Owner: postgres
--

COPY "public"."feedback" ("id", "created_at", "email", "content", "context") FROM stdin;
\.


--
-- Data for Name: hidden_people; Type: TABLE DATA; Schema: public; Owner: postgres
--

COPY "public"."hidden_people" ("id", "user_id", "email_lc", "phone_e164", "matched_user_id", "created_at", "hidden_at", "reason") FROM stdin;
\.


--
-- Data for Name: notifications_inbox; Type: TABLE DATA; Schema: public; Owner: postgres
--

COPY "public"."notifications_inbox" ("id", "user_email_lc", "event_id", "notification_type", "group_key", "latest_outbox_id", "latest_payload", "latest_message", "unread_count", "total_count", "is_read", "first_received_at", "last_received_at", "read_at", "created_at", "updated_at", "dismissed_at") FROM stdin;
059bce0c-8c9d-44b3-9d48-a36e1c0f932e	carvanam@hotmail.com	496ce5d6-5f23-403b-8e45-eeb13adfa441	guest_rsvp_confirmation	carvanam@hotmail.com|496ce5d6-5f23-403b-8e45-eeb13adfa441|guest_rsvp_confirmation	b08a6313-126b-4708-8ef5-36aec65f8782	{"slug": "vibe-spnhi-7449", "token": "e9014f96b55b2e8be668ed1d26d7be34", "response": "interested", "host_name": "Nancy", "event_title": "Karaoke"}	Karaoke	2	2	f	2026-04-28 10:34:51.976779+00	2026-04-28 10:35:12.952655+00	\N	2026-04-28 10:34:51.976779+00	2026-04-28 10:35:12.952655+00	\N
08bbb774-2fb1-4dba-8b29-6ec780f4d42a	w.delmotte@gmail.com	4022efe1-391f-47e3-bb53-35ab79aee26a	guest_rsvp_confirmation	w.delmotte@gmail.com|4022efe1-391f-47e3-bb53-35ab79aee26a|guest_rsvp_confirmation	4d698798-8e8f-44be-b8d8-baaae24583c7	{"slug": "event-90e7", "token": "d4109d39d210d5d2581c26898a86a832", "response": "yes", "host_name": "margot.delmotte", "guest_name": "William", "event_title": "Mother’s Day"}	Mother’s Day	0	1	t	2026-04-30 10:58:24.710789+00	2026-04-30 10:58:24.710789+00	2026-05-01 18:22:11.865639+00	2026-04-30 10:58:24.710789+00	2026-05-01 18:22:11.865639+00	\N
d383b1be-5bcb-48ad-8693-11872659d866	nanbowles@gmail.com	496ce5d6-5f23-403b-8e45-eeb13adfa441	rsvp_received	nanbowles@gmail.com|496ce5d6-5f23-403b-8e45-eeb13adfa441|rsvp_received	eedd9270-9029-4ebc-9a54-d55944c888fa	{"message": null, "response": "voted", "guest_name": "Carrie", "manage_url": "https://pallinky.com/m/16d3ccd2b18cf8f0e5db782df282af75", "event_title": "Karaoke", "guest_email": "carvanam@hotmail.com", "response_label": "voted"}	Carrie voted	0	15	t	2026-03-29 22:10:59.768635+00	2026-04-28 10:34:51.709245+00	2026-05-02 19:36:38.088153+00	2026-03-29 22:10:59.768635+00	2026-05-02 19:36:38.088153+00	2026-04-24 16:20:39.993082+00
513c77aa-b6d4-4d32-9207-1372fbb57b70	nanbowles@gmail.com	8c412619-77cd-4387-b749-663a04f08b76	chat_message_batch	nanbowles@gmail.com|8c412619-77cd-4387-b749-663a04f08b76|chat_message_batch	f708aaa1-bccc-401e-a392-3cedee1fefda	{"event_id": "8c412619-77cd-4387-b749-663a04f08b76", "event_title": "Swing dancing"}	Swing dancing	0	4	t	2026-03-27 20:49:39.379384+00	2026-03-29 09:11:36.586548+00	2026-04-04 14:41:12.247959+00	2026-03-27 20:49:39.379384+00	2026-04-04 14:44:03.303199+00	2026-04-04 14:44:03.303199+00
804201a8-747e-4d0b-bcb7-013b23b49f7c	nanbowles@gmail.com	8c412619-77cd-4387-b749-663a04f08b76	rsvp_received	nanbowles@gmail.com|8c412619-77cd-4387-b749-663a04f08b76|rsvp_received	e56601e0-20d2-4621-afb8-399d8220e86b	{"response": "yes", "guest_name": "Devyani Sen", "manage_url": "https://pallinky.com/m/0a5940193f9ec62487fd1f8df751cc03", "event_title": "Swing dancing"}	Swing dancing	0	1	t	2026-03-27 20:44:23.998512+00	2026-03-27 20:44:23.998512+00	2026-04-04 14:41:12.247959+00	2026-03-27 20:44:23.998512+00	2026-04-04 14:44:05.847273+00	2026-04-04 14:44:05.847273+00
b92d6735-7cb6-4a5f-9982-137bc2b2b823	retailnan@gmail.com	496ce5d6-5f23-403b-8e45-eeb13adfa441	guest_rsvp_confirmation	retailnan@gmail.com|496ce5d6-5f23-403b-8e45-eeb13adfa441|guest_rsvp_confirmation	be24c243-3e1e-4d67-98f7-d7390135fa26	{"slug": "vibe-spnhi-7449", "token": "7f8167e48249f80c485477710681d10f", "response": "interested", "host_name": "Nancy", "event_title": "Karaoke"}	Karaoke	0	5	t	2026-04-20 11:36:34.092165+00	2026-04-20 14:11:36.614973+00	2026-04-29 12:28:53.589637+00	2026-04-20 11:36:34.092165+00	2026-04-29 12:28:53.589637+00	\N
6732df68-162d-49ba-91c1-fe488700b7d8	devyani71@yahoo.com	496ce5d6-5f23-403b-8e45-eeb13adfa441	invite_created	devyani71@yahoo.com|496ce5d6-5f23-403b-8e45-eeb13adfa441|invite_created	32daab6d-ce41-4467-9fc9-6f62c3973336	{"event_id": "496ce5d6-5f23-403b-8e45-eeb13adfa441", "host_name": "Nancy", "event_title": "Karaoke"}	Karaoke	0	1	t	2026-03-29 21:46:47.00987+00	2026-03-29 21:46:47.00987+00	2026-04-28 20:20:57.272742+00	2026-03-29 21:46:47.00987+00	2026-04-28 20:20:57.272742+00	\N
bfcc9659-8445-440a-8ca2-7c0231da090b	riajones99@googlemail.com	496ce5d6-5f23-403b-8e45-eeb13adfa441	guest_rsvp_confirmation	riajones99@googlemail.com|496ce5d6-5f23-403b-8e45-eeb13adfa441|guest_rsvp_confirmation	45b840e2-118a-49e8-8dae-30b4e130ac71	{"slug": "vibe-spnhi-7449", "token": "8590ca7f3bf931717bb4e551d25ee0c8", "response": "interested", "host_name": "Nancy", "event_title": "Karaoke"}	Karaoke	0	1	t	2026-04-30 07:24:06.6937+00	2026-04-30 07:24:06.6937+00	2026-04-30 07:25:25.923886+00	2026-04-30 07:24:06.6937+00	2026-04-30 07:25:25.923886+00	\N
ecbb3545-0924-40bf-9642-2b80c49b5781	devyani71@yahoo.com	8c412619-77cd-4387-b749-663a04f08b76	chat_message_batch	devyani71@yahoo.com|8c412619-77cd-4387-b749-663a04f08b76|chat_message_batch	be8528ba-988c-42a6-8073-a3201f5f408f	{"event_id": "8c412619-77cd-4387-b749-663a04f08b76", "event_title": "Swing dancing"}	Swing dancing	0	6	t	2026-03-27 20:45:21.945203+00	2026-03-28 21:07:59.363141+00	2026-04-21 08:27:43.273649+00	2026-03-27 20:45:21.945203+00	2026-04-21 08:27:43.273649+00	\N
57de9e8d-6443-4272-831a-0e991d6d0b6d	margot.delmotte@gmail.com	4022efe1-391f-47e3-bb53-35ab79aee26a	rsvp_received	margot.delmotte@gmail.com|4022efe1-391f-47e3-bb53-35ab79aee26a|rsvp_received	59529f92-1cd6-4a15-b33a-66e8d51f924e	{"message": null, "response": "yes", "guest_name": "William", "manage_url": "https://pallinky.com/m/6f29fcf361c7d74d39d9b664aa8995d5", "event_title": "Mother’s Day", "guest_email": "w.delmotte@gmail.com", "response_label": "is going"}	William is going	1	1	f	2026-04-30 10:58:24.710789+00	2026-04-30 10:58:24.710789+00	\N	2026-04-30 10:58:24.710789+00	2026-04-30 10:58:24.710789+00	\N
953243fa-8c7a-41a3-bd0a-d79ed3c7be0c	jenni.iyoyo@ziggo.nl	496ce5d6-5f23-403b-8e45-eeb13adfa441	invite_created	jenni.iyoyo@ziggo.nl|496ce5d6-5f23-403b-8e45-eeb13adfa441|invite_created	34e3df8b-b777-4d18-83b2-e56fe3e1f2ad	{"event_id": "496ce5d6-5f23-403b-8e45-eeb13adfa441", "host_name": "Nancy", "event_title": "Karaoke"}	Karaoke	1	1	f	2026-03-29 21:46:47.00987+00	2026-03-29 21:46:47.00987+00	\N	2026-03-29 21:46:47.00987+00	2026-04-04 11:01:59.429933+00	\N
fbd337eb-7cfe-40e0-8dd3-1e5f2aab1046	adventure@slowquest.com	33881ec9-d7ae-4847-9ea2-31da05375df9	event_cancelled	adventure@slowquest.com|33881ec9-d7ae-4847-9ea2-31da05375df9|event_cancelled	92aeee3e-65b6-4c11-9818-a7927a905cac	{"slug": "event-c6b0", "title": "D&D session", "message": "Test", "host_name": "Bodie H", "event_title": "D&D session"}	D&D session	2	2	f	2026-04-09 16:00:18.06343+00	2026-04-09 16:02:42.614785+00	\N	2026-04-09 16:00:18.06343+00	2026-04-09 16:02:42.614785+00	\N
12d01c24-523a-48c5-baea-415e705325a4	bowlesnan@gmail.com	096aa4e9-66b5-492f-ba61-dc117ea39296	invite_created	bowlesnan@gmail.com|096aa4e9-66b5-492f-ba61-dc117ea39296|invite_created	ed7ffb81-c6b2-4273-ad7b-c42fcd2d17c8	{"event_id": "096aa4e9-66b5-492f-ba61-dc117ea39296", "host_name": "Nancy", "is_series": false, "series_id": null, "event_type": "formal", "event_title": "A coffee date"}	A coffee date	0	1	t	2026-04-26 17:18:05.929825+00	2026-04-26 17:18:05.929825+00	2026-04-26 18:38:57.190253+00	2026-04-26 17:18:05.929825+00	2026-04-26 18:38:57.190253+00	\N
7720716f-1203-48dd-9405-cbccba2070e8	nanbowles@gmail.com	a4b2b3eb-3aa5-4bb3-930b-35b8b7478196	invite_created	nanbowles@gmail.com|a4b2b3eb-3aa5-4bb3-930b-35b8b7478196|invite_created	e712add7-7a42-4538-935d-dd7bb2211548	{"event_id": "a4b2b3eb-3aa5-4bb3-930b-35b8b7478196", "host_name": "Geli", "event_title": "Walk? Coffee?"}	Walk? Coffee?	0	1	t	2026-04-14 11:27:24.852544+00	2026-04-14 11:27:24.852544+00	2026-04-24 19:30:56.707727+00	2026-04-14 11:27:24.852544+00	2026-04-24 19:30:56.707727+00	\N
5bdb6a3f-751d-49da-9cd6-95d5a246bf12	nanbowles@gmail.com	798cd413-6733-4428-94b1-bd01edba05d2	chat_message_batch	nanbowles@gmail.com|798cd413-6733-4428-94b1-bd01edba05d2|chat_message_batch	10dded35-fa6a-4be6-9037-e28b72d73e55	{"event_id": "798cd413-6733-4428-94b1-bd01edba05d2", "event_title": "Coffee"}	Coffee	0	3	t	2026-04-07 20:16:57.493562+00	2026-04-08 23:55:30.581976+00	2026-04-24 20:12:59.16699+00	2026-04-07 20:16:57.493562+00	2026-04-24 20:12:59.16699+00	2026-04-19 12:10:22.283425+00
a2132291-b45c-4370-87b6-69bbd36ffbc5	nanbowles@gmail.com	9949ea0a-606b-445e-9487-e4a06bd8bacd	guest_rsvp_confirmation	nanbowles@gmail.com|9949ea0a-606b-445e-9487-e4a06bd8bacd|guest_rsvp_confirmation	e6ee7603-75d6-449b-ae47-dbefccc694d7	{"slug": "event-087c", "response": "maybe", "host_name": "Tim", "guest_name": "Nancy", "event_title": "A stroll in the park"}	A stroll in the park	0	1	t	2026-04-05 20:35:34.334877+00	2026-04-05 20:35:34.334877+00	2026-04-24 22:47:23.808126+00	2026-04-05 20:35:34.334877+00	2026-04-24 22:47:23.808126+00	2026-04-19 12:10:01.734132+00
732f8d99-6fe9-45d9-85ae-7e314d707562	tsquare64@gmail.com	9949ea0a-606b-445e-9487-e4a06bd8bacd	rsvp_received	tsquare64@gmail.com|9949ea0a-606b-445e-9487-e4a06bd8bacd|rsvp_received	dd79543e-2f79-44c3-beb1-713deb4a6a6d	{"response": "maybe", "guest_name": "Nancy", "manage_url": "https://pallinky.com/m/fbb9b51222afe5f3278387385226a034", "event_title": "A stroll in the park"}	Nancy	0	1	t	2026-04-05 20:35:34.334877+00	2026-04-05 20:35:34.334877+00	2026-04-14 13:09:02.58156+00	2026-04-05 20:35:34.334877+00	2026-04-14 13:09:02.58156+00	\N
167448e5-a83a-403a-943e-dcc0937399ae	angelakerr345@gmail.com	b17d8d3c-b790-4444-886d-025288722d6f	event_updated	angelakerr345@gmail.com|b17d8d3c-b790-4444-886d-025288722d6f|event_updated	fc8fc1cb-b071-4508-8524-cbfa0761bf29	{"slug": "evt-l5vv0-cd52", "location": null, "host_name": "jenni.iyoyo", "starts_at": "2026-05-05T11:00:00.000Z", "event_title": "Keep me company next week", "final_date_chosen": true}	Keep me company next week	1	1	f	2026-04-30 16:06:19.806516+00	2026-04-30 16:06:19.806516+00	\N	2026-04-30 16:06:19.806516+00	2026-04-30 16:06:19.806516+00	\N
a22cb404-39fa-4852-a25c-d08af49f4839	kitchencarnage@yahoo.co.uk	4236fe44-9e8d-4d19-a7cb-6af7bdc1836e	rsvp_received	kitchencarnage@yahoo.co.uk|4236fe44-9e8d-4d19-a7cb-6af7bdc1836e|rsvp_received	ca4d6a12-9bf7-40c4-bf94-714c861fbc88	{"message": null, "response": "voted", "guest_name": "Nancy", "manage_url": "https://pallinky.com/m/95c7f70ef840d04c9638f4f4c949d0c2", "event_title": "Poetry night", "guest_email": "nanbowles@gmail.com", "response_label": "voted"}	Nancy voted	0	1	t	2026-04-29 12:02:58.567779+00	2026-04-29 12:02:58.567779+00	2026-05-01 13:37:28.657999+00	2026-04-29 12:02:58.567779+00	2026-05-01 13:37:28.657999+00	\N
36c95400-5bb4-4c82-8996-df85afc66020	jenni.iyoyo@gmail.com	b17d8d3c-b790-4444-886d-025288722d6f	reach_out_suggestion	jenni.iyoyo@gmail.com|b17d8d3c-b790-4444-886d-025288722d6f|reach_out_suggestion	043493c1-276c-4c74-a463-ceb3965f8ca2	{"slug": "evt-l5vv0-cd52", "message": "angelakerr345@gmail.com suggested:\\n\\nTimes:\\n5 May 2026 at 12:30\\n7 May 2026 at 18:30", "host_name": "jenni.iyoyo", "guest_name": "angelakerr345@gmail.com", "event_title": "Keep me company next week", "guest_email": "angelakerr345@gmail.com"}	Keep me company next week	0	2	t	2026-04-30 14:33:35.006286+00	2026-04-30 14:35:42.239897+00	2026-05-03 07:41:49.02568+00	2026-04-30 14:33:35.006286+00	2026-05-03 07:41:49.02568+00	\N
f6f5818c-afc1-4f7a-8b10-a02fa7fddde5	nanbowles@gmail.com	b1bacf06-18b3-4ec4-90f4-688310ad284d	invite_created	nanbowles@gmail.com|b1bacf06-18b3-4ec4-90f4-688310ad284d|invite_created	3f521caf-fcce-4cd1-9f23-b8fe79392c85	{"event_id": "b1bacf06-18b3-4ec4-90f4-688310ad284d", "host_name": "angela", "is_series": false, "series_id": null, "event_type": "formal", "event_title": "Swing dance crash course"}	Swing dance crash course	0	1	t	2026-04-30 14:09:04.594812+00	2026-04-30 14:09:04.594812+00	2026-05-02 19:36:08.726117+00	2026-04-30 14:09:04.594812+00	2026-05-02 19:36:08.726117+00	\N
2233accc-b806-4e02-a777-0a9513d075aa	nanbowles@gmail.com	0f921809-ca6e-4dc9-871f-832c8a008476	invite_created	nanbowles@gmail.com|0f921809-ca6e-4dc9-871f-832c8a008476|invite_created	7a4058b3-a6ce-4eb1-881b-92ff91af3840	{"event_id": "0f921809-ca6e-4dc9-871f-832c8a008476", "host_name": "Ria Jones", "is_series": false, "series_id": null, "event_type": "formal", "event_title": "Open Mic Night @ Zoku"}	Open Mic Night @ Zoku	0	1	t	2026-04-30 07:09:26.397075+00	2026-04-30 07:09:26.397075+00	2026-05-02 19:38:50.547538+00	2026-04-30 07:09:26.397075+00	2026-05-02 19:38:50.547538+00	\N
2c5f76d0-7324-4ca6-bff3-2f69794ab876	nanbowles@gmail.com	b17d8d3c-b790-4444-886d-025288722d6f	guest_rsvp_confirmation	nanbowles@gmail.com|b17d8d3c-b790-4444-886d-025288722d6f|guest_rsvp_confirmation	f498ef39-7ea6-4eb4-8f3b-3d174a98d9de	{"slug": "evt-l5vv0-cd52", "response": "yes", "host_name": "jenni.iyoyo", "guest_name": "Nancy", "event_title": "Keep me company next week"}	Keep me company next week	0	1	t	2026-04-30 20:03:29.723417+00	2026-04-30 20:03:29.723417+00	2026-05-03 10:56:54.448505+00	2026-04-30 20:03:29.723417+00	2026-05-03 10:56:54.448505+00	\N
a6f56dcb-4f50-4cc5-934b-62f731e8b7ed	karen.rickers@netcologne.de	eabc3dc5-eae3-452e-a94c-c1831c5bd05d	chat_message_batch	karen.rickers@netcologne.de|eabc3dc5-eae3-452e-a94c-c1831c5bd05d|chat_message_batch	454c8f7e-f48f-4b88-85c1-8d8583859173	{"event_id": "eabc3dc5-eae3-452e-a94c-c1831c5bd05d", "event_title": "Labyrinth night"}	Labyrinth night	1	1	f	2026-05-03 08:07:15.985059+00	2026-05-03 08:07:15.985059+00	\N	2026-05-03 08:07:15.985059+00	2026-05-03 08:07:15.985059+00	\N
e7817302-8cfe-4f34-8e8b-eb2eb3abcca6	margot.delmotte@gmail.com	496ce5d6-5f23-403b-8e45-eeb13adfa441	guest_rsvp_confirmation	margot.delmotte@gmail.com|496ce5d6-5f23-403b-8e45-eeb13adfa441|guest_rsvp_confirmation	91c579df-3819-444b-91e4-5934b79993f3	{"slug": "vibe-spnhi-7449", "token": "ce6f310d3f3797dc0392c12b77daa4d9", "response": "interested", "host_name": "Nancy", "event_title": "Karaoke"}	Karaoke	0	1	t	2026-04-20 12:50:19.694365+00	2026-04-20 12:50:19.694365+00	2026-04-30 10:57:28.471226+00	2026-04-20 12:50:19.694365+00	2026-04-30 10:57:28.471226+00	\N
858fca9f-7ece-4625-86ee-3f06f0d86833	ms.waxa@gmail.com	eabc3dc5-eae3-452e-a94c-c1831c5bd05d	chat_message_batch	ms.waxa@gmail.com|eabc3dc5-eae3-452e-a94c-c1831c5bd05d|chat_message_batch	445781e9-8355-49d8-98cb-061022c499b8	{"event_id": "eabc3dc5-eae3-452e-a94c-c1831c5bd05d", "event_title": "Labyrinth night"}	Labyrinth night	1	1	f	2026-05-03 08:07:15.985059+00	2026-05-03 08:07:15.985059+00	\N	2026-05-03 08:07:15.985059+00	2026-05-03 08:07:15.985059+00	\N
c8157dc2-7b3e-4bb9-8978-f82e70287921	bowlesnan@gmail.com	e57ccf3c-6e05-4b85-9e78-63d2d266fe9d	invite_created	bowlesnan@gmail.com|e57ccf3c-6e05-4b85-9e78-63d2d266fe9d|invite_created	4784f870-8da7-4304-adbb-c4e4ea425903	{"event_id": "e57ccf3c-6e05-4b85-9e78-63d2d266fe9d", "host_name": "Nancy", "is_series": false, "series_id": null, "event_type": "reach_out", "event_title": "A stroll in the park"}	A stroll in the park	0	1	t	2026-04-26 18:32:16.436466+00	2026-04-26 18:32:16.436466+00	2026-04-26 18:37:38.247811+00	2026-04-26 18:32:16.436466+00	2026-04-26 18:37:38.247811+00	\N
16b9419d-602a-431d-88c3-57543cf71e8f	nanbowles@gmail.com	a4b2b3eb-3aa5-4bb3-930b-35b8b7478196	guest_rsvp_confirmation	nanbowles@gmail.com|a4b2b3eb-3aa5-4bb3-930b-35b8b7478196|guest_rsvp_confirmation	28ce4c60-18ef-4849-886a-0b667e3d3fda	{"slug": "event-fcac", "response": "yes", "host_name": "Geli", "guest_name": "Nancy", "event_title": "Walk? Coffee?"}	Walk? Coffee?	0	1	t	2026-04-14 11:30:33.53766+00	2026-04-14 11:30:33.53766+00	2026-04-24 19:30:56.707727+00	2026-04-14 11:30:33.53766+00	2026-04-24 19:30:56.707727+00	\N
5047a234-aa9d-4241-92e2-6d0846e57220	nanbowles@gmail.com	4a18eeef-9e18-4e3d-97bb-b974e55c2d7b	invite_created	nanbowles@gmail.com|4a18eeef-9e18-4e3d-97bb-b974e55c2d7b|invite_created	baf97edd-ab54-4416-97f3-db5f87b82415	{"event_id": "4a18eeef-9e18-4e3d-97bb-b974e55c2d7b", "host_name": "Geli", "is_series": true, "series_id": "34cb5920-29bb-4cb5-875d-c8a0c4d559ea", "event_type": "formal", "event_title": "Coffee"}	Coffee	0	1	t	2026-04-28 11:13:12.072604+00	2026-04-28 11:13:12.072604+00	2026-04-28 14:13:43.216023+00	2026-04-28 11:13:12.072604+00	2026-04-29 23:35:45.771297+00	2026-04-29 23:35:45.771297+00
761072fd-30a5-40dd-91d0-3b58acfd9b3a	devyani71@yahoo.com	496ce5d6-5f23-403b-8e45-eeb13adfa441	event_updated	devyani71@yahoo.com|496ce5d6-5f23-403b-8e45-eeb13adfa441|event_updated	0bcd1b84-843a-4e9e-bdf6-fd2d86f8a107	{"slug": "vibe-spnhi-7449", "location": null, "host_name": "Nancy", "starts_at": "2026-05-15T17:30:00.000Z", "event_title": "Karaoke", "final_date_chosen": true}	Karaoke	1	2	f	2026-03-29 21:46:47.44884+00	2026-04-30 08:11:59.881013+00	\N	2026-03-29 21:46:47.44884+00	2026-04-30 08:11:59.881013+00	\N
bd2764ec-5b92-497b-8c3d-280189d4686e	devyani71@yahoo.com	b1bacf06-18b3-4ec4-90f4-688310ad284d	invite_created	devyani71@yahoo.com|b1bacf06-18b3-4ec4-90f4-688310ad284d|invite_created	acae7e57-86ee-4172-b0b3-a0d10c67a304	{"event_id": "b1bacf06-18b3-4ec4-90f4-688310ad284d", "host_name": "angela", "is_series": false, "series_id": null, "event_type": "formal", "event_title": "Swing dance crash course"}	Swing dance crash course	1	1	f	2026-04-30 14:09:04.594812+00	2026-04-30 14:09:04.594812+00	\N	2026-04-30 14:09:04.594812+00	2026-04-30 14:09:04.594812+00	\N
da20f032-a0c1-4337-a2b4-5a3b7565d331	angelakerr345@gmail.com	496ce5d6-5f23-403b-8e45-eeb13adfa441	invite_created	angelakerr345@gmail.com|496ce5d6-5f23-403b-8e45-eeb13adfa441|invite_created	78eeb80c-f430-492f-a1b8-b6ae1299ecab	{"event_id": "496ce5d6-5f23-403b-8e45-eeb13adfa441", "host_name": "Nancy", "event_title": "Karaoke"}	Karaoke	0	1	t	2026-03-29 21:46:47.00987+00	2026-03-29 21:46:47.00987+00	2026-04-30 14:19:28.176446+00	2026-03-29 21:46:47.00987+00	2026-04-30 14:19:28.176446+00	\N
c2e76dd0-fa2d-4c21-926a-e9482cb90e08	angelakerr345@gmail.com	496ce5d6-5f23-403b-8e45-eeb13adfa441	event_updated	angelakerr345@gmail.com|496ce5d6-5f23-403b-8e45-eeb13adfa441|event_updated	8b479865-39dd-4d98-9cfe-23ffd3db3056	{"slug": "vibe-spnhi-7449", "location": null, "host_name": "Nancy", "starts_at": "2026-05-15T17:30:00.000Z", "event_title": "Karaoke", "final_date_chosen": true}	Karaoke	0	2	t	2026-03-29 21:46:47.44884+00	2026-04-30 08:11:59.881013+00	2026-04-30 14:19:28.176446+00	2026-03-29 21:46:47.44884+00	2026-04-30 14:19:28.176446+00	\N
35048ea7-1a25-4f09-a64b-6adab02f4a56	jenni.iyoyo@gmail.com	0f921809-ca6e-4dc9-871f-832c8a008476	guest_rsvp_confirmation	jenni.iyoyo@gmail.com|0f921809-ca6e-4dc9-871f-832c8a008476|guest_rsvp_confirmation	743c9eb4-74af-4a27-aed5-b0f34d780df9	{"slug": "event-c20c", "response": "yes", "host_name": "Ria Jones", "guest_name": "jenni.iyoyo", "event_title": "Open Mic Night @ Zoku"}	Open Mic Night @ Zoku	0	1	t	2026-04-30 07:25:39.979682+00	2026-04-30 07:25:39.979682+00	2026-04-30 14:29:55.987487+00	2026-04-30 07:25:39.979682+00	2026-04-30 14:29:55.987487+00	\N
5ad313c9-b18b-4b71-a3e1-f504f04308b0	kitchencarnage@yahoo.co.uk	a4b2b3eb-3aa5-4bb3-930b-35b8b7478196	rsvp_received	kitchencarnage@yahoo.co.uk|a4b2b3eb-3aa5-4bb3-930b-35b8b7478196|rsvp_received	2f403022-ba50-4230-aefd-520fa2d6cb8f	{"response": "yes", "guest_name": "Nancy", "manage_url": "https://pallinky.com/m/24ebc6f1ff92c8646f45c1f010c9acee", "event_title": "Walk? Coffee?"}	Nancy	0	1	t	2026-04-14 11:30:33.53766+00	2026-04-14 11:30:33.53766+00	2026-04-14 17:53:07.998614+00	2026-04-14 11:30:33.53766+00	2026-04-14 17:53:07.998614+00	\N
d4e65020-4487-4bed-ab3e-c7b8c22731bc	themarieconroy@gmail.com	496ce5d6-5f23-403b-8e45-eeb13adfa441	chat_message_batch	themarieconroy@gmail.com|496ce5d6-5f23-403b-8e45-eeb13adfa441|chat_message_batch	c150a17a-53f2-4413-ae80-610fcfb9fc09	{"event_id": "496ce5d6-5f23-403b-8e45-eeb13adfa441", "event_title": "Karaoke"}	Karaoke	3	3	f	2026-04-01 09:39:32.378988+00	2026-04-06 03:48:14.568252+00	\N	2026-04-01 09:39:32.378988+00	2026-04-06 03:48:14.568252+00	\N
3dc43093-90b3-4163-acaf-c0cf860fb6cc	nanbowles@gmail.com	798cd413-6733-4428-94b1-bd01edba05d2	event_updated	nanbowles@gmail.com|798cd413-6733-4428-94b1-bd01edba05d2|event_updated	7d0b9733-3922-418e-9075-40bf324c9929	{"slug": "vibe-ejcp2-6658", "title": "Coffee"}	Notification	0	1	t	2026-04-02 20:28:25.536943+00	2026-04-02 20:28:25.536943+00	2026-04-24 20:12:59.16699+00	2026-04-02 20:28:25.536943+00	2026-04-24 20:12:59.16699+00	2026-04-04 14:43:57.149898+00
5f0ec55b-f193-45f4-97a5-19ba96ee8e34	nanbowles@gmail.com	798cd413-6733-4428-94b1-bd01edba05d2	invite_created	nanbowles@gmail.com|798cd413-6733-4428-94b1-bd01edba05d2|invite_created	6e3eec82-9372-4360-85d0-579c7ef9feff	{"event_id": "798cd413-6733-4428-94b1-bd01edba05d2", "host_name": "teunvdberg", "event_title": "Coffee"}	Coffee	0	1	t	2026-04-02 20:28:25.443135+00	2026-04-02 20:28:25.443135+00	2026-04-24 20:12:59.16699+00	2026-04-02 20:28:25.443135+00	2026-04-24 20:12:59.16699+00	2026-04-04 14:43:58.646705+00
a0b50fc4-8637-4a30-9e27-c57c23f76e49	p8mkw62djr@privaterelay.appleid.com	0f921809-ca6e-4dc9-871f-832c8a008476	rsvp_received	p8mkw62djr@privaterelay.appleid.com|0f921809-ca6e-4dc9-871f-832c8a008476|rsvp_received	97beb2fc-b73c-47e4-a23a-95c3fd21beec	{"message": null, "response": "yes", "guest_name": "angela", "manage_url": "https://pallinky.com/m/bf6680432393fca95acc06f177b3a9f3", "event_title": "Open Mic Night @ Zoku", "guest_email": "angelakerr345@gmail.com", "response_label": "is going"}	angela is going	0	4	t	2026-04-30 07:12:06.296261+00	2026-04-30 07:52:13.760427+00	2026-05-02 18:31:29.273499+00	2026-04-30 07:12:06.296261+00	2026-05-02 18:31:29.273499+00	\N
0da0c639-4d2e-4f18-8dcb-296083633968	nanbowles@gmail.com	b17d8d3c-b790-4444-886d-025288722d6f	invite_created	nanbowles@gmail.com|b17d8d3c-b790-4444-886d-025288722d6f|invite_created	133832eb-5c18-4659-b009-870cbfbacb76	{"event_id": "b17d8d3c-b790-4444-886d-025288722d6f", "host_name": "jenni.iyoyo", "is_series": false, "series_id": null, "event_type": "reach_out", "event_title": "Keep me company next week"}	Keep me company next week	0	1	t	2026-04-30 14:17:14.480099+00	2026-04-30 14:17:14.480099+00	2026-05-03 10:56:54.448505+00	2026-04-30 14:17:14.480099+00	2026-05-03 10:56:54.448505+00	\N
28316a74-9e98-491f-b0c7-779102a00751	nanbowles@gmail.com	38275534-93c0-483b-aa96-60c2ab5ebf9f	guest_rsvp_confirmation	nanbowles@gmail.com|38275534-93c0-483b-aa96-60c2ab5ebf9f|guest_rsvp_confirmation	2c974dda-b3dc-4017-8b55-c2913b5e8ed5	{"slug": "event-8413", "response": "yes", "host_name": "Geli", "guest_name": "Nancy", "event_title": "Coffee"}	Coffee	0	1	t	2026-04-28 11:17:32.264813+00	2026-04-28 11:17:32.264813+00	2026-04-30 06:54:37.475025+00	2026-04-28 11:17:32.264813+00	2026-04-30 06:54:37.475025+00	2026-04-29 23:35:35.741394+00
97ea5546-628f-4b6c-9380-354a30ba562e	kitchencarnage@yahoo.co.uk	38275534-93c0-483b-aa96-60c2ab5ebf9f	rsvp_received	kitchencarnage@yahoo.co.uk|38275534-93c0-483b-aa96-60c2ab5ebf9f|rsvp_received	0ecf2137-e997-4f9c-b4f9-003bce4443df	{"message": "Yes for coffee! Or that sunny terrace!", "response": "yes", "guest_name": "Nancy", "manage_url": "https://pallinky.com/m/aaaf362ef095fb80df466a9a12aa050f", "event_title": "Coffee", "guest_email": "nanbowles@gmail.com", "response_label": "is going"}	Nancy is going: "Yes for coffee! Or that sunny terrace!"	0	1	t	2026-04-28 11:17:32.264813+00	2026-04-28 11:17:32.264813+00	2026-04-28 11:25:34.31838+00	2026-04-28 11:17:32.264813+00	2026-04-28 11:25:34.31838+00	\N
3ca421ba-7648-48ed-af8d-40fe22fb9667	devyani71@yahoo.com	496ce5d6-5f23-403b-8e45-eeb13adfa441	chat_message_batch	devyani71@yahoo.com|496ce5d6-5f23-403b-8e45-eeb13adfa441|chat_message_batch	c1c2d742-2718-41f0-9b14-58bd900da39f	{"event_id": "496ce5d6-5f23-403b-8e45-eeb13adfa441", "event_title": "Karaoke"}	Karaoke	0	6	t	2026-04-01 08:02:13.750728+00	2026-04-06 03:48:14.568252+00	2026-04-28 20:20:57.272742+00	2026-04-01 08:02:13.750728+00	2026-04-28 20:20:57.272742+00	\N
70e90c2a-0d54-4d49-b723-6ddb566a5f31	nanbowles@gmail.com	0f921809-ca6e-4dc9-871f-832c8a008476	guest_rsvp_confirmation	nanbowles@gmail.com|0f921809-ca6e-4dc9-871f-832c8a008476|guest_rsvp_confirmation	22d22625-f90b-4fea-90f4-cd6b8ce0e293	{"slug": "event-c20c", "response": "yes", "host_name": "Ria Jones", "guest_name": "Nancy", "event_title": "Open Mic Night @ Zoku"}	Open Mic Night @ Zoku	0	1	t	2026-04-30 07:12:06.296261+00	2026-04-30 07:12:06.296261+00	2026-05-02 19:38:50.547538+00	2026-04-30 07:12:06.296261+00	2026-05-02 19:38:50.547538+00	\N
af820092-4a85-4d27-9a37-321db1962a47	nanbowles@gmail.com	e57ccf3c-6e05-4b85-9e78-63d2d266fe9d	reach_out_suggestion	nanbowles@gmail.com|e57ccf3c-6e05-4b85-9e78-63d2d266fe9d|reach_out_suggestion	b734134f-d479-4fd8-978e-68eed45ce194	{"slug": "evt-rnzzh-8231", "message": "bowlesnan@gmail.com suggested:\\n\\nTimes:\\n27 Apr 2026 at 20:30\\n\\nPlace:\\nAmsterdamse Bos, Amstelveen, Netherlands", "host_name": "Nancy", "guest_name": "bowlesnan@gmail.com", "event_title": "A stroll in the park", "guest_email": "bowlesnan@gmail.com"}	A stroll in the park	0	1	t	2026-04-26 18:36:19.912788+00	2026-04-26 18:36:19.912788+00	2026-04-30 06:58:21.003611+00	2026-04-26 18:36:19.912788+00	2026-04-30 06:58:21.003611+00	\N
a36b2e65-ecd7-4b25-9946-8b92bc581ba0	teunvdberg@yahoo.co.uk	798cd413-6733-4428-94b1-bd01edba05d2	chat_message_batch	teunvdberg@yahoo.co.uk|798cd413-6733-4428-94b1-bd01edba05d2|chat_message_batch	6ca7760c-52ab-4e12-ac9f-b47869a1268d	{"event_id": "798cd413-6733-4428-94b1-bd01edba05d2", "event_title": "Coffee"}	Coffee	0	2	t	2026-04-08 15:00:17.504355+00	2026-04-08 20:45:40.126472+00	2026-04-27 19:09:04.041182+00	2026-04-08 15:00:17.504355+00	2026-04-27 19:09:04.041182+00	\N
a1b7ee6c-be75-42e1-b70e-702722d6ec90	teunvdberg@yahoo.co.uk	798cd413-6733-4428-94b1-bd01edba05d2	rsvp_received	teunvdberg@yahoo.co.uk|798cd413-6733-4428-94b1-bd01edba05d2|rsvp_received	8b1206b5-83da-43de-a05c-c8d6318d57f3	{"response": "interested", "guest_name": "Nancy", "manage_url": "https://pallinky.com/m/3e6661397671862d9d242280a3deba68", "event_title": "Coffee"}	Coffee	0	1	t	2026-04-02 20:57:50.633558+00	2026-04-02 20:57:50.633558+00	2026-04-27 19:09:04.041182+00	2026-04-02 20:57:50.633558+00	2026-04-27 19:09:04.041182+00	\N
b89407b1-136e-42a4-91f5-76c0f5fef98e	bodieh@gmail.com	33881ec9-d7ae-4847-9ea2-31da05375df9	rsvp_received	bodieh@gmail.com|33881ec9-d7ae-4847-9ea2-31da05375df9|rsvp_received	3aca0b56-9c58-4c1f-ad5f-352de7ac4067	{"response": "yes", "guest_name": "Ginger", "manage_url": "https://pallinky.com/m/3ae96e6061b1ebeb38f51b3ef76f24bd", "event_title": "D&D session"}	Ginger	0	1	t	2026-04-06 20:24:18.589621+00	2026-04-06 20:24:18.589621+00	2026-04-09 16:02:33.376245+00	2026-04-06 20:24:18.589621+00	2026-04-09 16:02:33.376245+00	\N
5534b2cd-1c08-4822-9a16-3d97d125fa32	angelakerr345@gmail.com	0f921809-ca6e-4dc9-871f-832c8a008476	guest_rsvp_confirmation	angelakerr345@gmail.com|0f921809-ca6e-4dc9-871f-832c8a008476|guest_rsvp_confirmation	937d8435-183c-4cdc-8621-a3a1e20ec795	{"slug": "event-c20c", "response": "yes", "host_name": "Ria Jones", "guest_name": "angela", "event_title": "Open Mic Night @ Zoku"}	Open Mic Night @ Zoku	0	1	t	2026-04-30 07:52:13.760427+00	2026-04-30 07:52:13.760427+00	2026-04-30 14:25:17.353609+00	2026-04-30 07:52:13.760427+00	2026-04-30 14:25:17.353609+00	\N
d25097d2-4e74-4f85-8992-489280e73955	riajones99@googlemail.com	496ce5d6-5f23-403b-8e45-eeb13adfa441	chat_message_batch	riajones99@googlemail.com|496ce5d6-5f23-403b-8e45-eeb13adfa441|chat_message_batch	7bd6d2e6-ebda-4137-95e6-5627bc9b5e86	{"event_id": "496ce5d6-5f23-403b-8e45-eeb13adfa441", "event_title": "Karaoke"}	Karaoke	0	6	t	2026-04-01 08:02:13.750728+00	2026-04-06 03:48:14.568252+00	2026-04-30 07:25:25.923886+00	2026-04-01 08:02:13.750728+00	2026-04-30 07:25:25.923886+00	\N
0df8ba7e-3e7a-4721-88f8-2c346492d385	adventure@slowquest.com	33881ec9-d7ae-4847-9ea2-31da05375df9	guest_rsvp_confirmation	adventure@slowquest.com|33881ec9-d7ae-4847-9ea2-31da05375df9|guest_rsvp_confirmation	77dbef1e-711d-483a-aef5-3d02a182695d	{"slug": "event-c6b0", "response": "yes", "host_name": "Bodie H", "guest_name": "Ginger", "event_title": "D&D session"}	D&D session	1	1	f	2026-04-06 20:24:18.589621+00	2026-04-06 20:24:18.589621+00	\N	2026-04-06 20:24:18.589621+00	2026-04-06 20:24:18.589621+00	\N
934ab44c-7fb8-40ff-ac0e-7d3aa9117d20	jenni.iyoyo@gmail.com	496ce5d6-5f23-403b-8e45-eeb13adfa441	chat_message_batch	jenni.iyoyo@gmail.com|496ce5d6-5f23-403b-8e45-eeb13adfa441|chat_message_batch	d70830d9-bce0-4a74-947c-f055d24e7205	{"event_id": "496ce5d6-5f23-403b-8e45-eeb13adfa441", "event_title": "Karaoke"}	Karaoke	0	6	t	2026-04-01 08:02:13.750728+00	2026-04-06 03:48:14.568252+00	2026-04-30 14:27:32.46309+00	2026-04-01 08:02:13.750728+00	2026-04-30 14:27:32.46309+00	\N
7327c584-59e8-4d1e-91dc-f2c769ea7513	heppwalker@hotmail.com	496ce5d6-5f23-403b-8e45-eeb13adfa441	chat_message_batch	heppwalker@hotmail.com|496ce5d6-5f23-403b-8e45-eeb13adfa441|chat_message_batch	3bf95a02-5eb7-45b3-97bd-23e0f3c20d47	{"event_id": "496ce5d6-5f23-403b-8e45-eeb13adfa441", "event_title": "Karaoke"}	Karaoke	0	5	t	2026-04-01 08:02:13.750728+00	2026-04-06 03:48:14.568252+00	2026-04-30 15:29:49.281347+00	2026-04-01 08:02:13.750728+00	2026-04-30 15:29:49.281347+00	\N
70f6bd7d-8e1f-4bb8-a494-d46262046766	nanbowles@gmail.com	496ce5d6-5f23-403b-8e45-eeb13adfa441	chat_message_batch	nanbowles@gmail.com|496ce5d6-5f23-403b-8e45-eeb13adfa441|chat_message_batch	80a36b11-85f3-4e87-bb91-39db304de207	{"event_id": "496ce5d6-5f23-403b-8e45-eeb13adfa441", "event_title": "Karaoke"}	Karaoke	0	1	t	2026-04-05 19:52:58.81958+00	2026-04-05 19:52:58.81958+00	2026-05-02 19:36:38.088153+00	2026-04-05 19:52:58.81958+00	2026-05-02 19:36:38.088153+00	2026-04-19 12:10:00.25232+00
0ffa1e2f-75c0-4a9a-85a4-5b517dbf04c6	jenni.iyoyo@gmail.com	b17d8d3c-b790-4444-886d-025288722d6f	rsvp_received	jenni.iyoyo@gmail.com|b17d8d3c-b790-4444-886d-025288722d6f|rsvp_received	9f7381f9-b7c7-42cc-864b-4c3df13db27e	{"message": null, "response": "yes", "guest_name": "Nancy", "manage_url": "https://pallinky.com/m/c01ea41c3c3dfa8ee3966e5ab2063e5b", "event_title": "Keep me company next week", "guest_email": "nanbowles@gmail.com", "response_label": "is going"}	Nancy is going	0	1	t	2026-04-30 20:03:29.723417+00	2026-04-30 20:03:29.723417+00	2026-05-03 07:41:49.02568+00	2026-04-30 20:03:29.723417+00	2026-05-03 07:41:49.02568+00	\N
960674bd-5de1-4d44-a339-8c3f4ed16d77	bodieh@gmail.com	51f4ccc0-8005-4cd7-8e10-61e2acb8f244	invite_created	bodieh@gmail.com|51f4ccc0-8005-4cd7-8e10-61e2acb8f244|invite_created	a14100d8-7303-41f9-bafb-0b57ddf52fc0	{"event_id": "51f4ccc0-8005-4cd7-8e10-61e2acb8f244", "host_name": "Nancy", "event_title": "A coffee date"}	A coffee date	0	1	t	2026-04-06 20:25:30.487062+00	2026-04-06 20:25:30.487062+00	2026-04-06 20:27:03.960916+00	2026-04-06 20:25:30.487062+00	2026-04-06 20:27:03.960916+00	\N
e2481b8c-d0aa-4bf7-8390-0d549eec4a91	nanbowles@gmail.com	eabc3dc5-eae3-452e-a94c-c1831c5bd05d	chat_message_batch	nanbowles@gmail.com|eabc3dc5-eae3-452e-a94c-c1831c5bd05d|chat_message_batch	e1fb833e-5138-419f-911e-c16773cddb82	{"event_id": "eabc3dc5-eae3-452e-a94c-c1831c5bd05d", "event_title": "Labyrinth night"}	Labyrinth night	0	1	t	2026-05-03 08:07:15.985059+00	2026-05-03 08:07:15.985059+00	2026-05-03 08:31:14.873936+00	2026-05-03 08:07:15.985059+00	2026-05-03 08:31:14.873936+00	\N
6b3e74d7-8d7c-42ec-83f0-ce500d5125bb	heppwalker@hotmail.com	0f921809-ca6e-4dc9-871f-832c8a008476	guest_rsvp_confirmation	heppwalker@hotmail.com|0f921809-ca6e-4dc9-871f-832c8a008476|guest_rsvp_confirmation	e83dc93f-b98e-4d59-9b9b-5583da174884	{"slug": "event-c20c", "token": "5a84750276e4ef834ac1c5bb07e01dc5", "response": "no", "host_name": "Ria Jones", "guest_name": "Tracy", "event_title": "Open Mic Night @ Zoku"}	Open Mic Night @ Zoku	2	2	f	2026-04-30 07:13:20.179546+00	2026-04-30 07:13:41.423677+00	\N	2026-04-30 07:13:20.179546+00	2026-04-30 07:13:41.423677+00	\N
e05e00f1-65d9-4a7b-b6ce-12b28ab0d1d9	angelakerr345@gmail.com	b17d8d3c-b790-4444-886d-025288722d6f	invite_created	angelakerr345@gmail.com|b17d8d3c-b790-4444-886d-025288722d6f|invite_created	db19f00c-43fd-4916-9d9e-140b89746427	{"event_id": "b17d8d3c-b790-4444-886d-025288722d6f", "host_name": "jenni.iyoyo", "is_series": false, "series_id": null, "event_type": "reach_out", "event_title": "Keep me company next week"}	Keep me company next week	0	1	t	2026-04-30 14:17:14.480099+00	2026-04-30 14:17:14.480099+00	2026-04-30 14:40:53.761136+00	2026-04-30 14:17:14.480099+00	2026-04-30 14:40:53.761136+00	\N
1c99bd3e-22e8-4965-95cf-d3091b541add	bowlesnan@gmail.com	e57ccf3c-6e05-4b85-9e78-63d2d266fe9d	event_updated	bowlesnan@gmail.com|e57ccf3c-6e05-4b85-9e78-63d2d266fe9d|event_updated	0c2cde9b-6036-4815-bfda-c4c3ff3440f1	{"slug": "evt-rnzzh-8231", "location": "Amsterdamse Bos, Amstelveen, Netherlands", "host_name": "Nancy", "starts_at": "2026-04-27T18:30:00.000Z", "event_title": "A stroll in the park", "final_date_chosen": true}	A stroll in the park	1	1	f	2026-04-26 18:41:27.197291+00	2026-04-26 18:41:27.197291+00	\N	2026-04-26 18:41:27.197291+00	2026-04-26 18:41:27.197291+00	\N
48fcea55-a997-473f-a092-36e96aef2366	carvanam@hotmail.com	496ce5d6-5f23-403b-8e45-eeb13adfa441	event_updated	carvanam@hotmail.com|496ce5d6-5f23-403b-8e45-eeb13adfa441|event_updated	edcc9766-6844-4743-a5ad-383cf5d3a8d2	{"slug": "vibe-spnhi-7449", "location": null, "host_name": "Nancy", "starts_at": "2026-05-15T17:30:00.000Z", "event_title": "Karaoke", "final_date_chosen": true}	Karaoke	1	1	f	2026-04-30 08:11:59.881013+00	2026-04-30 08:11:59.881013+00	\N	2026-04-30 08:11:59.881013+00	2026-04-30 08:11:59.881013+00	\N
43babe51-c784-4228-8d35-908be1b85cdb	retailnan@gmail.com	496ce5d6-5f23-403b-8e45-eeb13adfa441	event_updated	retailnan@gmail.com|496ce5d6-5f23-403b-8e45-eeb13adfa441|event_updated	1b7f63c8-a779-4035-9ac5-5b1124903e47	{"slug": "vibe-spnhi-7449", "location": null, "host_name": "Nancy", "starts_at": "2026-05-15T17:30:00.000Z", "event_title": "Karaoke", "final_date_chosen": true}	Karaoke	1	1	f	2026-04-30 08:11:59.881013+00	2026-04-30 08:11:59.881013+00	\N	2026-04-30 08:11:59.881013+00	2026-04-30 08:11:59.881013+00	\N
7f277c85-a62f-4476-9683-f954ff3eb0c2	riajones99@googlemail.com	496ce5d6-5f23-403b-8e45-eeb13adfa441	event_updated	riajones99@googlemail.com|496ce5d6-5f23-403b-8e45-eeb13adfa441|event_updated	8ccfabdc-db8c-451a-ae19-4ff98b5c4e7c	{"slug": "vibe-spnhi-7449", "location": null, "host_name": "Nancy", "starts_at": "2026-05-15T17:30:00.000Z", "event_title": "Karaoke", "final_date_chosen": true}	Karaoke	1	1	f	2026-04-30 08:11:59.881013+00	2026-04-30 08:11:59.881013+00	\N	2026-04-30 08:11:59.881013+00	2026-04-30 08:11:59.881013+00	\N
89b4de21-01f3-4c77-a540-e63ba855ee80	nanbowles@gmail.com	38275534-93c0-483b-aa96-60c2ab5ebf9f	chat_message_batch	nanbowles@gmail.com|38275534-93c0-483b-aa96-60c2ab5ebf9f|chat_message_batch	4ac5e797-d980-4389-a3fe-e51f3fb00f87	{"event_id": "38275534-93c0-483b-aa96-60c2ab5ebf9f", "event_title": "Coffee"}	Coffee	0	1	t	2026-04-28 11:26:16.092349+00	2026-04-28 11:26:16.092349+00	2026-04-30 06:54:37.475025+00	2026-04-28 11:26:16.092349+00	2026-04-30 06:54:37.475025+00	\N
006df350-645e-4291-ae31-c7e7e78e8457	themarieconroy@gmail.com	496ce5d6-5f23-403b-8e45-eeb13adfa441	event_updated	themarieconroy@gmail.com|496ce5d6-5f23-403b-8e45-eeb13adfa441|event_updated	8ab62f71-f0a2-45e4-9d94-840f80f0caed	{"slug": "vibe-spnhi-7449", "location": null, "host_name": "Nancy", "starts_at": "2026-05-15T17:30:00.000Z", "event_title": "Karaoke", "final_date_chosen": true}	Karaoke	1	1	f	2026-04-30 08:11:59.881013+00	2026-04-30 08:11:59.881013+00	\N	2026-04-30 08:11:59.881013+00	2026-04-30 08:11:59.881013+00	\N
35d1f190-e528-47b4-852f-24853f879c61	heppwalker@hotmail.com	496ce5d6-5f23-403b-8e45-eeb13adfa441	event_updated	heppwalker@hotmail.com|496ce5d6-5f23-403b-8e45-eeb13adfa441|event_updated	7d87b7c6-9555-4b47-8b1f-98da4ce6d76d	{"slug": "vibe-spnhi-7449", "location": null, "host_name": "Nancy", "starts_at": "2026-05-15T17:30:00.000Z", "event_title": "Karaoke", "final_date_chosen": true}	Karaoke	0	1	t	2026-04-30 08:11:59.881013+00	2026-04-30 08:11:59.881013+00	2026-04-30 15:29:49.281347+00	2026-04-30 08:11:59.881013+00	2026-04-30 15:29:49.281347+00	\N
6261300b-7dcd-4cad-b3ab-75191e5639b0	margot.delmotte@gmail.com	496ce5d6-5f23-403b-8e45-eeb13adfa441	event_updated	margot.delmotte@gmail.com|496ce5d6-5f23-403b-8e45-eeb13adfa441|event_updated	69ec3044-c656-4567-8760-8a6e5134e0af	{"slug": "vibe-spnhi-7449", "location": null, "host_name": "Nancy", "starts_at": "2026-05-15T17:30:00.000Z", "event_title": "Karaoke", "final_date_chosen": true}	Karaoke	0	1	t	2026-04-30 08:11:59.881013+00	2026-04-30 08:11:59.881013+00	2026-04-30 10:57:28.471226+00	2026-04-30 08:11:59.881013+00	2026-04-30 10:57:28.471226+00	\N
78071edc-c648-407d-abdc-8e8c28e1eb48	heppwalker@hotmail.com	496ce5d6-5f23-403b-8e45-eeb13adfa441	guest_rsvp_confirmation	heppwalker@hotmail.com|496ce5d6-5f23-403b-8e45-eeb13adfa441|guest_rsvp_confirmation	46a18ce7-dc02-46a3-a07f-2e60f71f7812	{"slug": "vibe-spnhi-7449", "response": "no", "host_name": "Nancy", "guest_name": "heppwalker", "event_title": "Karaoke"}	Karaoke	1	1	f	2026-04-30 15:30:07.5548+00	2026-04-30 15:30:07.5548+00	\N	2026-04-30 15:30:07.5548+00	2026-04-30 15:30:07.5548+00	\N
e6b7328c-7a92-47bc-aa0e-280a7762e136	jenni.iyoyo@gmail.com	496ce5d6-5f23-403b-8e45-eeb13adfa441	event_updated	jenni.iyoyo@gmail.com|496ce5d6-5f23-403b-8e45-eeb13adfa441|event_updated	9a855bda-0a19-4555-9967-6aa019dd117f	{"slug": "vibe-spnhi-7449", "location": null, "host_name": "Nancy", "starts_at": "2026-05-15T17:30:00.000Z", "event_title": "Karaoke", "final_date_chosen": true}	Karaoke	0	1	t	2026-04-30 08:11:59.881013+00	2026-04-30 08:11:59.881013+00	2026-04-30 14:27:32.46309+00	2026-04-30 08:11:59.881013+00	2026-04-30 14:27:32.46309+00	\N
19d993ca-f12d-4e10-9621-f8e208ea741c	nanbowles@gmail.com	4236fe44-9e8d-4d19-a7cb-6af7bdc1836e	invite_created	nanbowles@gmail.com|4236fe44-9e8d-4d19-a7cb-6af7bdc1836e|invite_created	9d3251b9-c371-46d3-8c40-2bec4e34af3b	{"event_id": "4236fe44-9e8d-4d19-a7cb-6af7bdc1836e", "host_name": "kitchencarnage", "is_series": true, "series_id": "7ef491c8-19ef-4f7a-ac93-0d0e42bc670f", "event_type": "vibe", "event_title": "Poetry night"}	Poetry night	0	1	t	2026-04-28 11:25:18.059672+00	2026-04-28 11:25:18.059672+00	2026-05-01 17:07:14.757945+00	2026-04-28 11:25:18.059672+00	2026-05-01 17:07:14.757945+00	2026-04-29 23:35:35.017519+00
84ea4220-baa7-4e1b-9d03-04f7a44112da	angelakerr345@gmail.com	b1bacf06-18b3-4ec4-90f4-688310ad284d	rsvp_received	angelakerr345@gmail.com|b1bacf06-18b3-4ec4-90f4-688310ad284d|rsvp_received	476582b7-06ff-4e21-9944-9860d6e809fa	{"message": null, "response": "yes", "guest_name": "Nancy", "manage_url": "https://pallinky.com/m/f45e86f94feb890d45f8f582c6092581", "event_title": "Swing dance crash course", "guest_email": "nanbowles@gmail.com", "response_label": "is going"}	Nancy is going	1	1	f	2026-04-30 20:18:20.914743+00	2026-04-30 20:18:20.914743+00	\N	2026-04-30 20:18:20.914743+00	2026-04-30 20:18:20.914743+00	\N
b3dffe88-709f-4139-a9a2-8829809d157a	nanbowles@gmail.com	b1bacf06-18b3-4ec4-90f4-688310ad284d	guest_rsvp_confirmation	nanbowles@gmail.com|b1bacf06-18b3-4ec4-90f4-688310ad284d|guest_rsvp_confirmation	a58d1886-cae1-4326-8843-b9dc30746f21	{"slug": "event-77c9", "response": "yes", "host_name": "angela", "guest_name": "Nancy", "event_title": "Swing dance crash course"}	Swing dance crash course	0	1	t	2026-04-30 20:18:20.914743+00	2026-04-30 20:18:20.914743+00	2026-05-02 19:36:08.726117+00	2026-04-30 20:18:20.914743+00	2026-05-02 19:36:08.726117+00	\N
73c1500a-def1-452d-840d-7ecfc279c6de	nanbowles@gmail.com	b17d8d3c-b790-4444-886d-025288722d6f	event_updated	nanbowles@gmail.com|b17d8d3c-b790-4444-886d-025288722d6f|event_updated	65632e72-510f-415a-81b3-0c3d3a2143c8	{"slug": "evt-l5vv0-cd52", "location": null, "host_name": "jenni.iyoyo", "starts_at": "2026-05-05T11:00:00.000Z", "event_title": "Keep me company next week", "final_date_chosen": true}	Keep me company next week	0	1	t	2026-04-30 16:06:19.806516+00	2026-04-30 16:06:19.806516+00	2026-05-03 10:56:54.448505+00	2026-04-30 16:06:19.806516+00	2026-05-03 10:56:54.448505+00	\N
0d3a08a0-d9bd-442f-a10e-4e1c617afa6a	jpp423@gmail.com	bac32d22-3490-45eb-93a6-7bd39c7a54d5	rsvp_received	jpp423@gmail.com|bac32d22-3490-45eb-93a6-7bd39c7a54d5|rsvp_received	1d2034a2-bb5d-43bb-ad18-5cd52b63cfa3	{"message": null, "response": "no", "guest_name": "Nancy", "manage_url": "https://pallinky.com/m/f600fbe2baa0b5b7c46479d84ffd331e", "event_title": "Orgy at 9pm", "guest_email": "nanbowles@gmail.com", "response_label": "declined"}	Nancy declined	0	1	t	2026-05-02 08:28:20.557028+00	2026-05-02 08:28:20.557028+00	2026-05-02 09:05:47.313205+00	2026-05-02 08:28:20.557028+00	2026-05-02 09:05:47.313205+00	\N
1ad69c7d-8bcd-4d19-962d-6ed37329c035	nanbowles@gmail.com	934b7e06-e645-4f82-b529-8dfc9b6aa919	invite_created	nanbowles@gmail.com|934b7e06-e645-4f82-b529-8dfc9b6aa919|invite_created	517d5265-868c-4402-82d2-b08b3e369f80	{"event_id": "934b7e06-e645-4f82-b529-8dfc9b6aa919", "host_name": "George", "is_series": false, "series_id": null, "event_type": "poll", "event_title": "Coffee etc"}	Coffee etc	0	1	t	2026-05-02 08:22:38.261192+00	2026-05-02 08:22:38.261192+00	2026-05-02 09:07:05.667038+00	2026-05-02 08:22:38.261192+00	2026-05-02 09:07:05.667038+00	\N
3762b189-1488-4c2e-89c0-1e2920c49948	ms.waxa@gmail.com	eabc3dc5-eae3-452e-a94c-c1831c5bd05d	guest_rsvp_confirmation	ms.waxa@gmail.com|eabc3dc5-eae3-452e-a94c-c1831c5bd05d|guest_rsvp_confirmation	52fe4afd-c0c1-4cc3-ac2a-7f3f468d6c69	{"slug": "evt-cv8pw-48b3", "token": "a072c37dcb7e7c63b025bd1abf46400c", "response": "interested", "host_name": "kitchencarnage", "event_title": "Labyrinth night"}	Labyrinth night	1	1	f	2026-05-01 13:56:53.573465+00	2026-05-01 13:56:53.573465+00	\N	2026-05-01 13:56:53.573465+00	2026-05-01 13:56:53.573465+00	\N
7abe68d0-a75b-4a3d-9229-b997d12ec4e6	jenni.iyoyo@gmail.com	b17d8d3c-b790-4444-886d-025288722d6f	chat_message_batch	jenni.iyoyo@gmail.com|b17d8d3c-b790-4444-886d-025288722d6f|chat_message_batch	bdc77433-59a6-4f11-a18e-45a2d0358d87	{"event_id": "b17d8d3c-b790-4444-886d-025288722d6f", "event_title": "Keep me company next week"}	Keep me company next week	0	1	t	2026-04-30 20:20:30.8576+00	2026-04-30 20:20:30.8576+00	2026-05-03 07:41:49.02568+00	2026-04-30 20:20:30.8576+00	2026-05-03 07:41:49.02568+00	\N
adb8498c-8c6d-40ed-be46-182794516372	karen.rickers@netcologne.de	eabc3dc5-eae3-452e-a94c-c1831c5bd05d	guest_rsvp_confirmation	karen.rickers@netcologne.de|eabc3dc5-eae3-452e-a94c-c1831c5bd05d|guest_rsvp_confirmation	9ebb5546-8ed9-4712-ba99-06737f9e32de	{"slug": "evt-cv8pw-48b3", "token": "ca5dec3f541fcc43f262e18c70316b2a", "response": "interested", "host_name": "kitchencarnage", "event_title": "Labyrinth night"}	Labyrinth night	1	1	f	2026-05-01 14:35:35.893471+00	2026-05-01 14:35:35.893471+00	\N	2026-05-01 14:35:35.893471+00	2026-05-01 14:35:35.893471+00	\N
14ba0f2f-fa81-4084-b823-e71cfad1fe2f	nanbowles@gmail.com	4236fe44-9e8d-4d19-a7cb-6af7bdc1836e	event_cancelled	nanbowles@gmail.com|4236fe44-9e8d-4d19-a7cb-6af7bdc1836e|event_cancelled	94b14998-f8b6-4640-9cca-24689028b92d	{"slug": "event-e13b", "title": "Poetry night", "message": "No go", "host_name": "kitchencarnage", "event_title": "Poetry night"}	Poetry night	0	1	t	2026-05-01 13:37:55.095899+00	2026-05-01 13:37:55.095899+00	2026-05-01 17:07:14.757945+00	2026-05-01 13:37:55.095899+00	2026-05-01 17:07:14.757945+00	\N
7c259ffa-da09-4082-9df7-a2e9001937bb	kitchencarnage@yahoo.co.uk	eabc3dc5-eae3-452e-a94c-c1831c5bd05d	rsvp_received	kitchencarnage@yahoo.co.uk|eabc3dc5-eae3-452e-a94c-c1831c5bd05d|rsvp_received	0d4b7fab-9c82-4ce6-a68c-4f192691dfaa	{"message": null, "response": "voted", "guest_name": "Karen", "manage_url": "https://pallinky.com/m/3a35a4d77a7fa91e7ae89d45548fba32", "event_title": "Labyrinth night", "guest_email": "karen.rickers@netcologne.de", "response_label": "voted"}	Karen voted	0	3	t	2026-05-01 13:47:01.639011+00	2026-05-01 14:35:35.612728+00	2026-05-03 08:03:59.087027+00	2026-05-01 13:47:01.639011+00	2026-05-03 08:03:59.087027+00	\N
7e2b6f6b-938c-4077-aea7-c9e75e9f004e	nanbowles@gmail.com	bac32d22-3490-45eb-93a6-7bd39c7a54d5	invite_created	nanbowles@gmail.com|bac32d22-3490-45eb-93a6-7bd39c7a54d5|invite_created	331ab19d-f459-4ba0-a729-5681a28214a9	{"event_id": "bac32d22-3490-45eb-93a6-7bd39c7a54d5", "host_name": "George", "is_series": false, "series_id": null, "event_type": "formal", "event_title": "Orgy at 9pm"}	Orgy at 9pm	0	1	t	2026-05-02 08:25:59.322055+00	2026-05-02 08:25:59.322055+00	2026-05-02 08:32:07.989398+00	2026-05-02 08:25:59.322055+00	2026-05-02 08:32:07.989398+00	\N
328c17a7-8401-4157-b0d7-34bc61742b3d	nanbowles@gmail.com	bac32d22-3490-45eb-93a6-7bd39c7a54d5	guest_rsvp_confirmation	nanbowles@gmail.com|bac32d22-3490-45eb-93a6-7bd39c7a54d5|guest_rsvp_confirmation	7bf80702-fd9c-42fe-97bc-3a2788676ac3	{"slug": "event-f825", "response": "no", "host_name": "George", "guest_name": "Nancy", "event_title": "Orgy at 9pm"}	Orgy at 9pm	0	1	t	2026-05-02 08:28:20.557028+00	2026-05-02 08:28:20.557028+00	2026-05-02 08:32:07.989398+00	2026-05-02 08:28:20.557028+00	2026-05-02 08:32:07.989398+00	\N
db590b58-a1a0-498b-bbdb-29ac667c3ae5	nanbowles@gmail.com	bac32d22-3490-45eb-93a6-7bd39c7a54d5	event_cancelled	nanbowles@gmail.com|bac32d22-3490-45eb-93a6-7bd39c7a54d5|event_cancelled	d8b348df-ed86-4200-871c-5091829bacff	{"slug": "event-f825", "title": "Orgy at 9pm", "message": "Test", "host_name": "George", "event_title": "Orgy at 9pm"}	Orgy at 9pm	0	1	t	2026-05-02 08:31:31.35601+00	2026-05-02 08:31:31.35601+00	2026-05-02 08:32:07.989398+00	2026-05-02 08:31:31.35601+00	2026-05-02 08:32:07.989398+00	\N
\.


--
-- Data for Name: notifications_outbox; Type: TABLE DATA; Schema: public; Owner: postgres
--

COPY "public"."notifications_outbox" ("id", "event_id", "recipient_email", "template", "payload", "status", "attempts", "last_error", "created_at", "processed_at", "type", "last_sent_at") FROM stdin;
0c3db367-855b-4a78-a693-b0885b1bfbb4	496ce5d6-5f23-403b-8e45-eeb13adfa441	retailnan@gmail.com	guest_rsvp_confirmation	{"slug": "vibe-spnhi-7449", "token": "7d9c010a115af935bc7949e5d9b7d2d0", "response": "interested", "host_name": "Nancy", "event_title": "Karaoke"}	sent	1	\N	2026-04-20 13:43:08.148595+00	2026-04-20 13:44:05.527254+00	guest_rsvp_confirmation	2026-04-20 13:44:05.527254+00
e4bee06d-dc1c-4bab-a1e7-6740b23f5352	33881ec9-d7ae-4847-9ea2-31da05375df9	adventure@slowquest.com	event_cancelled	{"slug": "event-c6b0", "title": "D&D session", "message": "Just a test.", "host_name": "Bodie H", "event_title": "D&D session"}	pending	0	\N	2026-04-09 16:00:18.06343+00	\N	event_cancelled	\N
8b1206b5-83da-43de-a05c-c8d6318d57f3	798cd413-6733-4428-94b1-bd01edba05d2	teunvdberg@yahoo.co.uk	host_rsvp_notification	{"response": "interested", "guest_name": "Nancy", "manage_url": "https://pallinky.com/m/3e6661397671862d9d242280a3deba68", "event_title": "Coffee"}	sent	2	\N	2026-04-02 20:57:50.633558+00	2026-04-09 17:44:00.604191+00	rsvp_received	2026-04-09 17:44:00.604191+00
baf97edd-ab54-4416-97f3-db5f87b82415	4a18eeef-9e18-4e3d-97bb-b974e55c2d7b	nanbowles@gmail.com	invite_created	{"event_id": "4a18eeef-9e18-4e3d-97bb-b974e55c2d7b", "host_name": "Geli", "is_series": true, "series_id": "34cb5920-29bb-4cb5-875d-c8a0c4d559ea", "event_type": "formal", "event_title": "Coffee"}	sent	1	\N	2026-04-28 11:13:12.072604+00	2026-04-28 11:14:00.192902+00	invite_created	2026-04-28 11:14:00.192902+00
9341cc7f-56ab-4a5b-9563-5c38ae696176	a4b2b3eb-3aa5-4bb3-930b-35b8b7478196	nanbowles@gmail.com	event_dm_message	{"body": "Ludwigs or Cafecito?", "event_id": "a4b2b3eb-3aa5-4bb3-930b-35b8b7478196", "thread_id": "e53c4008-c9f6-4ae5-bb4b-f95e38bfc82e", "message_id": "e0b247df-6e41-4d0f-9ec2-9c807cd172e6", "event_title": "Walk? Coffee?", "sender_name": "kitchencarnage@yahoo.co.uk", "sender_email_lc": "kitchencarnage@yahoo.co.uk"}	sent	1	\N	2026-04-21 10:00:53.417538+00	2026-04-21 10:01:00.181353+00	event_dm_message	2026-04-21 10:01:00.181353+00
e83dc93f-b98e-4d59-9b9b-5583da174884	0f921809-ca6e-4dc9-871f-832c8a008476	heppwalker@hotmail.com	guest_rsvp_confirmation	{"slug": "event-c20c", "token": "5a84750276e4ef834ac1c5bb07e01dc5", "response": "no", "host_name": "Ria Jones", "guest_name": "Tracy", "event_title": "Open Mic Night @ Zoku"}	sent	1	\N	2026-04-30 07:13:41.423677+00	2026-04-30 07:14:05.22492+00	guest_rsvp_confirmation	2026-04-30 07:14:05.22492+00
8ab62f71-f0a2-45e4-9d94-840f80f0caed	496ce5d6-5f23-403b-8e45-eeb13adfa441	themarieconroy@gmail.com	event_updated	{"slug": "vibe-spnhi-7449", "location": null, "host_name": "Nancy", "starts_at": "2026-05-15T17:30:00.000Z", "event_title": "Karaoke", "final_date_chosen": true}	pending	0	\N	2026-04-30 08:11:59.881013+00	\N	event_updated	\N
bdc77433-59a6-4f11-a18e-45a2d0358d87	b17d8d3c-b790-4444-886d-025288722d6f	jenni.iyoyo@gmail.com	chat_message	{"event_id": "b17d8d3c-b790-4444-886d-025288722d6f", "event_title": "Keep me company next week"}	sent	1	\N	2026-04-30 20:20:30.8576+00	2026-04-30 20:21:00.266508+00	chat_message_batch	2026-04-30 20:21:00.266508+00
454c8f7e-f48f-4b88-85c1-8d8583859173	eabc3dc5-eae3-452e-a94c-c1831c5bd05d	karen.rickers@netcologne.de	chat_message	{"event_id": "eabc3dc5-eae3-452e-a94c-c1831c5bd05d", "event_title": "Labyrinth night"}	pending	0	\N	2026-05-03 08:07:15.985059+00	\N	chat_message_batch	\N
5052c339-ce16-48a8-8128-d311b57ffd92	496ce5d6-5f23-403b-8e45-eeb13adfa441	nanbowles@gmail.com	host_rsvp_notification	{"response": "voted", "guest_name": "Margot", "manage_url": "https://pallinky.com/m/16d3ccd2b18cf8f0e5db782df282af75", "event_title": "Karaoke", "guest_email": "margot.delmotte@gmail.com"}	sent	1	\N	2026-04-20 12:50:19.609356+00	2026-04-20 12:51:00.310459+00	rsvp_received	2026-04-20 12:51:00.310459+00
e56601e0-20d2-4621-afb8-399d8220e86b	8c412619-77cd-4387-b749-663a04f08b76	nanbowles@gmail.com	host_rsvp_notification	{"response": "yes", "guest_name": "Devyani Sen", "manage_url": "https://pallinky.com/m/0a5940193f9ec62487fd1f8df751cc03", "event_title": "Swing dancing"}	sent	1	\N	2026-03-27 20:44:23.998512+00	2026-03-27 20:45:00.417902+00	rsvp_received	2026-03-27 20:45:00.417902+00
30682e61-db61-478d-a11c-16c09a31cbaf	8c412619-77cd-4387-b749-663a04f08b76	devyani71@yahoo.com	chat_message	{"event_id": "8c412619-77cd-4387-b749-663a04f08b76", "event_title": "Swing dancing"}	pending	0	\N	2026-03-27 20:45:21.945203+00	\N	chat_message_batch	\N
2695b725-0164-46a6-9990-2c521a3f70fc	8c412619-77cd-4387-b749-663a04f08b76	nanbowles@gmail.com	chat_message	{"event_id": "8c412619-77cd-4387-b749-663a04f08b76", "event_title": "Swing dancing"}	sent	1	\N	2026-03-27 20:49:39.379384+00	2026-03-27 20:50:00.385215+00	chat_message_batch	2026-03-27 20:50:00.385215+00
7caf001b-472d-48a3-8dae-1c8e1757e440	8c412619-77cd-4387-b749-663a04f08b76	devyani71@yahoo.com	chat_message	{"event_id": "8c412619-77cd-4387-b749-663a04f08b76", "event_title": "Swing dancing"}	pending	0	\N	2026-03-27 20:53:31.291384+00	\N	chat_message_batch	\N
eed72a25-4538-4f0e-b921-e9803220da58	8c412619-77cd-4387-b749-663a04f08b76	nanbowles@gmail.com	chat_message	{"event_id": "8c412619-77cd-4387-b749-663a04f08b76", "event_title": "Swing dancing"}	sent	1	\N	2026-03-27 20:56:57.070922+00	2026-03-27 20:57:00.352144+00	chat_message_batch	2026-03-27 20:57:00.352144+00
ffb1a2bf-bee9-4e6c-9240-3e7f5c818cb6	8c412619-77cd-4387-b749-663a04f08b76	devyani71@yahoo.com	chat_message	{"event_id": "8c412619-77cd-4387-b749-663a04f08b76", "event_title": "Swing dancing"}	pending	0	\N	2026-03-27 20:58:24.958294+00	\N	chat_message_batch	\N
e8acd7b0-1c3a-4184-ac3b-1a0765e58be3	8c412619-77cd-4387-b749-663a04f08b76	nanbowles@gmail.com	chat_message	{"event_id": "8c412619-77cd-4387-b749-663a04f08b76", "event_title": "Swing dancing"}	sent	1	\N	2026-03-27 23:07:29.006195+00	2026-03-27 23:08:00.393832+00	chat_message_batch	2026-03-27 23:08:00.393832+00
564a8dab-18a5-4715-be69-37cf197fa321	8c412619-77cd-4387-b749-663a04f08b76	devyani71@yahoo.com	chat_message	{"event_id": "8c412619-77cd-4387-b749-663a04f08b76", "event_title": "Swing dancing"}	pending	0	\N	2026-03-28 11:53:43.219931+00	\N	chat_message_batch	\N
e3462a7c-9dc2-46e1-89cc-1d676cef3077	8c412619-77cd-4387-b749-663a04f08b76	devyani71@yahoo.com	chat_message	{"event_id": "8c412619-77cd-4387-b749-663a04f08b76", "event_title": "Swing dancing"}	pending	0	\N	2026-03-28 11:53:54.593488+00	\N	chat_message_batch	\N
be8528ba-988c-42a6-8073-a3201f5f408f	8c412619-77cd-4387-b749-663a04f08b76	devyani71@yahoo.com	chat_message	{"event_id": "8c412619-77cd-4387-b749-663a04f08b76", "event_title": "Swing dancing"}	pending	0	\N	2026-03-28 21:07:59.363141+00	\N	chat_message_batch	\N
f708aaa1-bccc-401e-a392-3cedee1fefda	8c412619-77cd-4387-b749-663a04f08b76	nanbowles@gmail.com	chat_message	{"event_id": "8c412619-77cd-4387-b749-663a04f08b76", "event_title": "Swing dancing"}	sent	1	\N	2026-03-29 09:11:36.586548+00	2026-03-29 09:12:00.891091+00	chat_message_batch	2026-03-29 09:12:00.891091+00
32daab6d-ce41-4467-9fc9-6f62c3973336	496ce5d6-5f23-403b-8e45-eeb13adfa441	devyani71@yahoo.com	invite_created	{"event_id": "496ce5d6-5f23-403b-8e45-eeb13adfa441", "host_name": "Nancy", "event_title": "Karaoke"}	pending	0	\N	2026-03-29 21:46:47.00987+00	\N	invite_created	\N
34e3df8b-b777-4d18-83b2-e56fe3e1f2ad	496ce5d6-5f23-403b-8e45-eeb13adfa441	jenni.iyoyo@ziggo.nl	invite_created	{"event_id": "496ce5d6-5f23-403b-8e45-eeb13adfa441", "host_name": "Nancy", "event_title": "Karaoke"}	pending	0	\N	2026-03-29 21:46:47.00987+00	\N	invite_created	\N
83bf9d17-5356-400c-b5c3-c7c8d88dcba2	496ce5d6-5f23-403b-8e45-eeb13adfa441	devyani71@yahoo.com	event_invite	{"slug": "vibe-spnhi-7449", "title": "Karaoke"}	pending	0	\N	2026-03-29 21:46:47.44884+00	\N	event_updated	\N
78eeb80c-f430-492f-a1b8-b6ae1299ecab	496ce5d6-5f23-403b-8e45-eeb13adfa441	angelakerr345@gmail.com	invite_created	{"event_id": "496ce5d6-5f23-403b-8e45-eeb13adfa441", "host_name": "Nancy", "event_title": "Karaoke"}	sent	1	\N	2026-03-29 21:46:47.00987+00	2026-03-29 21:47:00.400934+00	invite_created	2026-03-29 21:47:00.400934+00
9a48656b-b368-4641-aaa2-fc7fdb5895dc	496ce5d6-5f23-403b-8e45-eeb13adfa441	angelakerr345@gmail.com	event_invite	{"slug": "vibe-spnhi-7449", "title": "Karaoke"}	sent	1	\N	2026-03-29 21:46:47.44884+00	2026-03-29 21:47:00.591877+00	event_updated	2026-03-29 21:47:00.591877+00
c8307cd6-9ba5-4cfe-94dc-aeb9d2f0b9c4	496ce5d6-5f23-403b-8e45-eeb13adfa441	nanbowles@gmail.com	host_rsvp_notification	{"response": "interested", "guest_name": "Tracy", "manage_url": "https://pallinky.com/m/16d3ccd2b18cf8f0e5db782df282af75", "event_title": "Karaoke"}	sent	1	\N	2026-03-29 22:10:59.768635+00	2026-03-29 22:11:00.349984+00	rsvp_received	2026-03-29 22:11:00.349984+00
aee27852-afcf-4c0d-81e6-e85c05a39204	496ce5d6-5f23-403b-8e45-eeb13adfa441	nanbowles@gmail.com	host_rsvp_notification	{"response": "interested", "guest_name": "Eden", "manage_url": "https://pallinky.com/m/16d3ccd2b18cf8f0e5db782df282af75", "event_title": "Karaoke"}	sent	1	\N	2026-03-29 22:15:18.008993+00	2026-03-29 22:16:00.441527+00	rsvp_received	2026-03-29 22:16:00.441527+00
501dda85-3146-4923-950c-3c84a4c0cd93	496ce5d6-5f23-403b-8e45-eeb13adfa441	nanbowles@gmail.com	host_rsvp_notification	{"response": "interested", "guest_name": "Nancy Bowles", "manage_url": "https://pallinky.com/m/16d3ccd2b18cf8f0e5db782df282af75", "event_title": "Karaoke"}	sent	1	\N	2026-03-29 22:18:03.701841+00	2026-03-29 22:19:00.461506+00	rsvp_received	2026-03-29 22:19:00.461506+00
0ecf2137-e997-4f9c-b4f9-003bce4443df	38275534-93c0-483b-aa96-60c2ab5ebf9f	kitchencarnage@yahoo.co.uk	host_rsvp_notification	{"message": "Yes for coffee! Or that sunny terrace!", "response": "yes", "guest_name": "Nancy", "manage_url": "https://pallinky.com/m/aaaf362ef095fb80df466a9a12aa050f", "event_title": "Coffee", "guest_email": "nanbowles@gmail.com", "response_label": "is going"}	pending	0	\N	2026-04-28 11:17:32.264813+00	\N	rsvp_received	\N
eebb5a1c-6420-4a70-a8d9-86f839ffcba7	496ce5d6-5f23-403b-8e45-eeb13adfa441	nanbowles@gmail.com	host_rsvp_notification	{"response": "interested", "guest_name": "Nancy R Bowles", "manage_url": "https://pallinky.com/m/16d3ccd2b18cf8f0e5db782df282af75", "event_title": "Karaoke"}	sent	1	\N	2026-03-30 06:29:40.350754+00	2026-03-30 06:30:00.390322+00	rsvp_received	2026-03-30 06:30:00.390322+00
92aeee3e-65b6-4c11-9818-a7927a905cac	33881ec9-d7ae-4847-9ea2-31da05375df9	adventure@slowquest.com	event_cancelled	{"slug": "event-c6b0", "title": "D&D session", "message": "Test", "host_name": "Bodie H", "event_title": "D&D session"}	pending	0	\N	2026-04-09 16:02:42.614785+00	\N	event_cancelled	\N
be24c243-3e1e-4d67-98f7-d7390135fa26	496ce5d6-5f23-403b-8e45-eeb13adfa441	retailnan@gmail.com	guest_rsvp_confirmation	{"slug": "vibe-spnhi-7449", "token": "7f8167e48249f80c485477710681d10f", "response": "interested", "host_name": "Nancy", "event_title": "Karaoke"}	sent	1	\N	2026-04-20 14:11:36.614973+00	2026-04-20 14:12:05.800523+00	guest_rsvp_confirmation	2026-04-20 14:12:05.800523+00
e37b8d88-b1f7-4c55-b2e3-e15e13963d32	a4b2b3eb-3aa5-4bb3-930b-35b8b7478196	kitchencarnage@yahoo.co.uk	event_dm_message	{"body": "Ok let’s meet at cafecito", "event_id": "a4b2b3eb-3aa5-4bb3-930b-35b8b7478196", "thread_id": "e53c4008-c9f6-4ae5-bb4b-f95e38bfc82e", "message_id": "6ce0966d-fbc8-4460-9e28-1c4d5c1113d8", "event_title": "Walk? Coffee?", "sender_name": "Nancy", "sender_email_lc": "nanbowles@gmail.com"}	pending	0	\N	2026-04-21 10:29:43.689101+00	\N	event_dm_message	\N
27189ef7-7202-4f91-81ca-e11e5586e6aa	496ce5d6-5f23-403b-8e45-eeb13adfa441	nanbowles@gmail.com	host_rsvp_notification	{"response": "interested", "guest_name": "Devyani Sen", "manage_url": "https://pallinky.com/m/16d3ccd2b18cf8f0e5db782df282af75", "event_title": "Karaoke"}	sent	1	\N	2026-03-30 07:06:26.195183+00	2026-03-30 07:07:00.321264+00	rsvp_received	2026-03-30 07:07:00.321264+00
d86bf24d-1909-4bab-8ae7-17b7f58ae8be	496ce5d6-5f23-403b-8e45-eeb13adfa441	retailnan@gmail.com	event_dm_message	{"body": "Hello", "event_id": "496ce5d6-5f23-403b-8e45-eeb13adfa441", "thread_id": "502fdc97-ac2c-48ed-9583-f5295ea79489", "message_id": "76d3d80a-7286-492a-ab5d-c631a302be20", "event_title": "Karaoke", "sender_name": "Nancy", "sender_email_lc": "nanbowles@gmail.com"}	sent	1	\N	2026-04-24 15:49:06.277416+00	2026-04-24 15:50:00.213239+00	event_dm_message	2026-04-24 15:50:00.213239+00
2c974dda-b3dc-4017-8b55-c2913b5e8ed5	38275534-93c0-483b-aa96-60c2ab5ebf9f	nanbowles@gmail.com	guest_rsvp_confirmation	{"slug": "event-8413", "response": "yes", "host_name": "Geli", "guest_name": "Nancy", "event_title": "Coffee"}	sent	1	\N	2026-04-28 11:17:32.264813+00	2026-04-28 11:18:05.322646+00	guest_rsvp_confirmation	2026-04-28 11:18:05.322646+00
ab52e418-c4c9-4f10-be07-009b3520ed66	496ce5d6-5f23-403b-8e45-eeb13adfa441	jenni.iyoyo@gmail.com	chat_message	{"event_id": "496ce5d6-5f23-403b-8e45-eeb13adfa441", "event_title": "Karaoke"}	sent	1	\N	2026-04-01 08:02:13.750728+00	2026-04-28 19:41:00.246902+00	chat_message_batch	2026-04-28 19:41:00.246902+00
63d9e56a-164f-49c2-8926-8e65ab8ffaa8	496ce5d6-5f23-403b-8e45-eeb13adfa441	jenni.iyoyo@gmail.com	chat_message	{"event_id": "496ce5d6-5f23-403b-8e45-eeb13adfa441", "event_title": "Karaoke"}	sent	1	\N	2026-04-01 08:03:11.085315+00	2026-04-28 19:41:00.366845+00	chat_message_batch	2026-04-28 19:41:00.366845+00
c881cf42-10eb-4df0-9a5e-56c6f0479a31	0f921809-ca6e-4dc9-871f-832c8a008476	p8mkw62djr@privaterelay.appleid.com	event_dm_message	{"body": "I can see your account here!", "event_id": "0f921809-ca6e-4dc9-871f-832c8a008476", "thread_id": "64c9fdb4-da09-4435-8832-411396da44f8", "message_id": "f1a367a1-bcbc-435c-9a9a-40d1552f6b80", "event_title": "Open Mic Night @ Zoku", "sender_name": "Nancy", "sender_email_lc": "nanbowles@gmail.com"}	sent	1	\N	2026-04-30 07:15:42.059547+00	2026-04-30 07:16:00.158257+00	event_dm_message	2026-04-30 07:16:00.158257+00
0619780c-62de-4864-aa97-43c5b17b870b	496ce5d6-5f23-403b-8e45-eeb13adfa441	nanbowles@gmail.com	host_rsvp_notification	{"response": "no", "guest_name": "Jenni Iyoyo", "manage_url": "https://pallinky.com/m/16d3ccd2b18cf8f0e5db782df282af75", "event_title": "Karaoke"}	sent	1	\N	2026-03-30 17:13:04.855373+00	2026-03-30 17:14:00.590118+00	rsvp_received	2026-03-30 17:14:00.590118+00
9a855bda-0a19-4555-9967-6aa019dd117f	496ce5d6-5f23-403b-8e45-eeb13adfa441	jenni.iyoyo@gmail.com	event_updated	{"slug": "vibe-spnhi-7449", "location": null, "host_name": "Nancy", "starts_at": "2026-05-15T17:30:00.000Z", "event_title": "Karaoke", "final_date_chosen": true}	sent	1	\N	2026-04-30 08:11:59.881013+00	2026-04-30 08:12:00.230061+00	event_updated	2026-04-30 08:12:00.230061+00
61a8088e-d57f-482d-a0e2-b628fb324fef	496ce5d6-5f23-403b-8e45-eeb13adfa441	nanbowles@gmail.com	host_rsvp_notification	{"response": "yes", "guest_name": "Ria", "manage_url": "https://pallinky.com/m/16d3ccd2b18cf8f0e5db782df282af75", "event_title": "Karaoke"}	sent	1	\N	2026-04-01 08:01:57.296107+00	2026-04-01 08:02:00.424587+00	rsvp_received	2026-04-01 08:02:00.424587+00
2c096c12-be0c-4a02-8279-864665187c65	496ce5d6-5f23-403b-8e45-eeb13adfa441	devyani71@yahoo.com	chat_message	{"event_id": "496ce5d6-5f23-403b-8e45-eeb13adfa441", "event_title": "Karaoke"}	pending	0	\N	2026-04-01 08:02:13.750728+00	\N	chat_message_batch	\N
b96636ef-ff4e-4e91-9e6a-e8b0fd43cbb1	496ce5d6-5f23-403b-8e45-eeb13adfa441	riajones99@googlemail.com	chat_message	{"event_id": "496ce5d6-5f23-403b-8e45-eeb13adfa441", "event_title": "Karaoke"}	pending	0	\N	2026-04-01 08:02:13.750728+00	\N	chat_message_batch	\N
83b40f07-3a4c-4d41-962e-a39256738e3b	496ce5d6-5f23-403b-8e45-eeb13adfa441	devyani71@yahoo.com	chat_message	{"event_id": "496ce5d6-5f23-403b-8e45-eeb13adfa441", "event_title": "Karaoke"}	pending	0	\N	2026-04-01 08:03:11.085315+00	\N	chat_message_batch	\N
65632e72-510f-415a-81b3-0c3d3a2143c8	b17d8d3c-b790-4444-886d-025288722d6f	nanbowles@gmail.com	event_updated	{"slug": "evt-l5vv0-cd52", "location": null, "host_name": "jenni.iyoyo", "starts_at": "2026-05-05T11:00:00.000Z", "event_title": "Keep me company next week", "final_date_chosen": true}	sent	1	\N	2026-04-30 16:06:19.806516+00	2026-04-30 16:07:00.322953+00	event_updated	2026-04-30 16:07:00.322953+00
46d24345-b289-4963-815e-33e1b3d29778	496ce5d6-5f23-403b-8e45-eeb13adfa441	riajones99@googlemail.com	chat_message	{"event_id": "496ce5d6-5f23-403b-8e45-eeb13adfa441", "event_title": "Karaoke"}	pending	0	\N	2026-04-01 08:03:11.085315+00	\N	chat_message_batch	\N
0e99b82b-83b8-48c9-bc8e-2adf5083b72b	496ce5d6-5f23-403b-8e45-eeb13adfa441	devyani71@yahoo.com	chat_message	{"event_id": "496ce5d6-5f23-403b-8e45-eeb13adfa441", "event_title": "Karaoke"}	pending	0	\N	2026-04-01 08:03:48.931996+00	\N	chat_message_batch	\N
91c579df-3819-444b-91e4-5934b79993f3	496ce5d6-5f23-403b-8e45-eeb13adfa441	margot.delmotte@gmail.com	guest_rsvp_confirmation	{"slug": "vibe-spnhi-7449", "token": "ce6f310d3f3797dc0392c12b77daa4d9", "response": "interested", "host_name": "Nancy", "event_title": "Karaoke"}	sent	1	\N	2026-04-20 12:50:19.694365+00	2026-04-20 12:51:04.588127+00	guest_rsvp_confirmation	2026-04-20 12:51:04.588127+00
3ea542a6-b187-4122-9024-e1c7f5552574	496ce5d6-5f23-403b-8e45-eeb13adfa441	heppwalker@hotmail.com	chat_message	{"event_id": "496ce5d6-5f23-403b-8e45-eeb13adfa441", "event_title": "Karaoke"}	sent	1	\N	2026-04-01 08:02:13.750728+00	2026-04-05 19:51:00.550983+00	chat_message_batch	2026-04-05 19:51:00.550983+00
0f9b8fd8-9b7a-4daf-9230-676bda97f522	496ce5d6-5f23-403b-8e45-eeb13adfa441	heppwalker@hotmail.com	chat_message	{"event_id": "496ce5d6-5f23-403b-8e45-eeb13adfa441", "event_title": "Karaoke"}	sent	1	\N	2026-04-01 08:03:11.085315+00	2026-04-05 19:51:00.769707+00	chat_message_batch	2026-04-05 19:51:00.769707+00
22704f51-2043-4bb2-a148-d4b311edccf8	496ce5d6-5f23-403b-8e45-eeb13adfa441	heppwalker@hotmail.com	chat_message	{"event_id": "496ce5d6-5f23-403b-8e45-eeb13adfa441", "event_title": "Karaoke"}	sent	1	\N	2026-04-01 08:03:48.931996+00	2026-04-05 19:51:01.001953+00	chat_message_batch	2026-04-05 19:51:01.001953+00
c1c2d742-2718-41f0-9b14-58bd900da39f	496ce5d6-5f23-403b-8e45-eeb13adfa441	devyani71@yahoo.com	chat_message	{"event_id": "496ce5d6-5f23-403b-8e45-eeb13adfa441", "event_title": "Karaoke"}	pending	0	\N	2026-04-06 03:48:14.568252+00	\N	chat_message_batch	\N
225a45ed-fc9f-4513-bced-a61e4ede2ddd	496ce5d6-5f23-403b-8e45-eeb13adfa441	riajones99@googlemail.com	chat_message	{"event_id": "496ce5d6-5f23-403b-8e45-eeb13adfa441", "event_title": "Karaoke"}	pending	0	\N	2026-04-01 08:03:48.931996+00	\N	chat_message_batch	\N
d7296ede-8cf2-43a1-be5a-2d27b0bb1a3e	a4b2b3eb-3aa5-4bb3-930b-35b8b7478196	kitchencarnage@yahoo.co.uk	event_dm_message	{"body": "Hey😆 we still on for tomorrow? I will be taking a tram from my place so near Beethovenstraat would be convenient.", "event_id": "a4b2b3eb-3aa5-4bb3-930b-35b8b7478196", "thread_id": "e53c4008-c9f6-4ae5-bb4b-f95e38bfc82e", "message_id": "2c49b1de-f572-4bb2-a42d-2bd4d008c79a", "event_title": "Walk? Coffee?", "sender_name": "Nancy", "sender_email_lc": "nanbowles@gmail.com"}	pending	0	\N	2026-04-20 20:36:01.825836+00	\N	event_dm_message	\N
67c1aa55-aff9-47c7-b386-4d012ed0c007	496ce5d6-5f23-403b-8e45-eeb13adfa441	nanbowles@gmail.com	host_rsvp_notification	{"response": "no", "guest_name": "Marie Conroy", "manage_url": "https://pallinky.com/m/16d3ccd2b18cf8f0e5db782df282af75", "event_title": "Karaoke"}	sent	1	\N	2026-04-01 08:11:34.489586+00	2026-04-01 08:12:00.507588+00	rsvp_received	2026-04-01 08:12:00.507588+00
f21fe0f6-f51a-4bbe-aa02-a0ecc3456961	496ce5d6-5f23-403b-8e45-eeb13adfa441	devyani71@yahoo.com	chat_message	{"event_id": "496ce5d6-5f23-403b-8e45-eeb13adfa441", "event_title": "Karaoke"}	pending	0	\N	2026-04-01 09:39:32.378988+00	\N	chat_message_batch	\N
b76e60ea-c794-4c87-84c3-cec85e67ee95	a4b2b3eb-3aa5-4bb3-930b-35b8b7478196	nanbowles@gmail.com	event_dm_message	{"body": "👌", "event_id": "a4b2b3eb-3aa5-4bb3-930b-35b8b7478196", "thread_id": "e53c4008-c9f6-4ae5-bb4b-f95e38bfc82e", "message_id": "20b7433f-47b6-4753-a1a2-9feee8ae4897", "event_title": "Walk? Coffee?", "sender_name": "kitchencarnage@yahoo.co.uk", "sender_email_lc": "kitchencarnage@yahoo.co.uk"}	sent	1	\N	2026-04-21 11:10:56.638523+00	2026-04-21 11:11:00.406367+00	event_dm_message	2026-04-21 11:11:00.406367+00
c798e327-b6eb-43c0-b861-f8f7f5b5f437	496ce5d6-5f23-403b-8e45-eeb13adfa441	riajones99@googlemail.com	chat_message	{"event_id": "496ce5d6-5f23-403b-8e45-eeb13adfa441", "event_title": "Karaoke"}	pending	0	\N	2026-04-01 09:39:32.378988+00	\N	chat_message_batch	\N
f52be993-4f08-4245-81ab-6c8dce55d9df	496ce5d6-5f23-403b-8e45-eeb13adfa441	themarieconroy@gmail.com	chat_message	{"event_id": "496ce5d6-5f23-403b-8e45-eeb13adfa441", "event_title": "Karaoke"}	pending	0	\N	2026-04-01 09:39:32.378988+00	\N	chat_message_batch	\N
9d3251b9-c371-46d3-8c40-2bec4e34af3b	4236fe44-9e8d-4d19-a7cb-6af7bdc1836e	nanbowles@gmail.com	invite_created	{"event_id": "4236fe44-9e8d-4d19-a7cb-6af7bdc1836e", "host_name": "kitchencarnage", "is_series": true, "series_id": "7ef491c8-19ef-4f7a-ac93-0d0e42bc670f", "event_type": "vibe", "event_title": "Poetry night"}	sent	1	\N	2026-04-28 11:25:18.059672+00	2026-04-28 11:26:00.164957+00	invite_created	2026-04-28 11:26:00.164957+00
0c4c78fd-25fa-44ee-89dc-07332b44a31d	496ce5d6-5f23-403b-8e45-eeb13adfa441	nanbowles@gmail.com	event_dm_message	{"body": "Sounds like a good time", "event_id": "496ce5d6-5f23-403b-8e45-eeb13adfa441", "thread_id": "502fdc97-ac2c-48ed-9583-f5295ea79489", "message_id": "f0f3480d-1183-44fc-ad07-a6e3302b0ab2", "event_title": "Karaoke", "sender_name": "retailnan@gmail.com", "sender_email_lc": "retailnan@gmail.com"}	sent	1	\N	2026-04-24 16:20:03.23918+00	2026-04-24 16:21:00.25997+00	event_dm_message	2026-04-24 16:21:00.25997+00
6e3eec82-9372-4360-85d0-579c7ef9feff	798cd413-6733-4428-94b1-bd01edba05d2	nanbowles@gmail.com	invite_created	{"event_id": "798cd413-6733-4428-94b1-bd01edba05d2", "host_name": "teunvdberg", "event_title": "Coffee"}	sent	1	\N	2026-04-02 20:28:25.443135+00	2026-04-02 20:29:00.451776+00	invite_created	2026-04-02 20:29:00.451776+00
7d0b9733-3922-418e-9075-40bf324c9929	798cd413-6733-4428-94b1-bd01edba05d2	nanbowles@gmail.com	event_invite	{"slug": "vibe-ejcp2-6658", "title": "Coffee"}	sent	1	\N	2026-04-02 20:28:25.536943+00	2026-04-02 20:29:00.671442+00	event_updated	2026-04-02 20:29:00.671442+00
4ac5e797-d980-4389-a3fe-e51f3fb00f87	38275534-93c0-483b-aa96-60c2ab5ebf9f	nanbowles@gmail.com	chat_message	{"event_id": "38275534-93c0-483b-aa96-60c2ab5ebf9f", "event_title": "Coffee"}	sent	1	\N	2026-04-28 11:26:16.092349+00	2026-04-28 11:27:00.570386+00	chat_message_batch	2026-04-28 11:27:00.570386+00
daf1696f-5e7a-4f89-8747-cc9ed635d032	496ce5d6-5f23-403b-8e45-eeb13adfa441	jenni.iyoyo@gmail.com	chat_message	{"event_id": "496ce5d6-5f23-403b-8e45-eeb13adfa441", "event_title": "Karaoke"}	sent	1	\N	2026-04-01 08:03:48.931996+00	2026-04-28 19:41:00.583072+00	chat_message_batch	2026-04-28 19:41:00.583072+00
3611acc9-6e02-474c-b60c-b890cbd4e18e	496ce5d6-5f23-403b-8e45-eeb13adfa441	jenni.iyoyo@gmail.com	chat_message	{"event_id": "496ce5d6-5f23-403b-8e45-eeb13adfa441", "event_title": "Karaoke"}	sent	1	\N	2026-04-01 09:39:32.378988+00	2026-04-28 19:41:00.652872+00	chat_message_batch	2026-04-28 19:41:00.652872+00
9275d562-d363-4145-9a62-b575055871f8	496ce5d6-5f23-403b-8e45-eeb13adfa441	jenni.iyoyo@gmail.com	chat_message	{"event_id": "496ce5d6-5f23-403b-8e45-eeb13adfa441", "event_title": "Karaoke"}	sent	1	\N	2026-04-05 19:52:58.81958+00	2026-04-28 19:41:00.850096+00	chat_message_batch	2026-04-28 19:41:00.850096+00
d70830d9-bce0-4a74-947c-f055d24e7205	496ce5d6-5f23-403b-8e45-eeb13adfa441	jenni.iyoyo@gmail.com	chat_message	{"event_id": "496ce5d6-5f23-403b-8e45-eeb13adfa441", "event_title": "Karaoke"}	sent	1	\N	2026-04-06 03:48:14.568252+00	2026-04-28 19:41:00.944854+00	chat_message_batch	2026-04-28 19:41:00.944854+00
db19f00c-43fd-4916-9d9e-140b89746427	b17d8d3c-b790-4444-886d-025288722d6f	angelakerr345@gmail.com	invite_created	{"event_id": "b17d8d3c-b790-4444-886d-025288722d6f", "host_name": "jenni.iyoyo", "is_series": false, "series_id": null, "event_type": "reach_out", "event_title": "Keep me company next week"}	sent	1	\N	2026-04-30 14:17:14.480099+00	2026-04-30 14:18:00.219147+00	invite_created	2026-04-30 14:18:00.219147+00
46a18ce7-dc02-46a3-a07f-2e60f71f7812	496ce5d6-5f23-403b-8e45-eeb13adfa441	heppwalker@hotmail.com	guest_rsvp_confirmation	{"slug": "vibe-spnhi-7449", "response": "no", "host_name": "Nancy", "guest_name": "heppwalker", "event_title": "Karaoke"}	sent	1	\N	2026-04-30 15:30:07.5548+00	2026-04-30 15:30:13.620945+00	guest_rsvp_confirmation	2026-04-30 15:30:13.620945+00
4a0fb8b0-0051-4abd-90bb-1034328acc79	496ce5d6-5f23-403b-8e45-eeb13adfa441	nanbowles@gmail.com	host_rsvp_notification	{"response": "voted", "guest_name": "Renata", "manage_url": "https://pallinky.com/m/16d3ccd2b18cf8f0e5db782df282af75", "event_title": "Karaoke", "guest_email": "retailnan@gmail.com"}	sent	1	\N	2026-04-20 11:36:33.982911+00	2026-04-20 11:37:00.237077+00	rsvp_received	2026-04-20 11:37:00.237077+00
01e39e2a-b9f7-4fd8-8d88-33680ddea922	496ce5d6-5f23-403b-8e45-eeb13adfa441	heppwalker@hotmail.com	chat_message	{"event_id": "496ce5d6-5f23-403b-8e45-eeb13adfa441", "event_title": "Karaoke"}	sent	1	\N	2026-04-01 09:39:32.378988+00	2026-04-05 19:51:01.214829+00	chat_message_batch	2026-04-05 19:51:01.214829+00
a36e4e1e-65a1-40fe-aa56-28baa3ff3cf5	496ce5d6-5f23-403b-8e45-eeb13adfa441	devyani71@yahoo.com	chat_message	{"event_id": "496ce5d6-5f23-403b-8e45-eeb13adfa441", "event_title": "Karaoke"}	pending	0	\N	2026-04-05 19:52:58.81958+00	\N	chat_message_batch	\N
3963d2fa-978f-4349-a53a-81023149a5a7	496ce5d6-5f23-403b-8e45-eeb13adfa441	riajones99@googlemail.com	chat_message	{"event_id": "496ce5d6-5f23-403b-8e45-eeb13adfa441", "event_title": "Karaoke"}	pending	0	\N	2026-04-05 19:52:58.81958+00	\N	chat_message_batch	\N
70f1ff78-a64c-40ea-94c7-1ffbc83a45ad	496ce5d6-5f23-403b-8e45-eeb13adfa441	themarieconroy@gmail.com	chat_message	{"event_id": "496ce5d6-5f23-403b-8e45-eeb13adfa441", "event_title": "Karaoke"}	pending	0	\N	2026-04-05 19:52:58.81958+00	\N	chat_message_batch	\N
80a36b11-85f3-4e87-bb91-39db304de207	496ce5d6-5f23-403b-8e45-eeb13adfa441	nanbowles@gmail.com	chat_message	{"event_id": "496ce5d6-5f23-403b-8e45-eeb13adfa441", "event_title": "Karaoke"}	sent	1	\N	2026-04-05 19:52:58.81958+00	2026-04-05 19:53:00.63641+00	chat_message_batch	2026-04-05 19:53:00.63641+00
dd79543e-2f79-44c3-beb1-713deb4a6a6d	9949ea0a-606b-445e-9487-e4a06bd8bacd	tsquare64@gmail.com	host_rsvp_notification	{"response": "maybe", "guest_name": "Nancy", "manage_url": "https://pallinky.com/m/fbb9b51222afe5f3278387385226a034", "event_title": "A stroll in the park"}	sent	1	\N	2026-04-05 20:35:34.334877+00	2026-04-05 20:36:00.523066+00	rsvp_received	2026-04-05 20:36:00.523066+00
7bd6d2e6-ebda-4137-95e6-5627bc9b5e86	496ce5d6-5f23-403b-8e45-eeb13adfa441	riajones99@googlemail.com	chat_message	{"event_id": "496ce5d6-5f23-403b-8e45-eeb13adfa441", "event_title": "Karaoke"}	pending	0	\N	2026-04-06 03:48:14.568252+00	\N	chat_message_batch	\N
c150a17a-53f2-4413-ae80-610fcfb9fc09	496ce5d6-5f23-403b-8e45-eeb13adfa441	themarieconroy@gmail.com	chat_message	{"event_id": "496ce5d6-5f23-403b-8e45-eeb13adfa441", "event_title": "Karaoke"}	pending	0	\N	2026-04-06 03:48:14.568252+00	\N	chat_message_batch	\N
3bf95a02-5eb7-45b3-97bd-23e0f3c20d47	496ce5d6-5f23-403b-8e45-eeb13adfa441	heppwalker@hotmail.com	chat_message	{"event_id": "496ce5d6-5f23-403b-8e45-eeb13adfa441", "event_title": "Karaoke"}	sent	1	\N	2026-04-06 03:48:14.568252+00	2026-04-06 03:49:00.466067+00	chat_message_batch	2026-04-06 03:49:00.466067+00
ca4d6a12-9bf7-40c4-bf94-714c861fbc88	4236fe44-9e8d-4d19-a7cb-6af7bdc1836e	kitchencarnage@yahoo.co.uk	host_rsvp_notification	{"message": null, "response": "voted", "guest_name": "Nancy", "manage_url": "https://pallinky.com/m/95c7f70ef840d04c9638f4f4c949d0c2", "event_title": "Poetry night", "guest_email": "nanbowles@gmail.com", "response_label": "voted"}	pending	0	\N	2026-04-29 12:02:58.567779+00	\N	rsvp_received	\N
14c78a8d-fc49-4f06-ba02-651476800cb3	9949ea0a-606b-445e-9487-e4a06bd8bacd	tsquare64@gmail.com	event_dm_message	{"body": "That’s cool that the time in the ics download is correct. Can you tell me your experience with sharing the invite? I think the integration with contacts is a bi", "event_id": "9949ea0a-606b-445e-9487-e4a06bd8bacd", "thread_id": "2c2f56ab-529b-4546-b4fa-c00b941a2b40", "message_id": "1e1d5bfe-ef6b-43dd-b84a-c7752d99255f", "event_title": "A stroll in the park", "sender_name": "Nancy", "sender_email_lc": "nanbowles@gmail.com"}	sent	1	\N	2026-04-06 03:50:04.495719+00	2026-04-06 03:51:00.391541+00	event_dm_message	2026-04-06 03:51:00.391541+00
8ace900c-da35-4939-a0ac-ad1ca38070d0	a4b2b3eb-3aa5-4bb3-930b-35b8b7478196	nanbowles@gmail.com	event_dm_message	{"body": "Yes, lovely! Did we say about 2pm?", "event_id": "a4b2b3eb-3aa5-4bb3-930b-35b8b7478196", "thread_id": "e53c4008-c9f6-4ae5-bb4b-f95e38bfc82e", "message_id": "8657e80e-0c81-49e5-8d49-70e476cc5598", "event_title": "Walk? Coffee?", "sender_name": "kitchencarnage@yahoo.co.uk", "sender_email_lc": "kitchencarnage@yahoo.co.uk"}	sent	1	\N	2026-04-21 07:06:00.865229+00	2026-04-21 07:07:00.44083+00	event_dm_message	2026-04-21 07:07:00.44083+00
385b092b-6737-40ed-8983-7b2b6b085abc	9949ea0a-606b-445e-9487-e4a06bd8bacd	nanbowles@gmail.com	event_dm_message	{"body": "I was trying to send it to Elizabeth (my spouse) and it would only allow me to use her Messages link (cell phone number). I couldn't find a link or path that wo", "event_id": "9949ea0a-606b-445e-9487-e4a06bd8bacd", "thread_id": "2c2f56ab-529b-4546-b4fa-c00b941a2b40", "message_id": "31913954-01ee-406d-b7ef-ef8752d4a647", "event_title": "A stroll in the park", "sender_name": "tsquare64@gmail.com", "sender_email_lc": "tsquare64@gmail.com"}	sent	1	\N	2026-04-06 04:56:11.253098+00	2026-04-06 04:57:00.441266+00	event_dm_message	2026-04-06 04:57:00.441266+00
45b840e2-118a-49e8-8dae-30b4e130ac71	496ce5d6-5f23-403b-8e45-eeb13adfa441	riajones99@googlemail.com	guest_rsvp_confirmation	{"slug": "vibe-spnhi-7449", "token": "8590ca7f3bf931717bb4e551d25ee0c8", "response": "interested", "host_name": "Nancy", "event_title": "Karaoke"}	sent	1	\N	2026-04-30 07:24:06.6937+00	2026-04-30 07:25:06.613127+00	guest_rsvp_confirmation	2026-04-30 07:25:06.613127+00
8ab5524c-298b-427f-99fa-80192f608b55	9949ea0a-606b-445e-9487-e4a06bd8bacd	nanbowles@gmail.com	event_dm_message	{"body": "Now it's my bedtime. I'll look at it more tomorrow, time permitting", "event_id": "9949ea0a-606b-445e-9487-e4a06bd8bacd", "thread_id": "2c2f56ab-529b-4546-b4fa-c00b941a2b40", "message_id": "1f77e0af-ff30-4f27-b209-e753833b81cf", "event_title": "A stroll in the park", "sender_name": "tsquare64@gmail.com", "sender_email_lc": "tsquare64@gmail.com"}	sent	1	\N	2026-04-06 05:01:20.096278+00	2026-04-06 05:02:00.516454+00	event_dm_message	2026-04-06 05:02:00.516454+00
b30766fd-c892-4e09-89ea-472dffb10934	496ce5d6-5f23-403b-8e45-eeb13adfa441	margot.delmotte@gmail.com	event_dm_message	{"body": "How cool that you want to come to karaoke!", "event_id": "496ce5d6-5f23-403b-8e45-eeb13adfa441", "thread_id": "b677d2a4-d0a6-4179-9d06-1726fabfb05d", "message_id": "dd3d872f-5610-48c4-9e06-a1984e9565b8", "event_title": "Karaoke", "sender_name": "Nancy", "sender_email_lc": "nanbowles@gmail.com"}	sent	1	\N	2026-04-20 13:28:56.019925+00	2026-04-30 10:45:00.482208+00	event_dm_message	2026-04-30 10:45:00.482208+00
133832eb-5c18-4659-b009-870cbfbacb76	b17d8d3c-b790-4444-886d-025288722d6f	nanbowles@gmail.com	invite_created	{"event_id": "b17d8d3c-b790-4444-886d-025288722d6f", "host_name": "jenni.iyoyo", "is_series": false, "series_id": null, "event_type": "reach_out", "event_title": "Keep me company next week"}	sent	1	\N	2026-04-30 14:17:14.480099+00	2026-04-30 14:18:00.278381+00	invite_created	2026-04-30 14:18:00.278381+00
4d3805ae-87dc-44ba-92d4-7555401f9e81	496ce5d6-5f23-403b-8e45-eeb13adfa441	retailnan@gmail.com	event_dm_message	{"body": "Yes sounds great 👍 thanks 🤩", "event_id": "496ce5d6-5f23-403b-8e45-eeb13adfa441", "thread_id": "502fdc97-ac2c-48ed-9583-f5295ea79489", "message_id": "bc20ba36-dad5-48cf-9167-d119403194b2", "event_title": "Karaoke", "sender_name": "Nancy", "sender_email_lc": "nanbowles@gmail.com"}	sent	1	\N	2026-04-24 16:21:16.155905+00	2026-04-24 16:22:00.15891+00	event_dm_message	2026-04-24 16:22:00.15891+00
3aca0b56-9c58-4c1f-ad5f-352de7ac4067	33881ec9-d7ae-4847-9ea2-31da05375df9	bodieh@gmail.com	host_rsvp_notification	{"response": "yes", "guest_name": "Ginger", "manage_url": "https://pallinky.com/m/3ae96e6061b1ebeb38f51b3ef76f24bd", "event_title": "D&D session"}	sent	1	\N	2026-04-06 20:24:18.589621+00	2026-04-06 20:25:00.886886+00	rsvp_received	2026-04-06 20:25:00.886886+00
a14100d8-7303-41f9-bafb-0b57ddf52fc0	51f4ccc0-8005-4cd7-8e10-61e2acb8f244	bodieh@gmail.com	invite_created	{"event_id": "51f4ccc0-8005-4cd7-8e10-61e2acb8f244", "host_name": "Nancy", "event_title": "A coffee date"}	sent	1	\N	2026-04-06 20:25:30.487062+00	2026-04-06 20:26:00.658474+00	invite_created	2026-04-06 20:26:00.658474+00
80deb932-f357-4b46-a9f7-e8372f0f210f	51f4ccc0-8005-4cd7-8e10-61e2acb8f244	nanbowles@gmail.com	event_dm_message	{"body": "Hello", "event_id": "51f4ccc0-8005-4cd7-8e10-61e2acb8f244", "thread_id": "5ee54960-c7ce-4594-8223-4ab64cb4d1b3", "message_id": "2fcd56e4-bf7b-4b36-95d1-e407b4474d08", "event_title": "A coffee date", "sender_name": "Bodie H", "sender_email_lc": "bodieh@gmail.com"}	sent	1	\N	2026-04-06 20:26:56.350924+00	2026-04-06 20:27:00.406738+00	event_dm_message	2026-04-06 20:27:00.406738+00
ebe33850-8d6e-42de-8d23-4e31f9386310	496ce5d6-5f23-403b-8e45-eeb13adfa441	retailnan@gmail.com	guest_rsvp_confirmation	{"slug": "vibe-spnhi-7449", "token": "8a63ddca4a05c035e3a89aa17b330c83", "response": "interested", "host_name": "Nancy", "event_title": "Karaoke"}	sent	1	\N	2026-04-20 11:36:34.092165+00	2026-04-20 11:37:04.670279+00	guest_rsvp_confirmation	2026-04-20 11:37:04.670279+00
a44ed1ad-08b1-4230-9295-60e48ff91752	798cd413-6733-4428-94b1-bd01edba05d2	nanbowles@gmail.com	chat_message	{"event_id": "798cd413-6733-4428-94b1-bd01edba05d2", "event_title": "Coffee"}	sent	1	\N	2026-04-07 20:16:57.493562+00	2026-04-07 20:17:00.516363+00	chat_message_batch	2026-04-07 20:17:00.516363+00
2d545fd5-bc5e-4917-a2b0-561c008720aa	798cd413-6733-4428-94b1-bd01edba05d2	teunvdberg@yahoo.co.uk	chat_message	{"event_id": "798cd413-6733-4428-94b1-bd01edba05d2", "event_title": "Coffee"}	sent	2	\N	2026-04-08 15:00:17.504355+00	2026-04-09 17:44:01.791608+00	chat_message_batch	2026-04-09 17:44:01.791608+00
38bf7fcd-4e9f-49a3-b7e1-0ab886f19dfc	496ce5d6-5f23-403b-8e45-eeb13adfa441	retailnan@gmail.com	guest_rsvp_confirmation	{"slug": "vibe-spnhi-7449", "token": "7ab31d90254e2f283b435dc1e9e0f54a", "response": "interested", "host_name": "Nancy", "event_title": "Karaoke"}	sent	1	\N	2026-04-20 13:30:12.818495+00	2026-04-20 13:31:04.30821+00	guest_rsvp_confirmation	2026-04-20 13:31:04.30821+00
e6ee7603-75d6-449b-ae47-dbefccc694d7	9949ea0a-606b-445e-9487-e4a06bd8bacd	nanbowles@gmail.com	guest_rsvp_confirmation	{"slug": "event-087c", "response": "maybe", "host_name": "Tim", "guest_name": "Nancy", "event_title": "A stroll in the park"}	sent	1	\N	2026-04-05 20:35:34.334877+00	2026-04-08 14:36:03.5557+00	guest_rsvp_confirmation	2026-04-08 14:36:03.5557+00
77dbef1e-711d-483a-aef5-3d02a182695d	33881ec9-d7ae-4847-9ea2-31da05375df9	adventure@slowquest.com	guest_rsvp_confirmation	{"slug": "event-c6b0", "response": "yes", "host_name": "Bodie H", "guest_name": "Ginger", "event_title": "D&D session"}	sent	1	\N	2026-04-06 20:24:18.589621+00	2026-04-08 14:36:04.216102+00	guest_rsvp_confirmation	2026-04-08 14:36:04.216102+00
6ca7760c-52ab-4e12-ac9f-b47869a1268d	798cd413-6733-4428-94b1-bd01edba05d2	teunvdberg@yahoo.co.uk	chat_message	{"event_id": "798cd413-6733-4428-94b1-bd01edba05d2", "event_title": "Coffee"}	sent	2	\N	2026-04-08 20:45:40.126472+00	2026-04-09 17:44:02.034175+00	chat_message_batch	2026-04-09 17:44:02.034175+00
6606172f-5e4a-4d6f-9665-0aa9a6cc98b6	798cd413-6733-4428-94b1-bd01edba05d2	nanbowles@gmail.com	chat_message	{"event_id": "798cd413-6733-4428-94b1-bd01edba05d2", "event_title": "Coffee"}	sent	2	\N	2026-04-08 20:25:31.476328+00	2026-04-08 20:26:00.704761+00	chat_message_batch	2026-04-08 20:26:00.704761+00
10dded35-fa6a-4be6-9037-e28b72d73e55	798cd413-6733-4428-94b1-bd01edba05d2	nanbowles@gmail.com	chat_message	{"event_id": "798cd413-6733-4428-94b1-bd01edba05d2", "event_title": "Coffee"}	sent	2	\N	2026-04-08 23:55:30.581976+00	2026-04-08 23:56:00.556227+00	chat_message_batch	2026-04-08 23:56:00.556227+00
70dd3f88-fb48-410a-a3f9-fd2295ffa39c	a4b2b3eb-3aa5-4bb3-930b-35b8b7478196	kitchencarnage@yahoo.co.uk	event_dm_message	{"body": "Yes, that still works, do you have a place in mind?", "event_id": "a4b2b3eb-3aa5-4bb3-930b-35b8b7478196", "thread_id": "e53c4008-c9f6-4ae5-bb4b-f95e38bfc82e", "message_id": "0e83c419-700c-423d-b6a2-dee6079d9d83", "event_title": "Walk? Coffee?", "sender_name": "Nancy", "sender_email_lc": "nanbowles@gmail.com"}	pending	0	\N	2026-04-21 07:26:51.032928+00	\N	event_dm_message	\N
7a4058b3-a6ce-4eb1-881b-92ff91af3840	0f921809-ca6e-4dc9-871f-832c8a008476	nanbowles@gmail.com	invite_created	{"event_id": "0f921809-ca6e-4dc9-871f-832c8a008476", "host_name": "Ria Jones", "is_series": false, "series_id": null, "event_type": "formal", "event_title": "Open Mic Night @ Zoku"}	sent	1	\N	2026-04-30 07:09:26.397075+00	2026-04-30 07:10:00.202035+00	invite_created	2026-04-30 07:10:00.202035+00
44dc15bb-c882-4960-9049-45c90c6f1998	0f921809-ca6e-4dc9-871f-832c8a008476	p8mkw62djr@privaterelay.appleid.com	host_rsvp_notification	{"message": null, "response": "yes", "guest_name": "jenni.iyoyo", "manage_url": "https://pallinky.com/m/bf6680432393fca95acc06f177b3a9f3", "event_title": "Open Mic Night @ Zoku", "guest_email": "jenni.iyoyo@gmail.com", "response_label": "is going"}	sent	1	\N	2026-04-30 07:25:39.979682+00	2026-04-30 07:26:00.183247+00	rsvp_received	2026-04-30 07:26:00.183247+00
743c9eb4-74af-4a27-aed5-b0f34d780df9	0f921809-ca6e-4dc9-871f-832c8a008476	jenni.iyoyo@gmail.com	guest_rsvp_confirmation	{"slug": "event-c20c", "response": "yes", "host_name": "Ria Jones", "guest_name": "jenni.iyoyo", "event_title": "Open Mic Night @ Zoku"}	sent	1	\N	2026-04-30 07:25:39.979682+00	2026-04-30 07:26:06.026869+00	guest_rsvp_confirmation	2026-04-30 07:26:06.026869+00
59529f92-1cd6-4a15-b33a-66e8d51f924e	4022efe1-391f-47e3-bb53-35ab79aee26a	margot.delmotte@gmail.com	host_rsvp_notification	{"message": null, "response": "yes", "guest_name": "William", "manage_url": "https://pallinky.com/m/6f29fcf361c7d74d39d9b664aa8995d5", "event_title": "Mother’s Day", "guest_email": "w.delmotte@gmail.com", "response_label": "is going"}	sent	1	\N	2026-04-30 10:58:24.710789+00	2026-04-30 10:59:00.471961+00	rsvp_received	2026-04-30 10:59:00.471961+00
4d698798-8e8f-44be-b8d8-baaae24583c7	4022efe1-391f-47e3-bb53-35ab79aee26a	w.delmotte@gmail.com	guest_rsvp_confirmation	{"slug": "event-90e7", "token": "d4109d39d210d5d2581c26898a86a832", "response": "yes", "host_name": "margot.delmotte", "guest_name": "William", "event_title": "Mother’s Day"}	sent	1	\N	2026-04-30 10:58:24.710789+00	2026-04-30 10:59:03.792152+00	guest_rsvp_confirmation	2026-04-30 10:59:03.792152+00
a596f372-aac0-49e7-a867-1fa3217510d7	b17d8d3c-b790-4444-886d-025288722d6f	jenni.iyoyo@gmail.com	reach_out_suggestion	{"slug": "evt-l5vv0-cd52", "message": "nanbowles@gmail.com suggested:\\n\\nTimes:\\n5 May 2026 at 14:00\\n6 May 2026 at 14:00", "host_name": "jenni.iyoyo", "guest_name": "nanbowles@gmail.com", "event_title": "Keep me company next week", "guest_email": "nanbowles@gmail.com"}	pending	0	\N	2026-04-30 14:33:35.006286+00	\N	reach_out_suggestion	\N
ad33579a-e490-477c-8857-b7d6c1a2a48f	496ce5d6-5f23-403b-8e45-eeb13adfa441	retailnan@gmail.com	guest_rsvp_confirmation	{"slug": "vibe-spnhi-7449", "token": "26677e4d3227f3fb47ef25f094fa3072", "response": "interested", "host_name": "Nancy", "event_title": "Karaoke"}	sent	1	\N	2026-04-20 12:47:43.428186+00	2026-04-20 12:48:05.944624+00	guest_rsvp_confirmation	2026-04-20 12:48:05.944624+00
bd8b1cee-4e60-4b42-b983-e421a40d0d7f	9949ea0a-606b-445e-9487-e4a06bd8bacd	nanbowles@gmail.com	event_dm_message	{"body": "Hi Nancy, I just wanted to let you know I didn't forget about this. I'm just dealing with an unusually heavy workload at work. Also, my efforts helping Mom hit ", "event_id": "9949ea0a-606b-445e-9487-e4a06bd8bacd", "thread_id": "2c2f56ab-529b-4546-b4fa-c00b941a2b40", "message_id": "3ce89f95-5a55-497a-a0fc-5e6189185e33", "event_title": "A stroll in the park", "sender_name": "tsquare64@gmail.com", "sender_email_lc": "tsquare64@gmail.com"}	sent	2	\N	2026-04-13 13:43:03.947988+00	2026-04-13 13:44:00.826667+00	event_dm_message	2026-04-13 13:44:00.826667+00
591c208e-97be-4b27-ac27-a6f3b754f751	9949ea0a-606b-445e-9487-e4a06bd8bacd	tsquare64@gmail.com	event_dm_message	{"body": "🙏 thanks a lot. I’m not exactly working full time on this thing, it’s just a hobby while I’m figuring out what to do with my life. 😆", "event_id": "9949ea0a-606b-445e-9487-e4a06bd8bacd", "thread_id": "2c2f56ab-529b-4546-b4fa-c00b941a2b40", "message_id": "526853b3-e94d-4d5e-a067-79799663a4c9", "event_title": "A stroll in the park", "sender_name": "Nancy", "sender_email_lc": "nanbowles@gmail.com"}	sent	2	\N	2026-04-14 08:15:59.208834+00	2026-04-14 08:16:00.584529+00	event_dm_message	2026-04-14 08:16:00.584529+00
8eba85ee-9a38-48d4-b45c-aa4947178447	9949ea0a-606b-445e-9487-e4a06bd8bacd	tsquare64@gmail.com	event_dm_message	{"body": "Im happy to hear that you still have your mom!", "event_id": "9949ea0a-606b-445e-9487-e4a06bd8bacd", "thread_id": "2c2f56ab-529b-4546-b4fa-c00b941a2b40", "message_id": "5433b3fa-217e-4dbe-85c6-3926372ed7aa", "event_title": "A stroll in the park", "sender_name": "Nancy", "sender_email_lc": "nanbowles@gmail.com"}	sent	2	\N	2026-04-14 08:16:33.888291+00	2026-04-14 08:17:00.532701+00	event_dm_message	2026-04-14 08:17:00.532701+00
e712add7-7a42-4538-935d-dd7bb2211548	a4b2b3eb-3aa5-4bb3-930b-35b8b7478196	nanbowles@gmail.com	invite_created	{"event_id": "a4b2b3eb-3aa5-4bb3-930b-35b8b7478196", "host_name": "Geli", "event_title": "Walk? Coffee?"}	sent	2	\N	2026-04-14 11:27:24.852544+00	2026-04-14 11:28:00.951508+00	invite_created	2026-04-14 11:28:00.951508+00
2f403022-ba50-4230-aefd-520fa2d6cb8f	a4b2b3eb-3aa5-4bb3-930b-35b8b7478196	kitchencarnage@yahoo.co.uk	host_rsvp_notification	{"response": "yes", "guest_name": "Nancy", "manage_url": "https://pallinky.com/m/24ebc6f1ff92c8646f45c1f010c9acee", "event_title": "Walk? Coffee?"}	pending	0	\N	2026-04-14 11:30:33.53766+00	\N	rsvp_received	\N
28ce4c60-18ef-4849-886a-0b667e3d3fda	a4b2b3eb-3aa5-4bb3-930b-35b8b7478196	nanbowles@gmail.com	guest_rsvp_confirmation	{"slug": "event-fcac", "response": "yes", "host_name": "Geli", "guest_name": "Nancy", "event_title": "Walk? Coffee?"}	sent	1	\N	2026-04-14 11:30:33.53766+00	2026-04-14 11:31:05.147353+00	guest_rsvp_confirmation	2026-04-14 11:31:05.147353+00
0713fc9f-1eda-4be1-9d93-1ce463598123	a4b2b3eb-3aa5-4bb3-930b-35b8b7478196	kitchencarnage@yahoo.co.uk	event_dm_message	{"body": "Lovely idea for a coffee or a walk", "event_id": "a4b2b3eb-3aa5-4bb3-930b-35b8b7478196", "thread_id": "e53c4008-c9f6-4ae5-bb4b-f95e38bfc82e", "message_id": "92e4ca16-7f39-4c05-89fd-d03c75a3718d", "event_title": "Walk? Coffee?", "sender_name": "Nancy", "sender_email_lc": "nanbowles@gmail.com"}	pending	0	\N	2026-04-14 12:29:22.873536+00	\N	event_dm_message	\N
bc541b4f-fd87-46a6-a528-e2b9586ae705	a4b2b3eb-3aa5-4bb3-930b-35b8b7478196	kitchencarnage@yahoo.co.uk	event_dm_message	{"body": "Lets decide closer to the day", "event_id": "a4b2b3eb-3aa5-4bb3-930b-35b8b7478196", "thread_id": "e53c4008-c9f6-4ae5-bb4b-f95e38bfc82e", "message_id": "f7863361-75cd-4256-98d3-f626d87d5e72", "event_title": "Walk? Coffee?", "sender_name": "Nancy", "sender_email_lc": "nanbowles@gmail.com"}	pending	0	\N	2026-04-14 12:29:39.142591+00	\N	event_dm_message	\N
8c1438b6-d190-4974-b75d-50502e2d1c6b	a4b2b3eb-3aa5-4bb3-930b-35b8b7478196	nanbowles@gmail.com	event_dm_message	{"body": "Lovely. X", "event_id": "a4b2b3eb-3aa5-4bb3-930b-35b8b7478196", "thread_id": "e53c4008-c9f6-4ae5-bb4b-f95e38bfc82e", "message_id": "47fef670-b19d-4e19-aff6-05c707947fe0", "event_title": "Walk? Coffee?", "sender_name": "kitchencarnage@yahoo.co.uk", "sender_email_lc": "kitchencarnage@yahoo.co.uk"}	sent	2	\N	2026-04-14 17:53:49.333227+00	2026-04-14 17:54:00.877054+00	event_dm_message	2026-04-14 17:54:00.877054+00
e58cc1da-83b7-4b38-a4da-7fed71d0e474	496ce5d6-5f23-403b-8e45-eeb13adfa441	nanbowles@gmail.com	host_rsvp_notification	{"response": "interested", "guest_name": "Dino", "manage_url": "https://pallinky.com/m/16d3ccd2b18cf8f0e5db782df282af75", "event_title": "Karaoke"}	sent	2	\N	2026-04-18 15:02:01.809737+00	2026-04-18 15:03:00.670234+00	rsvp_received	2026-04-18 15:03:00.670234+00
52206930-ac66-40fb-a513-a11e21b0d2ce	0f921809-ca6e-4dc9-871f-832c8a008476	p8mkw62djr@privaterelay.appleid.com	host_rsvp_notification	{"message": "Sounds great!", "response": "yes", "guest_name": "Nancy", "manage_url": "https://pallinky.com/m/bf6680432393fca95acc06f177b3a9f3", "event_title": "Open Mic Night @ Zoku", "guest_email": "nanbowles@gmail.com", "response_label": "is going"}	sent	1	\N	2026-04-30 07:12:06.296261+00	2026-04-30 07:13:00.31567+00	rsvp_received	2026-04-30 07:13:00.31567+00
22d22625-f90b-4fea-90f4-cd6b8ce0e293	0f921809-ca6e-4dc9-871f-832c8a008476	nanbowles@gmail.com	guest_rsvp_confirmation	{"slug": "event-c20c", "response": "yes", "host_name": "Ria Jones", "guest_name": "Nancy", "event_title": "Open Mic Night @ Zoku"}	sent	1	\N	2026-04-30 07:12:06.296261+00	2026-04-30 07:13:04.091725+00	guest_rsvp_confirmation	2026-04-30 07:13:04.091725+00
97beb2fc-b73c-47e4-a23a-95c3fd21beec	0f921809-ca6e-4dc9-871f-832c8a008476	p8mkw62djr@privaterelay.appleid.com	host_rsvp_notification	{"message": null, "response": "yes", "guest_name": "angela", "manage_url": "https://pallinky.com/m/bf6680432393fca95acc06f177b3a9f3", "event_title": "Open Mic Night @ Zoku", "guest_email": "angelakerr345@gmail.com", "response_label": "is going"}	sent	1	\N	2026-04-30 07:52:13.760427+00	2026-04-30 07:53:00.463436+00	rsvp_received	2026-04-30 07:53:00.463436+00
937d8435-183c-4cdc-8621-a3a1e20ec795	0f921809-ca6e-4dc9-871f-832c8a008476	angelakerr345@gmail.com	guest_rsvp_confirmation	{"slug": "event-c20c", "response": "yes", "host_name": "Ria Jones", "guest_name": "angela", "event_title": "Open Mic Night @ Zoku"}	sent	1	\N	2026-04-30 07:52:13.760427+00	2026-04-30 07:53:04.22674+00	guest_rsvp_confirmation	2026-04-30 07:53:04.22674+00
acae7e57-86ee-4172-b0b3-a0d10c67a304	b1bacf06-18b3-4ec4-90f4-688310ad284d	devyani71@yahoo.com	invite_created	{"event_id": "b1bacf06-18b3-4ec4-90f4-688310ad284d", "host_name": "angela", "is_series": false, "series_id": null, "event_type": "formal", "event_title": "Swing dance crash course"}	pending	0	\N	2026-04-30 14:09:04.594812+00	\N	invite_created	\N
3f521caf-fcce-4cd1-9f23-b8fe79392c85	b1bacf06-18b3-4ec4-90f4-688310ad284d	nanbowles@gmail.com	invite_created	{"event_id": "b1bacf06-18b3-4ec4-90f4-688310ad284d", "host_name": "angela", "is_series": false, "series_id": null, "event_type": "formal", "event_title": "Swing dance crash course"}	sent	1	\N	2026-04-30 14:09:04.594812+00	2026-04-30 14:10:00.348165+00	invite_created	2026-04-30 14:10:00.348165+00
043493c1-276c-4c74-a463-ceb3965f8ca2	b17d8d3c-b790-4444-886d-025288722d6f	jenni.iyoyo@gmail.com	reach_out_suggestion	{"slug": "evt-l5vv0-cd52", "message": "angelakerr345@gmail.com suggested:\\n\\nTimes:\\n5 May 2026 at 12:30\\n7 May 2026 at 18:30", "host_name": "jenni.iyoyo", "guest_name": "angelakerr345@gmail.com", "event_title": "Keep me company next week", "guest_email": "angelakerr345@gmail.com"}	pending	0	\N	2026-04-30 14:35:42.239897+00	\N	reach_out_suggestion	\N
d5b0312b-43ce-42d9-982f-196d894bba38	496ce5d6-5f23-403b-8e45-eeb13adfa441	nanbowles@gmail.com	event_dm_message	{"body": "?", "event_id": "496ce5d6-5f23-403b-8e45-eeb13adfa441", "thread_id": "06271e72-99a9-450d-9830-7a4a189ae45a", "message_id": "4e0f64c2-680d-4ac4-b2f4-4baacf19677d", "event_title": "Karaoke", "sender_name": "heppwalker@hotmail.com", "sender_email_lc": "heppwalker@hotmail.com"}	sent	1	\N	2026-04-30 15:29:42.545664+00	2026-04-30 15:30:00.150681+00	event_dm_message	2026-04-30 15:30:00.150681+00
fc8fc1cb-b071-4508-8524-cbfa0761bf29	b17d8d3c-b790-4444-886d-025288722d6f	angelakerr345@gmail.com	event_updated	{"slug": "evt-l5vv0-cd52", "location": null, "host_name": "jenni.iyoyo", "starts_at": "2026-05-05T11:00:00.000Z", "event_title": "Keep me company next week", "final_date_chosen": true}	sent	1	\N	2026-04-30 16:06:19.806516+00	2026-04-30 16:07:00.261863+00	event_updated	2026-04-30 16:07:00.261863+00
9f7381f9-b7c7-42cc-864b-4c3df13db27e	b17d8d3c-b790-4444-886d-025288722d6f	jenni.iyoyo@gmail.com	host_rsvp_notification	{"message": null, "response": "yes", "guest_name": "Nancy", "manage_url": "https://pallinky.com/m/c01ea41c3c3dfa8ee3966e5ab2063e5b", "event_title": "Keep me company next week", "guest_email": "nanbowles@gmail.com", "response_label": "is going"}	sent	1	\N	2026-04-30 20:03:29.723417+00	2026-04-30 20:04:00.366961+00	rsvp_received	2026-04-30 20:04:00.366961+00
f498ef39-7ea6-4eb4-8f3b-3d174a98d9de	b17d8d3c-b790-4444-886d-025288722d6f	nanbowles@gmail.com	guest_rsvp_confirmation	{"slug": "evt-l5vv0-cd52", "response": "yes", "host_name": "jenni.iyoyo", "guest_name": "Nancy", "event_title": "Keep me company next week"}	sent	1	\N	2026-04-30 20:03:29.723417+00	2026-04-30 20:04:05.579435+00	guest_rsvp_confirmation	2026-04-30 20:04:05.579435+00
476582b7-06ff-4e21-9944-9860d6e809fa	b1bacf06-18b3-4ec4-90f4-688310ad284d	angelakerr345@gmail.com	host_rsvp_notification	{"message": null, "response": "yes", "guest_name": "Nancy", "manage_url": "https://pallinky.com/m/f45e86f94feb890d45f8f582c6092581", "event_title": "Swing dance crash course", "guest_email": "nanbowles@gmail.com", "response_label": "is going"}	sent	1	\N	2026-04-30 20:18:20.914743+00	2026-04-30 20:19:00.178739+00	rsvp_received	2026-04-30 20:19:00.178739+00
a58d1886-cae1-4326-8843-b9dc30746f21	b1bacf06-18b3-4ec4-90f4-688310ad284d	nanbowles@gmail.com	guest_rsvp_confirmation	{"slug": "event-77c9", "response": "yes", "host_name": "angela", "guest_name": "Nancy", "event_title": "Swing dance crash course"}	sent	1	\N	2026-04-30 20:18:20.914743+00	2026-04-30 20:19:03.903236+00	guest_rsvp_confirmation	2026-04-30 20:19:03.903236+00
94b14998-f8b6-4640-9cca-24689028b92d	4236fe44-9e8d-4d19-a7cb-6af7bdc1836e	nanbowles@gmail.com	event_cancelled	{"slug": "event-e13b", "title": "Poetry night", "message": "No go", "host_name": "kitchencarnage", "event_title": "Poetry night"}	sent	1	\N	2026-05-01 13:37:55.095899+00	2026-05-01 13:38:00.220217+00	event_cancelled	2026-05-01 13:38:00.220217+00
a806fc54-17d1-499e-bf72-46ccb5313289	eabc3dc5-eae3-452e-a94c-c1831c5bd05d	kitchencarnage@yahoo.co.uk	host_rsvp_notification	{"message": null, "response": "voted", "guest_name": "Nancy", "manage_url": "https://pallinky.com/m/3a35a4d77a7fa91e7ae89d45548fba32", "event_title": "Labyrinth night", "guest_email": "nanbowles@gmail.com", "response_label": "voted"}	pending	0	\N	2026-05-01 13:47:01.639011+00	\N	rsvp_received	\N
9b80004a-92ce-4840-87b8-7cf810e5f41c	eabc3dc5-eae3-452e-a94c-c1831c5bd05d	kitchencarnage@yahoo.co.uk	host_rsvp_notification	{"message": null, "response": "voted", "guest_name": "Zizipho Waxa", "manage_url": "https://pallinky.com/m/3a35a4d77a7fa91e7ae89d45548fba32", "event_title": "Labyrinth night", "guest_email": "ms.waxa@gmail.com", "response_label": "voted"}	pending	0	\N	2026-05-01 13:56:53.392215+00	\N	rsvp_received	\N
52fe4afd-c0c1-4cc3-ac2a-7f3f468d6c69	eabc3dc5-eae3-452e-a94c-c1831c5bd05d	ms.waxa@gmail.com	guest_rsvp_confirmation	{"slug": "evt-cv8pw-48b3", "token": "a072c37dcb7e7c63b025bd1abf46400c", "response": "interested", "host_name": "kitchencarnage", "event_title": "Labyrinth night"}	sent	1	\N	2026-05-01 13:56:53.573465+00	2026-05-01 13:57:04.382766+00	guest_rsvp_confirmation	2026-05-01 13:57:04.382766+00
0d4b7fab-9c82-4ce6-a68c-4f192691dfaa	eabc3dc5-eae3-452e-a94c-c1831c5bd05d	kitchencarnage@yahoo.co.uk	host_rsvp_notification	{"message": null, "response": "voted", "guest_name": "Karen", "manage_url": "https://pallinky.com/m/3a35a4d77a7fa91e7ae89d45548fba32", "event_title": "Labyrinth night", "guest_email": "karen.rickers@netcologne.de", "response_label": "voted"}	pending	0	\N	2026-05-01 14:35:35.612728+00	\N	rsvp_received	\N
9ebb5546-8ed9-4712-ba99-06737f9e32de	eabc3dc5-eae3-452e-a94c-c1831c5bd05d	karen.rickers@netcologne.de	guest_rsvp_confirmation	{"slug": "evt-cv8pw-48b3", "token": "ca5dec3f541fcc43f262e18c70316b2a", "response": "interested", "host_name": "kitchencarnage", "event_title": "Labyrinth night"}	sent	1	\N	2026-05-01 14:35:35.893471+00	2026-05-01 14:36:05.343802+00	guest_rsvp_confirmation	2026-05-01 14:36:05.343802+00
517d5265-868c-4402-82d2-b08b3e369f80	934b7e06-e645-4f82-b529-8dfc9b6aa919	nanbowles@gmail.com	invite_created	{"event_id": "934b7e06-e645-4f82-b529-8dfc9b6aa919", "host_name": "George", "is_series": false, "series_id": null, "event_type": "poll", "event_title": "Coffee etc"}	sent	1	\N	2026-05-02 08:22:38.261192+00	2026-05-02 08:23:00.391622+00	invite_created	2026-05-02 08:23:00.391622+00
331ab19d-f459-4ba0-a729-5681a28214a9	bac32d22-3490-45eb-93a6-7bd39c7a54d5	nanbowles@gmail.com	invite_created	{"event_id": "bac32d22-3490-45eb-93a6-7bd39c7a54d5", "host_name": "George", "is_series": false, "series_id": null, "event_type": "formal", "event_title": "Orgy at 9pm"}	sent	1	\N	2026-05-02 08:25:59.322055+00	2026-05-02 08:26:00.198542+00	invite_created	2026-05-02 08:26:00.198542+00
b08a6313-126b-4708-8ef5-36aec65f8782	496ce5d6-5f23-403b-8e45-eeb13adfa441	carvanam@hotmail.com	guest_rsvp_confirmation	{"slug": "vibe-spnhi-7449", "token": "e9014f96b55b2e8be668ed1d26d7be34", "response": "interested", "host_name": "Nancy", "event_title": "Karaoke"}	sent	1	\N	2026-04-28 10:35:12.952655+00	2026-04-28 10:36:05.619798+00	guest_rsvp_confirmation	2026-04-28 10:36:05.619798+00
0c2cde9b-6036-4815-bfda-c4c3ff3440f1	e57ccf3c-6e05-4b85-9e78-63d2d266fe9d	bowlesnan@gmail.com	event_updated	{"slug": "evt-rnzzh-8231", "location": "Amsterdamse Bos, Amstelveen, Netherlands", "host_name": "Nancy", "starts_at": "2026-04-27T18:30:00.000Z", "event_title": "A stroll in the park", "final_date_chosen": true}	sent	1	\N	2026-04-26 18:41:27.197291+00	2026-04-29 13:59:00.182464+00	event_updated	2026-04-29 13:59:00.182464+00
1d0a9375-6b2c-44a7-8741-96617c74db00	0f921809-ca6e-4dc9-871f-832c8a008476	p8mkw62djr@privaterelay.appleid.com	host_rsvp_notification	{"message": null, "response": "no", "guest_name": "Tracy", "manage_url": "https://pallinky.com/m/bf6680432393fca95acc06f177b3a9f3", "event_title": "Open Mic Night @ Zoku", "guest_email": "heppwalker@hotmail.com", "response_label": "declined"}	sent	1	\N	2026-04-30 07:13:20.179546+00	2026-04-30 07:14:00.206229+00	rsvp_received	2026-04-30 07:14:00.206229+00
e423b5d1-66cb-462b-9966-73904052386f	0f921809-ca6e-4dc9-871f-832c8a008476	heppwalker@hotmail.com	guest_rsvp_confirmation	{"slug": "event-c20c", "token": "17e508ff9b8a3d76fb9f5f40817f8f19", "response": "no", "host_name": "Ria Jones", "guest_name": "Tracy", "event_title": "Open Mic Night @ Zoku"}	sent	1	\N	2026-04-30 07:13:20.179546+00	2026-04-30 07:14:04.997994+00	guest_rsvp_confirmation	2026-04-30 07:14:04.997994+00
edcc9766-6844-4743-a5ad-383cf5d3a8d2	496ce5d6-5f23-403b-8e45-eeb13adfa441	carvanam@hotmail.com	event_updated	{"slug": "vibe-spnhi-7449", "location": null, "host_name": "Nancy", "starts_at": "2026-05-15T17:30:00.000Z", "event_title": "Karaoke", "final_date_chosen": true}	pending	0	\N	2026-04-30 08:11:59.881013+00	\N	event_updated	\N
0bcd1b84-843a-4e9e-bdf6-fd2d86f8a107	496ce5d6-5f23-403b-8e45-eeb13adfa441	devyani71@yahoo.com	event_updated	{"slug": "vibe-spnhi-7449", "location": null, "host_name": "Nancy", "starts_at": "2026-05-15T17:30:00.000Z", "event_title": "Karaoke", "final_date_chosen": true}	pending	0	\N	2026-04-30 08:11:59.881013+00	\N	event_updated	\N
8ccfabdc-db8c-451a-ae19-4ff98b5c4e7c	496ce5d6-5f23-403b-8e45-eeb13adfa441	riajones99@googlemail.com	event_updated	{"slug": "vibe-spnhi-7449", "location": null, "host_name": "Nancy", "starts_at": "2026-05-15T17:30:00.000Z", "event_title": "Karaoke", "final_date_chosen": true}	pending	0	\N	2026-04-30 08:11:59.881013+00	\N	event_updated	\N
7d87b7c6-9555-4b47-8b1f-98da4ce6d76d	496ce5d6-5f23-403b-8e45-eeb13adfa441	heppwalker@hotmail.com	event_updated	{"slug": "vibe-spnhi-7449", "location": null, "host_name": "Nancy", "starts_at": "2026-05-15T17:30:00.000Z", "event_title": "Karaoke", "final_date_chosen": true}	sent	1	\N	2026-04-30 08:11:59.881013+00	2026-04-30 08:12:00.255558+00	event_updated	2026-04-30 08:12:00.255558+00
8b479865-39dd-4d98-9cfe-23ffd3db3056	496ce5d6-5f23-403b-8e45-eeb13adfa441	angelakerr345@gmail.com	event_updated	{"slug": "vibe-spnhi-7449", "location": null, "host_name": "Nancy", "starts_at": "2026-05-15T17:30:00.000Z", "event_title": "Karaoke", "final_date_chosen": true}	sent	1	\N	2026-04-30 08:11:59.881013+00	2026-04-30 08:12:00.633888+00	event_updated	2026-04-30 08:12:00.633888+00
1b7f63c8-a779-4035-9ac5-5b1124903e47	496ce5d6-5f23-403b-8e45-eeb13adfa441	retailnan@gmail.com	event_updated	{"slug": "vibe-spnhi-7449", "location": null, "host_name": "Nancy", "starts_at": "2026-05-15T17:30:00.000Z", "event_title": "Karaoke", "final_date_chosen": true}	sent	1	\N	2026-04-30 08:11:59.881013+00	2026-04-30 08:12:00.708484+00	event_updated	2026-04-30 08:12:00.708484+00
69ec3044-c656-4567-8760-8a6e5134e0af	496ce5d6-5f23-403b-8e45-eeb13adfa441	margot.delmotte@gmail.com	event_updated	{"slug": "vibe-spnhi-7449", "location": null, "host_name": "Nancy", "starts_at": "2026-05-15T17:30:00.000Z", "event_title": "Karaoke", "final_date_chosen": true}	sent	1	\N	2026-04-30 08:11:59.881013+00	2026-04-30 10:45:00.584727+00	event_updated	2026-04-30 10:45:00.584727+00
ed7ffb81-c6b2-4273-ad7b-c42fcd2d17c8	096aa4e9-66b5-492f-ba61-dc117ea39296	bowlesnan@gmail.com	invite_created	{"event_id": "096aa4e9-66b5-492f-ba61-dc117ea39296", "host_name": "Nancy", "is_series": false, "series_id": null, "event_type": "formal", "event_title": "A coffee date"}	sent	1	\N	2026-04-26 17:18:05.929825+00	2026-04-26 17:19:00.184982+00	invite_created	2026-04-26 17:19:00.184982+00
4784f870-8da7-4304-adbb-c4e4ea425903	e57ccf3c-6e05-4b85-9e78-63d2d266fe9d	bowlesnan@gmail.com	invite_created	{"event_id": "e57ccf3c-6e05-4b85-9e78-63d2d266fe9d", "host_name": "Nancy", "is_series": false, "series_id": null, "event_type": "reach_out", "event_title": "A stroll in the park"}	sent	1	\N	2026-04-26 18:32:16.436466+00	2026-04-26 18:33:00.343424+00	invite_created	2026-04-26 18:33:00.343424+00
b734134f-d479-4fd8-978e-68eed45ce194	e57ccf3c-6e05-4b85-9e78-63d2d266fe9d	nanbowles@gmail.com	reach_out_suggestion	{"slug": "evt-rnzzh-8231", "message": "bowlesnan@gmail.com suggested:\\n\\nTimes:\\n27 Apr 2026 at 20:30\\n\\nPlace:\\nAmsterdamse Bos, Amstelveen, Netherlands", "host_name": "Nancy", "guest_name": "bowlesnan@gmail.com", "event_title": "A stroll in the park", "guest_email": "bowlesnan@gmail.com"}	pending	0	\N	2026-04-26 18:36:19.912788+00	\N	reach_out_suggestion	\N
df9a17d9-aabd-4926-98ac-9e74dbc0ca71	496ce5d6-5f23-403b-8e45-eeb13adfa441	nanbowles@gmail.com	host_rsvp_notification	{"message": null, "response": "voted", "guest_name": "Angela", "manage_url": "https://pallinky.com/m/16d3ccd2b18cf8f0e5db782df282af75", "event_title": "Karaoke", "guest_email": "angelakerr345@gmail.com", "response_label": "voted"}	sent	1	\N	2026-04-28 07:46:45.307503+00	2026-04-28 07:47:00.215538+00	rsvp_received	2026-04-28 07:47:00.215538+00
4e2844fc-b3f7-42ec-8a9c-95449d5c63e0	496ce5d6-5f23-403b-8e45-eeb13adfa441	heppwalker@hotmail.com	event_dm_message	{"body": "Hey Tracey, I’m not sure you noticed but you and Jenni don’t have overlapping dates for karaoke", "event_id": "496ce5d6-5f23-403b-8e45-eeb13adfa441", "thread_id": "06271e72-99a9-450d-9830-7a4a189ae45a", "message_id": "25102fd5-0110-40a2-9337-d2c960153009", "event_title": "Karaoke", "sender_name": "Nancy", "sender_email_lc": "nanbowles@gmail.com"}	sent	1	\N	2026-04-28 08:10:00.185771+00	2026-04-28 08:10:00.304544+00	event_dm_message	2026-04-28 08:10:00.304544+00
eedd9270-9029-4ebc-9a54-d55944c888fa	496ce5d6-5f23-403b-8e45-eeb13adfa441	nanbowles@gmail.com	host_rsvp_notification	{"message": null, "response": "voted", "guest_name": "Carrie", "manage_url": "https://pallinky.com/m/16d3ccd2b18cf8f0e5db782df282af75", "event_title": "Karaoke", "guest_email": "carvanam@hotmail.com", "response_label": "voted"}	sent	1	\N	2026-04-28 10:34:51.709245+00	2026-04-28 10:35:00.514039+00	rsvp_received	2026-04-28 10:35:00.514039+00
41dbb0b7-31ba-4b04-832e-e1fb7796941d	496ce5d6-5f23-403b-8e45-eeb13adfa441	carvanam@hotmail.com	guest_rsvp_confirmation	{"slug": "vibe-spnhi-7449", "token": "02c78e852887a56d8a44ce5a5ede77cc", "response": "interested", "host_name": "Nancy", "event_title": "Karaoke"}	sent	1	\N	2026-04-28 10:34:51.976779+00	2026-04-28 10:35:07.736704+00	guest_rsvp_confirmation	2026-04-28 10:35:07.736704+00
9f5ac0be-0ebb-4ef1-a801-67ab76957456	934b7e06-e645-4f82-b529-8dfc9b6aa919	jpp423@gmail.com	event_dm_message	{"body": "Coffee at 8pm?", "event_id": "934b7e06-e645-4f82-b529-8dfc9b6aa919", "thread_id": "4645e260-4892-469c-8182-02f629fd539d", "message_id": "fc36eace-dd9f-4b8d-ba3e-524b2ca1937a", "event_title": "Coffee etc", "sender_name": "Nancy", "sender_email_lc": "nanbowles@gmail.com"}	pending	0	\N	2026-05-02 08:27:31.436314+00	\N	event_dm_message	\N
1d2034a2-bb5d-43bb-ad18-5cd52b63cfa3	bac32d22-3490-45eb-93a6-7bd39c7a54d5	jpp423@gmail.com	host_rsvp_notification	{"message": null, "response": "no", "guest_name": "Nancy", "manage_url": "https://pallinky.com/m/f600fbe2baa0b5b7c46479d84ffd331e", "event_title": "Orgy at 9pm", "guest_email": "nanbowles@gmail.com", "response_label": "declined"}	pending	0	\N	2026-05-02 08:28:20.557028+00	\N	rsvp_received	\N
7bf80702-fd9c-42fe-97bc-3a2788676ac3	bac32d22-3490-45eb-93a6-7bd39c7a54d5	nanbowles@gmail.com	guest_rsvp_confirmation	{"slug": "event-f825", "response": "no", "host_name": "George", "guest_name": "Nancy", "event_title": "Orgy at 9pm"}	sent	1	\N	2026-05-02 08:28:20.557028+00	2026-05-02 08:29:03.817246+00	guest_rsvp_confirmation	2026-05-02 08:29:03.817246+00
d8b348df-ed86-4200-871c-5091829bacff	bac32d22-3490-45eb-93a6-7bd39c7a54d5	nanbowles@gmail.com	event_cancelled	{"slug": "event-f825", "title": "Orgy at 9pm", "message": "Test", "host_name": "George", "event_title": "Orgy at 9pm"}	sent	1	\N	2026-05-02 08:31:31.35601+00	2026-05-02 08:32:00.136443+00	event_cancelled	2026-05-02 08:32:00.136443+00
44f34047-cead-4d68-988a-267c4e402937	934b7e06-e645-4f82-b529-8dfc9b6aa919	nanbowles@gmail.com	event_dm_message	{"body": "Water or tea or wine then. Lol. Trying to edit event to say “wine+ etc” but can’t", "event_id": "934b7e06-e645-4f82-b529-8dfc9b6aa919", "thread_id": "4645e260-4892-469c-8182-02f629fd539d", "message_id": "105015ff-3eb2-4aa4-a141-d23ec44449fd", "event_title": "Coffee etc", "sender_name": "Tester 13", "sender_email_lc": "jpp423@gmail.com"}	sent	1	\N	2026-05-02 08:37:23.63737+00	2026-05-02 08:38:00.313372+00	event_dm_message	2026-05-02 08:38:00.313372+00
e4401854-9b8e-40ba-829b-83cb88a01113	934b7e06-e645-4f82-b529-8dfc9b6aa919	nanbowles@gmail.com	event_dm_message	{"body": "Also keyboard here inside app didn’t pop up unless I clicked very close to the bottom of the screen (eg not just anywhere in the chat box)", "event_id": "934b7e06-e645-4f82-b529-8dfc9b6aa919", "thread_id": "4645e260-4892-469c-8182-02f629fd539d", "message_id": "a9a08614-0ae6-4676-95d5-09b6eeefa961", "event_title": "Coffee etc", "sender_name": "Tester 13", "sender_email_lc": "jpp423@gmail.com"}	sent	1	\N	2026-05-02 08:38:16.579306+00	2026-05-02 08:39:00.148954+00	event_dm_message	2026-05-02 08:39:00.148954+00
22f06889-4ad8-4b59-8c7f-b0bce922d2e0	934b7e06-e645-4f82-b529-8dfc9b6aa919	jpp423@gmail.com	event_dm_message	{"body": "Ok that’s new for me, thanks", "event_id": "934b7e06-e645-4f82-b529-8dfc9b6aa919", "thread_id": "4645e260-4892-469c-8182-02f629fd539d", "message_id": "91f2a660-6157-4565-a566-94cd7a8a6e29", "event_title": "Coffee etc", "sender_name": "Nancy", "sender_email_lc": "nanbowles@gmail.com"}	pending	0	\N	2026-05-02 08:39:08.955163+00	\N	event_dm_message	\N
aeb9fb0f-020b-46b9-8d04-61c439e61084	bac32d22-3490-45eb-93a6-7bd39c7a54d5	nanbowles@gmail.com	event_dm_message	{"body": "No? Lol. It’s so far just an orgy of 1 :(", "event_id": "bac32d22-3490-45eb-93a6-7bd39c7a54d5", "thread_id": "b095b894-e4b2-4151-80d9-d287d001b9c3", "message_id": "99c4cb47-bbaf-48fc-88ca-1a269b03558b", "event_title": "Orgy at 9pm", "sender_name": "Tester 13", "sender_email_lc": "jpp423@gmail.com"}	sent	1	\N	2026-05-02 09:05:45.150871+00	2026-05-02 09:06:00.186611+00	event_dm_message	2026-05-02 09:06:00.186611+00
61e78867-9ac0-4373-9c06-25676867c975	934b7e06-e645-4f82-b529-8dfc9b6aa919	nanbowles@gmail.com	event_dm_message	{"body": "👍", "event_id": "934b7e06-e645-4f82-b529-8dfc9b6aa919", "thread_id": "4645e260-4892-469c-8182-02f629fd539d", "message_id": "da8f56b7-dbf1-4fe5-853a-e44bbc9d6d34", "event_title": "Coffee etc", "sender_name": "Tester 13", "sender_email_lc": "jpp423@gmail.com"}	sent	1	\N	2026-05-02 09:06:02.718006+00	2026-05-02 09:07:00.667428+00	event_dm_message	2026-05-02 09:07:00.667428+00
e115f9c5-07e8-42a4-ab68-69424922630d	0f921809-ca6e-4dc9-871f-832c8a008476	nanbowles@gmail.com	event_dm_message	{"body": "👌🏽", "event_id": "0f921809-ca6e-4dc9-871f-832c8a008476", "thread_id": "64c9fdb4-da09-4435-8832-411396da44f8", "message_id": "d7466e85-e39e-4d5c-8042-1316a818f845", "event_title": "Open Mic Night @ Zoku", "sender_name": "p8mkw62djr@privaterelay.appleid.com", "sender_email_lc": "p8mkw62djr@privaterelay.appleid.com"}	sent	1	\N	2026-05-02 18:31:23.986402+00	2026-05-02 18:32:00.19726+00	event_dm_message	2026-05-02 18:32:00.19726+00
445781e9-8355-49d8-98cb-061022c499b8	eabc3dc5-eae3-452e-a94c-c1831c5bd05d	ms.waxa@gmail.com	chat_message	{"event_id": "eabc3dc5-eae3-452e-a94c-c1831c5bd05d", "event_title": "Labyrinth night"}	pending	0	\N	2026-05-03 08:07:15.985059+00	\N	chat_message_batch	\N
e1fb833e-5138-419f-911e-c16773cddb82	eabc3dc5-eae3-452e-a94c-c1831c5bd05d	nanbowles@gmail.com	chat_message	{"event_id": "eabc3dc5-eae3-452e-a94c-c1831c5bd05d", "event_title": "Labyrinth night"}	sent	1	\N	2026-05-03 08:07:15.985059+00	2026-05-03 08:08:00.266541+00	chat_message_batch	2026-05-03 08:08:00.266541+00
\.


--
-- Data for Name: push_subscriptions; Type: TABLE DATA; Schema: public; Owner: postgres
--

COPY "public"."push_subscriptions" ("id", "email", "subscription_json", "user_agent", "created_at", "updated_at") FROM stdin;
\.


--
-- Data for Name: push_subscriptions_pwa_old; Type: TABLE DATA; Schema: public; Owner: postgres
--

COPY "public"."push_subscriptions_pwa_old" ("id", "email_lc", "subscription_json", "user_agent", "created_at", "updated_at") FROM stdin;
\.


--
-- Data for Name: push_tokens; Type: TABLE DATA; Schema: public; Owner: postgres
--

COPY "public"."push_tokens" ("id", "email_lc", "device_token", "platform", "created_at", "updated_at") FROM stdin;
d2ce8683-e971-465f-b7ed-012d11b8ceba	angelakerr345@gmail.com	ExponentPushToken[qncqZZJMa_GM-n10DiS-1y]	ios	2026-04-30 14:46:00.728055+00	2026-04-30 14:46:00.728055+00
d030381b-9717-48fb-a8e0-1ce1c386bf63	jenni.iyoyo@gmail.com	ExponentPushToken[ynUgxXNOCmStQlqFzfq-BN]	ios	2026-05-03 07:41:17.473805+00	2026-05-03 07:41:17.473805+00
7f2b33fa-5661-4427-b550-5c6900a972d7	heppwalker@hotmail.com	ExponentPushToken[TY-CoPD-c3czMGZW6kIYfG]	android	2026-04-30 15:28:41.939938+00	2026-04-30 15:28:41.939938+00
c294a9bf-c52d-42cb-8221-6042cc9e4a8e	p8mkw62djr@privaterelay.appleid.com	ExponentPushToken[xlgP3eGAieIKVUU-z3Wvy2]	ios	2026-04-30 07:17:25.86062+00	2026-04-30 07:17:25.86062+00
c4e2894d-bd9b-40c4-8e9d-896d753a0aac	pjm360@gmail.com	ExponentPushToken[twZOUrGrFaHRlsiRd0LrRl]	android	2026-04-23 15:24:39.23822+00	2026-04-23 15:24:39.23822+00
5dbffe23-2760-495c-8050-6ed38a223e00	nanbowles@gmail.com	ExponentPushToken[eHFp9BFK26twpsta8tJcUu]	ios	2026-05-03 13:26:41.102499+00	2026-05-03 13:26:41.102499+00
c3139cc3-69a9-458f-88b0-ca30b1fd6ac0	bowlesnan@gmail.com	ExponentPushToken[oa19OhIC2GM1XaKPiuNSDR]	android	2026-04-29 13:58:15.894342+00	2026-04-29 13:58:15.894342+00
e90a9517-ed3a-4203-b0b1-db96a4bfdc07	retailnan@gmail.com	ExponentPushToken[e-3nRPCaG-pMHAO0MN6tmL]	android	2026-04-29 14:10:04.057216+00	2026-04-29 14:10:04.057216+00
199d7e74-6bff-410c-83f3-32a37ecd8acb	margot.delmotte@gmail.com	ExponentPushToken[na3LyDLAyAWbFBf6OEQ7WR]	ios	2026-04-30 10:57:43.973497+00	2026-04-30 10:57:43.973497+00
915944d3-7377-4ae9-a1c7-2bc212dc10fc	w.delmotte@gmail.com	ExponentPushToken[1S0TmrCNrDQgpQstFh3CF8]	ios	2026-05-01 18:26:28.947222+00	2026-05-01 18:26:28.947222+00
257d41a4-a296-468f-9a84-dd873d924e2d	teunvdberg@yahoo.co.uk	ExponentPushToken[TILclZGUKyBfrcGUXAKS1u]	ios	2026-04-28 05:45:42.724734+00	2026-04-28 05:45:42.724734+00
\.


--
-- Data for Name: reach_out_responses; Type: TABLE DATA; Schema: public; Owner: postgres
--

COPY "public"."reach_out_responses" ("id", "event_id", "responder_email_lc", "response_type", "response_text", "created_at", "suggested_dates", "suggested_location") FROM stdin;
04d2382c-7d46-443f-be25-1aed1dcde1dc	e57ccf3c-6e05-4b85-9e78-63d2d266fe9d	bowlesnan@gmail.com	suggest_time	Times:\n27 Apr 2026 at 20:30\n\nPlace:\nAmsterdamse Bos, Amstelveen, Netherlands	2026-04-26 18:36:19.776347+00	["2026-04-27T18:30:00.000Z"]	Amsterdamse Bos, Amstelveen, Netherlands
89a7806e-4b47-4fbe-b90e-926d80b908ea	b17d8d3c-b790-4444-886d-025288722d6f	nanbowles@gmail.com	suggest_time	Times:\n5 May 2026 at 14:00\n6 May 2026 at 14:00	2026-04-30 14:33:34.666507+00	["2026-05-05T12:00:00.000Z", "2026-05-06T12:00:00.000Z"]	\N
0cdee48a-1423-47a0-957a-d5cf4afc2811	b17d8d3c-b790-4444-886d-025288722d6f	angelakerr345@gmail.com	suggest_time	Times:\n5 May 2026 at 12:30\n7 May 2026 at 18:30	2026-04-30 14:35:42.087693+00	["2026-05-05T10:30:00.000Z", "2026-05-07T16:30:00.000Z"]	\N
8908fcf7-75f4-4916-a81f-dca6825608e7	b17d8d3c-b790-4444-886d-025288722d6f	angelakerr345@gmail.com	declined	Not this time	2026-04-30 14:39:11.81305+00	\N	\N
\.


--
-- Data for Name: reports; Type: TABLE DATA; Schema: public; Owner: postgres
--

COPY "public"."reports" ("id", "reporter_email", "target_type", "target_id", "reason", "created_at", "status", "reviewed_at", "actioned_at", "target_user_email", "details") FROM stdin;
3712793f-e98d-4e52-9c29-52be9fc6c54c	nanbowles@gmail.com	user	\N	inappropriate content	2026-04-24 15:52:54.74115	reviewed	2026-04-24 15:58:44.190623+00	2026-04-24 15:58:41.330885+00	retailnan@gmail.com	Reported from DM thread 502fdc97-ac2c-48ed-9583-f5295ea79489
ae951e42-cbd2-41cb-83d0-08d5b99bc8c2	nanbowles@gmail.com	user	\N	spam	2026-04-24 15:52:48.546476	actioned	2026-04-24 15:58:50.624613+00	2026-04-24 15:58:50.624613+00	retailnan@gmail.com	Reported from DM thread 502fdc97-ac2c-48ed-9583-f5295ea79489
00becce1-cde8-49b9-a63d-06056e52dc77	nanbowles@gmail.com	user	\N	harassment	2026-04-24 15:52:37.066235	reviewed	2026-04-24 15:58:54.626271+00	\N	retailnan@gmail.com	Reported from DM thread 502fdc97-ac2c-48ed-9583-f5295ea79489
411199cc-6ad0-4330-ac55-e169e40802dd	bowlesnan@gmail.com	user	\N	blocked_user	2026-04-24 14:37:17.380936	actioned	2026-04-24 15:59:03.957379+00	2026-04-24 15:59:03.957379+00	nanbowles@gmail.com	User blocked from app UI
557a5401-3ba1-4e91-b5c8-cdb732448ae3	nanbowles@gmail.com	user	\N	blocked_user	2026-04-24 16:09:05.937487	open	\N	\N	retailnan@gmail.com	User blocked from app UI
cf207205-a219-46d2-8fc9-dc19aa58fe84	nanbowles@gmail.com	user	\N	blocked_user	2026-04-24 16:38:35.420763	open	\N	\N	retailnan@gmail.com	User blocked from app UI
\.


--
-- Data for Name: rsvp_join_requests; Type: TABLE DATA; Schema: public; Owner: postgres
--

COPY "public"."rsvp_join_requests" ("id", "event_id", "requester_name", "requester_email", "requester_phone_e164", "guest_token", "requested_status", "message", "source", "status", "decided_at", "decided_by_email_lc", "created_at", "updated_at", "person_id") FROM stdin;
\.


--
-- Data for Name: rsvp_tokens; Type: TABLE DATA; Schema: public; Owner: postgres
--

COPY "public"."rsvp_tokens" ("id", "event_id", "email", "token", "created_at", "expires_at") FROM stdin;
\.


--
-- Data for Name: rsvps; Type: TABLE DATA; Schema: public; Owner: postgres
--

COPY "public"."rsvps" ("id", "event_id", "guest_token", "name", "email", "status", "message", "responded_at", "updated_at", "person_id", "phone_e164") FROM stdin;
f19c6249-b149-440d-8ae8-2600cf5bd491	4022efe1-391f-47e3-bb53-35ab79aee26a	HOST-6f29fcf361c7d74d39d9b664aa8995d5	margot.delmotte	margot.delmotte@gmail.com	yes	\N	2026-04-30 10:52:20.314797+00	2026-04-30 10:52:20.314797+00	\N	\N
a42fa744-9099-4694-b832-07e4632e69e0	1e7c9087-3bfe-4c97-b576-50dc69afc4c8	HOST-cd247a1fcddeb74d1da7ae469638efcf	Nancy	nanbowles@gmail.com	yes	\N	2026-04-30 11:40:38.390297+00	2026-04-30 11:40:38.390297+00	\N	\N
9b55d39b-eeb4-48b3-b3fb-97046a4b843a	496ce5d6-5f23-403b-8e45-eeb13adfa441	6edc93c5578aa19de080d8d98ef6e034	Marie Conroy	themarieconroy@gmail.com	voted	\N	2026-04-01 08:11:34.489586+00	2026-04-18 14:43:08.53267+00	f53e91b7-5132-446b-b145-ad4cdeeca25d	\N
8a90a70d-c496-4d8a-a42e-c1dd6f10f84f	e57ccf3c-6e05-4b85-9e78-63d2d266fe9d	HOST-a8031f776903312a418450e272682ef9	Nancy	nanbowles@gmail.com	yes	\N	2026-04-26 18:31:58.039771+00	2026-04-26 18:31:58.039771+00	\N	\N
a1c6fd56-2702-45ad-b25d-a11ec5bdf19d	b1bacf06-18b3-4ec4-90f4-688310ad284d	HOST-f45e86f94feb890d45f8f582c6092581	angela	angelakerr345@gmail.com	yes	\N	2026-04-30 14:05:44.268987+00	2026-04-30 14:05:44.268987+00	\N	\N
77e0c04b-dccc-427d-b599-bb7206d6f2a7	496ce5d6-5f23-403b-8e45-eeb13adfa441	02c78e852887a56d8a44ce5a5ede77cc	Carrie	carvanam@hotmail.com	voted	\N	2026-04-28 10:34:51.709245+00	2026-04-28 10:35:12.527662+00	6115e2a5-c54c-4189-8407-9a1c1cd32e18	\N
e893c0e8-45a6-4336-9f2a-a3de88e21542	38275534-93c0-483b-aa96-60c2ab5ebf9f	HOST-aaaf362ef095fb80df466a9a12aa050f	Geli	kitchencarnage@yahoo.co.uk	yes	\N	2026-04-28 11:12:44.780584+00	2026-04-28 11:12:44.780584+00	\N	\N
b6945e27-9bdd-4ecf-8a23-1d887f4a6ac7	38275534-93c0-483b-aa96-60c2ab5ebf9f	c377772a900bee32aee0889aeaaf982f	Nancy	nanbowles@gmail.com	yes	Yes for coffee! Or that sunny terrace!	2026-04-28 11:17:32.264813+00	2026-04-28 11:17:32.264813+00	d0a953a9-5beb-40fe-bf53-f6b80926c6d6	\N
60bea85e-ff10-4212-9e5b-6df134081b7a	bda5b3f8-9e7f-4cf5-80b2-7a4ff2b2a4ce	HOST-f412ec1cc51d73c7cfafc6e6139d5303	kitchencarnage	kitchencarnage@yahoo.co.uk	yes	\N	2026-04-28 11:18:29.165383+00	2026-04-28 11:18:29.165383+00	\N	\N
7d18aa88-2517-43ee-8c13-f6f961bea41e	496ce5d6-5f23-403b-8e45-eeb13adfa441	f3cfa03368ca7cf33551e57bfef3c05d	Devyani Sen	devyani71@yahoo.com	voted	\N	2026-03-30 07:06:26.195183+00	2026-04-28 20:20:35.569449+00	f4a7291c-fb92-41cd-819c-e3459f55c5f1	\N
1d0c9ec6-83c6-48ee-8802-8697b6f43fcb	38dbd017-213c-4fd4-8951-00deca131b9f	HOST-c58a051f89d52e3e439b401412da9927	jenni.iyoyo	jenni.iyoyo@gmail.com	yes	\N	2026-04-29 11:59:01.185142+00	2026-04-29 11:59:01.185142+00	\N	\N
67dc5e08-e605-4867-9c18-6e8b5f31d04a	496ce5d6-5f23-403b-8e45-eeb13adfa441	8a63ddca4a05c035e3a89aa17b330c83	retailnan	retailnan@gmail.com	voted	\N	2026-04-20 11:36:33.982911+00	2026-04-29 12:21:04.376878+00	84e89677-e770-4d9a-96bf-74ff551eb675	\N
c99a6e71-d09e-4829-a138-0baf438c690b	b17d8d3c-b790-4444-886d-025288722d6f	a0ca617491a55f9de200f97fc9f7f4b1	Nancy	nanbowles@gmail.com	yes	\N	2026-04-30 20:03:29.723417+00	2026-04-30 20:03:29.723417+00	d0a953a9-5beb-40fe-bf53-f6b80926c6d6	\N
61a0fd6f-87d4-485f-8d54-0e192478e0e3	8c412619-77cd-4387-b749-663a04f08b76	HOST-0a5940193f9ec62487fd1f8df751cc03	Nancy	nanbowles@gmail.com	yes	\N	2026-03-27 20:30:48.656016+00	2026-03-27 20:30:48.656016+00	\N	\N
712ba8bd-177b-42ba-8144-3936d6095a41	8c412619-77cd-4387-b749-663a04f08b76	60826a1edbe6e9896402cb47fd255200	Devyani Sen	devyani71@yahoo.com	yes	\N	2026-03-27 20:44:23.998512+00	2026-03-27 20:44:23.998512+00	f4a7291c-fb92-41cd-819c-e3459f55c5f1	\N
2c995546-1f53-4a6b-8265-fdd84af2b315	16963986-88fd-4c08-9410-e6fa597d44f7	HOST-08e5cdf29f747949a896cbaa33d1c0ba	Phillip	pjm360@gmail.com	yes	\N	2026-04-21 09:11:23.116548+00	2026-04-21 09:11:23.116548+00	\N	\N
29e621d0-679a-48c0-9758-099aa1691f8d	eeb533f2-4bcb-4e86-bc33-97c7ab6f98a9	HOST-a3d9c25032c84fb60f6eaf528223bcb7	Renata	retailnan@gmail.com	yes	\N	2026-04-29 13:53:46.739846+00	2026-04-29 13:53:46.739846+00	\N	\N
c55f5543-d5ff-423d-a026-457b2ce2d6f5	0f921809-ca6e-4dc9-871f-832c8a008476	7ce4c56ce88d61c573792ebade69cc32	Nancy	nanbowles@gmail.com	yes	Sounds great!	2026-04-30 07:12:06.296261+00	2026-04-30 07:12:06.296261+00	d0a953a9-5beb-40fe-bf53-f6b80926c6d6	\N
724e8082-3bbf-4eda-8375-9c03a10f7b1f	496ce5d6-5f23-403b-8e45-eeb13adfa441	1307761b99eb0553035520612dd5749a	Ria	riajones99@googlemail.com	voted	\N	2026-04-01 08:01:57.296107+00	2026-04-30 07:24:06.537507+00	44ec1a8d-266c-48b9-bd9b-cc5c03bcd020	\N
627fd463-c6f1-4b99-a5fc-f0d086e5dae5	0f921809-ca6e-4dc9-871f-832c8a008476	a5a24bb2e9c035c8784935a6c7213123	jenni.iyoyo	jenni.iyoyo@gmail.com	yes	\N	2026-04-30 07:25:39.979682+00	2026-04-30 07:25:39.979682+00	253b0ca9-7ce5-407e-a903-7d73a2cc0917	\N
332a73aa-33e2-4d90-8cf2-ba4d3fb39d79	eabc3dc5-eae3-452e-a94c-c1831c5bd05d	HOST-3a35a4d77a7fa91e7ae89d45548fba32	kitchencarnage	kitchencarnage@yahoo.co.uk	yes	\N	2026-05-01 13:42:21.156739+00	2026-05-01 13:42:21.156739+00	\N	\N
8169e2ec-4e1b-4851-82a4-4dae14b44bc3	eabc3dc5-eae3-452e-a94c-c1831c5bd05d	a072c37dcb7e7c63b025bd1abf46400c	Zizipho Waxa	ms.waxa@gmail.com	voted	\N	2026-05-01 13:56:53.392215+00	2026-05-01 13:56:53.392215+00	96234101-aeeb-4630-909d-430f45a2e5a6	\N
13b83fcb-b926-4e1d-a317-e0bf44ac0f0e	bec4e481-4822-4417-8a2b-74beaf62dbaa	HOST-8bb7f534d89120e828c1d783fae76f3b	Elles Smit	ellessmit21@gmail.com	yes	\N	2026-05-01 18:23:51.077772+00	2026-05-01 18:23:51.077772+00	\N	\N
eec052b1-89d6-47d5-93c3-2f1a4729aff1	496ce5d6-5f23-403b-8e45-eeb13adfa441	HOST-16d3ccd2b18cf8f0e5db782df282af75	Nancy	nanbowles@gmail.com	yes	\N	2026-03-29 21:43:25.212822+00	2026-03-29 21:43:25.212822+00	\N	\N
0e87a315-5bf7-4530-bef8-48098ed0cb41	bac32d22-3490-45eb-93a6-7bd39c7a54d5	HOST-f600fbe2baa0b5b7c46479d84ffd331e	George	jpp423@gmail.com	yes	\N	2026-05-02 08:15:18.362942+00	2026-05-02 08:15:18.362942+00	\N	\N
711dbf6b-b804-47c1-ac9a-963a4cfb6547	bac32d22-3490-45eb-93a6-7bd39c7a54d5	eeb7db4207125e328bb514032af6dcf6	Nancy	nanbowles@gmail.com	no	\N	2026-05-02 08:28:20.557028+00	2026-05-02 08:28:20.557028+00	d0a953a9-5beb-40fe-bf53-f6b80926c6d6	\N
c4b2e222-89c8-4a80-a1cc-503560c25ffb	33881ec9-d7ae-4847-9ea2-31da05375df9	2b66ddb85de898e073b1b8a83fd29a10	Ginger	adventure@slowquest.com	yes	\N	2026-04-06 20:24:18.589621+00	2026-04-06 20:24:18.589621+00	92abf282-6619-4701-a33b-7cf68ac5bc4a	\N
262057e2-6bad-478b-ba0f-69d86f675166	798cd413-6733-4428-94b1-bd01edba05d2	HOST-3e6661397671862d9d242280a3deba68	teunvdberg	teunvdberg@yahoo.co.uk	yes	\N	2026-04-02 20:28:12.820649+00	2026-04-02 20:28:12.820649+00	\N	\N
5668e835-5da2-4635-8af6-f31143a08b2e	07e88fd2-4727-4adb-b1fb-bcb850b6d715	HOST-03fe6f84652026f26cd8413a6d3a14a3	xtina	emergencycabbage@gmail.com	yes	\N	2026-04-02 20:58:20.569356+00	2026-04-02 20:58:20.569356+00	\N	\N
d1db925f-542d-419d-ab4c-a6ef06bd3949	2ba91fa6-9a0e-424a-b105-1d075930d513	HOST-3b943b938c5a0969bc14069411bfaa76	xtina	fancylady@mac.com	yes	\N	2026-04-02 20:59:42.942649+00	2026-04-02 20:59:42.942649+00	\N	\N
db1ef2d4-213b-4e1b-ae15-22a7da577779	51f4ccc0-8005-4cd7-8e10-61e2acb8f244	HOST-13c425486ef7bb723e5b2d199047d053	Nancy	nanbowles@gmail.com	yes	\N	2026-04-06 20:25:20.052057+00	2026-04-06 20:25:20.052057+00	\N	\N
9b3bbd3b-1f0b-4110-9696-3e6b9bc8dc4e	9949ea0a-606b-445e-9487-e4a06bd8bacd	HOST-fbb9b51222afe5f3278387385226a034	Tim	tsquare64@gmail.com	yes	\N	2026-04-05 19:43:39.718917+00	2026-04-05 19:43:39.718917+00	\N	\N
3095d1a2-48cf-48ee-82e8-87002fdba7a6	2cb54e28-6ff7-4997-9150-66d1fdb17c84	HOST-1d3fac7765424f4ffba0ff882058c974	Tim H	tsquare64@gmail.com	yes	\N	2026-04-05 19:55:23.968926+00	2026-04-05 19:55:23.968926+00	\N	\N
ba0ad426-3f11-4fad-a374-d48597247d47	9949ea0a-606b-445e-9487-e4a06bd8bacd	08c4e127014ca6c95bd4a81fa71b0146	Nancy	nanbowles@gmail.com	maybe	I’d like to walk with you but I’m a bit far away!	2026-04-05 20:35:34.334877+00	2026-04-05 20:35:34.334877+00	d0a953a9-5beb-40fe-bf53-f6b80926c6d6	\N
cee77597-3f23-4fe5-b2c1-ac8462bdae49	798cd413-6733-4428-94b1-bd01edba05d2	f7598933816a867cd7f16eacfd9fb055	Nancy	nanbowles@gmail.com	interested	\N	2026-04-02 20:57:50.633558+00	2026-04-06 05:30:06.95445+00	d0a953a9-5beb-40fe-bf53-f6b80926c6d6	\N
0ae73bae-093d-403f-9c14-a2233c110c87	33881ec9-d7ae-4847-9ea2-31da05375df9	HOST-3ae96e6061b1ebeb38f51b3ef76f24bd	Bodie H	bodieh@gmail.com	yes	\N	2026-04-06 20:22:16.173007+00	2026-04-06 20:22:16.173007+00	\N	\N
0d7cfc71-7a5a-4a2e-90ab-fed4f69d6728	7b57d837-7844-4ce1-a239-46b58dba31a2	HOST-43638bbaf659e22d54af440fd0d34a56	pjm360	pjm360@gmail.com	yes	\N	2026-04-09 10:20:06.476665+00	2026-04-09 10:20:06.476665+00	\N	\N
0b08db69-84ad-42d9-9087-81c952855a09	496ce5d6-5f23-403b-8e45-eeb13adfa441	8b533cc2db2d2946a394acee21c82b26	Jenni Iyoyo	jenni.iyoyo@gmail.com	voted	\N	2026-03-30 17:13:04.855373+00	2026-04-18 14:43:08.53267+00	253b0ca9-7ce5-407e-a903-7d73a2cc0917	\N
2c353e39-63e9-4345-afe8-8ed63cbadd82	096aa4e9-66b5-492f-ba61-dc117ea39296	HOST-daec78f2a57253b2579bc8edfc6b5532	Nancy	nanbowles@gmail.com	yes	\N	2026-04-26 16:48:52.673203+00	2026-04-26 16:48:52.673203+00	\N	\N
e832c1cf-f514-4417-b2c7-e9320ccd0c43	496ce5d6-5f23-403b-8e45-eeb13adfa441	e9f0d2ca5ada88a9ab7efd69ec5336f5	Angela	angelakerr345@gmail.com	voted	\N	2026-04-28 07:46:45.307503+00	2026-04-28 07:46:45.307503+00	7a4a228c-df7a-48a0-adab-fbb8b5bfff9b	\N
db2cc4de-eb0f-47bd-8098-ec251d7d9c47	4a18eeef-9e18-4e3d-97bb-b974e55c2d7b	HOST-23afba3b85d5c20fa1ba60bfb5698d1c	Geli	kitchencarnage@yahoo.co.uk	yes	\N	2026-04-28 11:12:44.276107+00	2026-04-28 11:12:44.276107+00	\N	\N
f1898506-bebc-4d0b-a276-4ddabd23bf55	40d0a285-526f-4f67-a746-ea8fb87cf190	HOST-af8c2388828cf417342683038dcdb249	Geli	kitchencarnage@yahoo.co.uk	yes	\N	2026-04-28 11:12:45.124088+00	2026-04-28 11:12:45.124088+00	\N	\N
5371e8c2-b0d6-4ca9-b318-4fced4ab97b9	4236fe44-9e8d-4d19-a7cb-6af7bdc1836e	HOST-95c7f70ef840d04c9638f4f4c949d0c2	kitchencarnage	kitchencarnage@yahoo.co.uk	yes	\N	2026-04-28 11:18:28.943665+00	2026-04-28 11:18:28.943665+00	\N	\N
0036e820-3130-4d44-bc6f-4ad8f162fa54	496ce5d6-5f23-403b-8e45-eeb13adfa441	ce6f310d3f3797dc0392c12b77daa4d9	Margot	margot.delmotte@gmail.com	voted	\N	2026-04-20 12:50:19.609356+00	2026-04-20 12:50:19.609356+00	ae675e53-3391-4b9c-82a4-50a45f2418eb	\N
4882fd9e-3ae0-4c49-bb44-ef81ce3373b6	f079fbc5-9d5f-47e5-82f4-3ae1393b9a6c	HOST-e356cc73187022a121976d372dc0eda4	Ria	riajones99@googlemail.com	yes	\N	2026-04-28 19:22:18.77101+00	2026-04-28 19:22:18.77101+00	\N	\N
93cced82-9ed5-4394-9487-2f6749377337	4236fe44-9e8d-4d19-a7cb-6af7bdc1836e	33501755c335e8770ee883381a6816c5	Nancy	nanbowles@gmail.com	voted	\N	2026-04-29 12:02:58.567779+00	2026-04-29 12:02:58.567779+00	d0a953a9-5beb-40fe-bf53-f6b80926c6d6	\N
c9ad5511-982b-46c4-b5ba-f566cd81ab84	0f921809-ca6e-4dc9-871f-832c8a008476	HOST-bf6680432393fca95acc06f177b3a9f3	Ria Jones	p8mkw62djr@privaterelay.appleid.com	yes	\N	2026-04-30 07:06:40.611655+00	2026-04-30 07:06:40.611655+00	\N	\N
1a93a534-d9fe-4bd3-9e78-5caa369214ae	a4b2b3eb-3aa5-4bb3-930b-35b8b7478196	HOST-24ebc6f1ff92c8646f45c1f010c9acee	Geli	kitchencarnage@yahoo.co.uk	yes	\N	2026-04-14 11:26:37.228886+00	2026-04-14 11:26:37.228886+00	\N	\N
ccdb91b4-23bc-4d72-b123-e7354a6d2ed4	a4b2b3eb-3aa5-4bb3-930b-35b8b7478196	8a42bf4007ba8b1808fab98e3736a6ba	Nancy	nanbowles@gmail.com	yes	Yes perfect!	2026-04-14 11:30:33.53766+00	2026-04-14 11:30:33.53766+00	d0a953a9-5beb-40fe-bf53-f6b80926c6d6	\N
4f32720a-5773-4d1e-87f1-8bc27919199e	0f921809-ca6e-4dc9-871f-832c8a008476	5a84750276e4ef834ac1c5bb07e01dc5	Tracy	heppwalker@hotmail.com	no	\N	2026-04-30 07:13:20.179546+00	2026-04-30 07:13:41.423677+00	6e2330a6-0ed6-4fd9-9355-ab0336b2daa5	\N
d00e4e2b-597b-498a-857c-7184fbd46dfa	0f921809-ca6e-4dc9-871f-832c8a008476	e8a9a59a8f22a89907525f923558a646	angela	angelakerr345@gmail.com	yes	\N	2026-04-30 07:52:13.760427+00	2026-04-30 07:52:13.760427+00	7a4a228c-df7a-48a0-adab-fbb8b5bfff9b	\N
94ae3b68-5d7a-48e0-9ba9-452b1e2f211a	4022efe1-391f-47e3-bb53-35ab79aee26a	d4109d39d210d5d2581c26898a86a832	William	w.delmotte@gmail.com	yes	\N	2026-04-30 10:58:24.710789+00	2026-04-30 10:58:24.710789+00	7505dfcb-2824-43bc-8c40-e4574c843156	\N
cccfa0cd-9d08-4b90-b89f-f2dde9d71b20	700ab04e-adbf-43de-9c01-6d9f581f2b3f	HOST-988e9acb12bd6faa0c7400418ee7b2fb	jenni.iyoyo	jenni.iyoyo@gmail.com	yes	\N	2026-04-30 14:04:32.373711+00	2026-04-30 14:04:32.373711+00	\N	\N
13d4ef78-718b-41f5-bb27-bfb7ed65eee1	b17d8d3c-b790-4444-886d-025288722d6f	HOST-c01ea41c3c3dfa8ee3966e5ab2063e5b	jenni.iyoyo	jenni.iyoyo@gmail.com	yes	\N	2026-04-30 14:16:33.578508+00	2026-04-30 14:16:33.578508+00	\N	\N
8598b75c-dfa6-4062-8ab8-3fce1882af1e	496ce5d6-5f23-403b-8e45-eeb13adfa441	5c846dd951e76679054a6feed0b48b7b	heppwalker	heppwalker@hotmail.com	no	\N	2026-03-29 22:10:59.768635+00	2026-04-30 15:30:07.5548+00	6e2330a6-0ed6-4fd9-9355-ab0336b2daa5	\N
c53fa824-151a-460f-8309-25a9528dc101	b1bacf06-18b3-4ec4-90f4-688310ad284d	98c9aee35eb464b321fb3aa6974cb9f6	Nancy	nanbowles@gmail.com	yes	\N	2026-04-30 20:18:20.914743+00	2026-04-30 20:18:20.914743+00	d0a953a9-5beb-40fe-bf53-f6b80926c6d6	\N
9af971bb-efd6-4c13-b375-a27ce8f0d43a	eabc3dc5-eae3-452e-a94c-c1831c5bd05d	f3dd2c1324df0eed49bdf941adc715b9	Nancy	nanbowles@gmail.com	voted	\N	2026-05-01 13:47:01.639011+00	2026-05-01 13:47:01.639011+00	d0a953a9-5beb-40fe-bf53-f6b80926c6d6	\N
764939a0-38c2-4d9a-9e3e-eed357e5c645	eabc3dc5-eae3-452e-a94c-c1831c5bd05d	ca5dec3f541fcc43f262e18c70316b2a	Karen	karen.rickers@netcologne.de	voted	\N	2026-05-01 14:35:35.612728+00	2026-05-01 14:35:35.612728+00	fcda91f9-ce6f-42c8-a282-f4ed68492495	\N
395b2c2b-858d-46ff-b70d-5c7964d74891	44f32a9a-81e3-4c29-addc-438b4aef3cd0	HOST-82ae65023e96086ff5b0db074718f986	William Delmotte	w.delmotte@gmail.com	yes	\N	2026-05-01 18:25:58.453129+00	2026-05-01 18:25:58.453129+00	\N	\N
6d386469-aa14-4f21-97f2-9c7de08bc016	934b7e06-e645-4f82-b529-8dfc9b6aa919	HOST-7eb0dd6bd14d3bb2e68da49b6a98b65d	George	jpp423@gmail.com	yes	\N	2026-05-02 08:22:17.583057+00	2026-05-02 08:22:17.583057+00	\N	\N
\.


--
-- Data for Name: social_circles; Type: TABLE DATA; Schema: public; Owner: postgres
--

COPY "public"."social_circles" ("id", "user_id", "circle_name", "members", "created_at") FROM stdin;
9a2f7b7b-c561-408c-8a53-8584243865d6	8d2ba1cb-0516-4199-9951-69bf0e155e22	My Inner Circle	{}	2026-04-29 13:52:42.402867+00
88f1ffff-1dec-46a6-924a-29b5c5d306ce	2202a479-3764-463f-a442-54fce58cf0c4	My Inner Circle	{}	2026-03-27 20:45:38.531518+00
35e69ad7-b5a8-4db5-b9ea-050ce916207b	a0466c75-e1ca-4787-b00d-eb85a2810c2d	My Inner Circle	{}	2026-03-28 02:48:06.209228+00
61c6cd55-9041-4b12-8edb-c284af5b3f7e	5f09c073-eef9-43c9-a593-cb9dbc770e19	My Inner Circle	{}	2026-03-28 08:07:38.55018+00
225dae8e-0520-4424-ac82-8ccdaea2b819	9fd35854-4474-4865-80a2-5cd7256180f6	My Inner Circle	{}	2026-03-28 08:11:47.230599+00
7eb146d4-837e-4e57-86fb-8cf888f5d7c9	07936771-2633-44cb-89d3-a5c094d78831	My Inner Circle	{}	2026-03-28 13:28:23.768363+00
41e67020-4fcf-41fd-909d-bd05c4d56fb5	2fbe7423-78af-41b2-bb45-c68cf39c362d	Velvet Vixens	{}	2026-03-28 12:29:50.130033+00
09bb2346-a45f-4b0a-8171-ddaf9c16a648	2fbe7423-78af-41b2-bb45-c68cf39c362d	Family	\N	2026-03-28 21:07:01.918962+00
5c6c49fa-e484-4622-ae4c-3fd63838f6d1	ef3bfc23-d707-40db-b7e9-86f921e02028	My Inner Circle	{}	2026-03-29 01:04:21.529123+00
ce76c577-7126-4875-8f48-80e76021aa02	54d6e515-46ee-43bb-83fd-5bb81f82a569	My Inner Circle	{}	2026-03-29 12:17:17.311379+00
e22570ed-3ae1-4fd8-9081-0e2cf5ceb7c2	ff546bdc-4046-42d9-9eaa-abadefca7c81	My Inner Circle	{}	2026-03-30 07:51:46.719299+00
d28673df-b2a0-4e6b-b5f0-cf387a8561d5	c20a9837-4d1b-4956-b9d1-e683738980f7	M’y pals	{}	2026-04-02 13:11:51.836+00
34a0fcd5-edb6-4d95-b3e8-1495d6f543c0	c20a9837-4d1b-4956-b9d1-e683738980f7	Pals	{}	2026-04-02 13:12:28.755661+00
12fe6313-9f77-4757-a6c9-c3c85adceff7	3a2b1b25-fa60-47ef-9d5b-d87d3da010b4	My Inner Circle	{}	2026-04-02 20:12:43.78174+00
d18387ab-9232-4d68-a74c-dd8796722148	75c514fa-44d6-4072-93dd-35f0f50c91cd	My Inner Circle	{}	2026-04-02 21:00:23.928677+00
8e116b3d-7d79-4d92-8d70-549f6928d4e4	d27ec43b-3350-48a5-908f-88bc0ad0289d	My Inner Circle	{}	2026-04-03 15:00:17.887951+00
d463211b-c8b8-4f01-aa10-6a2c79782fbc	0a4d2cbf-0bd0-44f5-8234-d6b65020b8f3	My Inner Circle	{}	2026-04-03 16:45:20.441058+00
68d01014-73e3-41a1-bb08-dc289efb65ba	6c8e05ee-00d4-4ec8-82cd-ae708cc1cf16	My Inner Circle	{}	2026-04-04 09:19:52.187998+00
b723fb2d-5fb3-4a01-b2c6-d25699bb9d01	367c205f-d654-4117-acae-b327f634ee87	My Inner Circle	{}	2026-04-04 15:43:50.238214+00
12a21520-dde0-449f-98ad-33f2acf2f1eb	2b61ded0-78e5-4a65-8b64-83b7d14bc639	My Inner Circle	{}	2026-04-05 19:44:21.764439+00
7fbf0344-facb-4e8a-95f5-c1202637c506	2b61ded0-78e5-4a65-8b64-83b7d14bc639	Me & Boo	{}	2026-04-05 19:45:51.558803+00
fa9770b2-c9a3-44a9-8f47-39f735d62b58	18303fa3-9471-492c-8250-6a13c0ef4426	My Inner Circle	{}	2026-04-05 19:48:20.391753+00
0e5b1fd4-3b99-44ff-a328-8bbef9c12523	7fbd3d98-b51a-4290-b714-a3a4100fc4e3	My Inner Circle	{}	2026-04-06 20:20:31.685361+00
2d3d2bdb-e3ad-4563-8f62-2f0747c58c7a	f676212a-53d1-4426-84fb-08b4061a9f17	My Inner Circle	{}	2026-04-09 10:17:00.839101+00
08f81005-8d28-4aa2-83bf-4df05a9f6493	1ad8920e-216f-4ff7-9566-cc5caa3b2ed8	My Inner Circle	{}	2026-04-12 07:30:43.262067+00
fa24a032-7a97-4395-86e3-5cba0c0a2eb2	716b3d0d-8882-4af1-9adb-6d171a962190	My Inner Circle	{}	2026-04-30 07:04:19.729217+00
23a1b356-256b-49e8-b735-370d4622ecb8	716b3d0d-8882-4af1-9adb-6d171a962190	Open mic circle	{}	2026-04-30 07:08:48.139298+00
0fb902cf-9ee2-47bf-bbe9-702af5a33121	1ad8920e-216f-4ff7-9566-cc5caa3b2ed8	Spill Your Dreams	{}	2026-04-12 07:31:50.957584+00
d966c032-c992-459d-b104-fd484604a1d2	762614e5-d47e-45cf-9e7f-67270755729c	My Inner Circle	{}	2026-04-21 12:03:50.710847+00
65aef509-a4c5-4cf9-94a7-de276fbf8ca5	6758dad6-9136-4770-9f4d-d93ab88b9997	My Inner Circle	{}	2026-04-22 01:21:17.468192+00
decb73a5-6980-45fb-95eb-033c1dae25ea	c4f156ca-cf79-46e9-8566-db237f5f71fc	My Inner Circle	{}	2026-04-25 15:33:54.712631+00
66f74a52-9577-4a72-ba5d-60e441f66220	6282299f-9707-45d6-bae7-009a6ab4b41b	My Inner Circle	{}	2026-04-27 22:58:36.798903+00
08e9ee04-9216-4d0a-b1bc-6fd094c4a6ca	137c3304-bf48-4c39-a6b9-477f95ad6898	My Inner Circle	{}	2026-04-28 19:22:36.832326+00
6a1082aa-22af-4fe3-8fae-8a465bcb67d4	45e52db6-ffe3-4569-8682-c2bfdb56198c	My Inner Circle	{}	2026-04-28 19:40:05.480952+00
763c640c-16eb-46e7-9260-c682b4695632	b655b45c-14a3-4341-b48e-7928153b12cf	My Inner Circle	{}	2026-04-30 10:43:59.499109+00
25f09681-95bb-45c0-94e7-651bff29f5cc	36a4b008-2b33-44b2-ba90-1bbc176fc478	My Inner Circle	{}	2026-04-30 10:59:49.68225+00
adb9dcf3-074a-4b4b-bd45-6c0b09258db7	846a32f4-7e45-4d23-ac43-dc76ed30f9da	My Inner Circle	{}	2026-05-01 18:24:17.852782+00
599a7b90-17bf-49c6-8d03-9d56aed9bfc1	374e2e53-2a35-487d-8b18-84b89f8e2b7d	My Inner Circle	{}	2026-05-02 08:10:15.053396+00
5d797ce9-9310-45a8-8fe9-29ef23d4d2a0	f89c7df7-773a-48dc-ba9f-0e0d3821bb04	My Inner Circle	{}	2026-05-02 18:30:17.53949+00
\.


--
-- Data for Name: social_circle_members; Type: TABLE DATA; Schema: public; Owner: postgres
--

COPY "public"."social_circle_members" ("id", "circle_id", "member_name", "member_email_lc", "member_user_id", "sort_order", "created_at", "member_phone_e164", "device_contact_id", "person_id") FROM stdin;
3c5a298e-e1fe-442a-9dc1-a4427102fd9f	41e67020-4fcf-41fd-909d-bd05c4d56fb5	Jenni Iyoyo	jenni.iyoyo@ziggo.nl	\N	\N	2026-03-28 12:43:41.02508+00	0615316188	1161a747-5920-41d1-b6bd-1cbd899f3cf3	a4ea4395-b17c-4f7f-9850-f30d5f26d2ef
5fed7c48-015e-459e-aa28-e3b3c2063dee	41e67020-4fcf-41fd-909d-bd05c4d56fb5	Angela	angelakerr345@gmail.com	a0466c75-e1ca-4787-b00d-eb85a2810c2d	1	2026-03-28 21:05:01.930789+00	\N	\N	7a4a228c-df7a-48a0-adab-fbb8b5bfff9b
96077f6c-505b-48a9-9d4a-3d0b34c2c28c	41e67020-4fcf-41fd-909d-bd05c4d56fb5	Devyani Sen	devyani71@yahoo.com	2202a479-3764-463f-a442-54fce58cf0c4	2	2026-03-28 21:05:03.176823+00	\N	\N	f4a7291c-fb92-41cd-819c-e3459f55c5f1
ecea46e8-f059-4e7e-b141-47c9b89e9a2b	88f1ffff-1dec-46a6-924a-29b5c5d306ce	angela	angelakerr345@gmail.com	a0466c75-e1ca-4787-b00d-eb85a2810c2d	\N	2026-03-30 07:01:48.751847+00	\N	\N	7a4a228c-df7a-48a0-adab-fbb8b5bfff9b
c0459cc7-4a82-4af1-a2e7-6cb9f1cc2ef8	88f1ffff-1dec-46a6-924a-29b5c5d306ce	Jenni Iyoyo	jenni.iyoyo@gmail.com	\N	\N	2026-03-30 17:29:48.763513+00	\N	\N	253b0ca9-7ce5-407e-a903-7d73a2cc0917
ac664f00-3a9a-45ba-9b21-b4fa8760e10d	41e67020-4fcf-41fd-909d-bd05c4d56fb5	Jenni Iyoyo	jenni.iyoyo@gmail.com	\N	\N	2026-04-01 08:04:22.605551+00	\N	\N	253b0ca9-7ce5-407e-a903-7d73a2cc0917
422b9398-c992-4f50-b837-a9e73ba5fb9d	41e67020-4fcf-41fd-909d-bd05c4d56fb5	Marie Conroy	themarieconroy@gmail.com	\N	\N	2026-04-01 09:33:43.888671+00	\N	\N	f53e91b7-5132-446b-b145-ad4cdeeca25d
aa1dfa0c-2c77-457d-b045-046353a9635d	34a0fcd5-edb6-4d95-b3e8-1495d6f543c0	Nancy	nanbowles@gmail.com	2fbe7423-78af-41b2-bb45-c68cf39c362d	1	2026-04-02 13:12:51.214805+00	\N	\N	d0a953a9-5beb-40fe-bf53-f6b80926c6d6
4606bd40-52ae-4b74-a2d3-4d8e181a9d99	e22570ed-3ae1-4fd8-9081-0e2cf5ceb7c2	angela	angelakerr345@gmail.com	a0466c75-e1ca-4787-b00d-eb85a2810c2d	\N	2026-04-03 13:34:13.495187+00	\N	\N	7a4a228c-df7a-48a0-adab-fbb8b5bfff9b
1675d22c-251b-4fe1-88d8-12fe89092fe4	0fb902cf-9ee2-47bf-bbe9-702af5a33121	pjm360	pjm360@gmail.com	f676212a-53d1-4426-84fb-08b4061a9f17	1	2026-04-12 07:36:07.464841+00	\N	\N	4880e61c-9d44-4bfa-b826-b992d7f97f7a
17d8266d-1f67-4492-94fa-0d7be7c41d92	65aef509-a4c5-4cf9-94a7-de276fbf8ca5	Nancy	nanbowles@gmail.com	2fbe7423-78af-41b2-bb45-c68cf39c362d	1	2026-04-22 01:24:09.069098+00	\N	\N	d0a953a9-5beb-40fe-bf53-f6b80926c6d6
3a6d1727-cd02-46aa-9811-f90fa49d8a8b	66f74a52-9577-4a72-ba5d-60e441f66220	Bodie H	bodieh@gmail.com	7fbd3d98-b51a-4290-b714-a3a4100fc4e3	1	2026-04-27 23:00:23.773633+00	\N	\N	0d82ce53-e969-4790-885b-ebae73e997bd
7eaf3635-d7a8-423b-bca4-8dc045786d49	09bb2346-a45f-4b0a-8171-ddaf9c16a648	Dino	bowlesnan@gmail.com	c4f156ca-cf79-46e9-8566-db237f5f71fc	\N	2026-04-29 11:12:35.624761+00	\N	\N	2838df54-1c78-417c-a1d9-a435ad8213f1
2f66b4a3-91b9-47e2-b5a3-1859e289db4d	09bb2346-a45f-4b0a-8171-ddaf9c16a648	William Delmotte	w.delmotte@gmail.com	36a4b008-2b33-44b2-ba90-1bbc176fc478	\N	2026-04-30 11:40:00.692937+00	\N	\N	7505dfcb-2824-43bc-8c40-e4574c843156
fd89c229-3225-4cd0-b360-ad268d0ca7c6	25f09681-95bb-45c0-94e7-651bff29f5cc	Nancy	nanbowles@gmail.com	2fbe7423-78af-41b2-bb45-c68cf39c362d	\N	2026-04-30 20:24:06.443316+00	\N	\N	d0a953a9-5beb-40fe-bf53-f6b80926c6d6
\.


--
-- Data for Name: social_intent; Type: TABLE DATA; Schema: public; Owner: postgres
--

COPY "public"."social_intent" ("id", "event_id", "user_email", "keep_in_loop", "created_at") FROM stdin;
83aa83cf-ba9c-4f99-b6cd-24e96541010a	496ce5d6-5f23-403b-8e45-eeb13adfa441	teunvdberg@yahoo.co.uk	t	2026-04-07 19:46:40.057334+00
\.


--
-- Data for Name: vibe_responses; Type: TABLE DATA; Schema: public; Owner: postgres
--

COPY "public"."vibe_responses" ("id", "event_id", "guest_name", "selected_dates", "note", "created_at", "user_email") FROM stdin;
a22f6f56-0fd1-48d1-91ec-8a5191f32f1f	496ce5d6-5f23-403b-8e45-eeb13adfa441	Margot	{2026-05-15T17:30:00.000Z,2026-05-16T17:30:00.000Z,2026-05-22T17:30:00.000Z,2026-05-23T17:30:00.000Z,2026-05-29T17:30:00.000Z,2026-05-30T17:30:00.000Z}	\N	2026-04-20 12:50:19.609356+00	margot.delmotte@gmail.com
bb608ae5-a50c-4a17-94f1-6a1267fb354e	496ce5d6-5f23-403b-8e45-eeb13adfa441	Tracey	{2026-05-22T17:30:00.000Z,2026-05-29T17:30:00.000Z}	\N	2026-03-29 22:10:59.768635+00	heppwalker@hotmail.com
5d61cce4-8fae-4e3e-bfa3-b422eaa2d5a9	496ce5d6-5f23-403b-8e45-eeb13adfa441	Angela	{2026-05-15T17:30:00.000Z,2026-05-16T17:30:00.000Z,2026-05-22T17:30:00.000Z,2026-05-23T17:30:00.000Z,2026-05-29T17:30:00.000Z,2026-05-30T17:30:00.000Z}	\N	2026-04-28 07:46:45.307503+00	angelakerr345@gmail.com
8d89c1b0-eec7-4600-996f-636ec7768f40	496ce5d6-5f23-403b-8e45-eeb13adfa441	Carrie	{2026-05-15T17:30:00.000Z,2026-05-22T17:30:00.000Z}	\N	2026-04-28 10:34:51.709245+00	carvanam@hotmail.com
a0e0adbe-d40b-49a2-ac7c-46accc9e801e	496ce5d6-5f23-403b-8e45-eeb13adfa441	Devyani Sen	{2026-04-24T18:00:01.000Z,2026-05-15T17:30:00.000Z}	\N	2026-03-30 07:06:26.195183+00	devyani71@yahoo.com
1d276fbf-c533-4855-8fc0-b6d4a73677b1	4236fe44-9e8d-4d19-a7cb-6af7bdc1836e	Nancy	{2026-05-11T11:15:00.000Z,2026-05-18T11:30:00.000Z}	\N	2026-04-29 12:02:58.567779+00	nanbowles@gmail.com
a07cb51f-777e-4fa5-a3eb-e5c3f1e948ab	496ce5d6-5f23-403b-8e45-eeb13adfa441	retailnan	{}	\N	2026-04-20 14:11:36.529397+00	retailnan@gmail.com
0bea4c90-f88d-48fb-bc33-0362492ac04b	496ce5d6-5f23-403b-8e45-eeb13adfa441	Ria	{2026-05-16T17:30:00.000Z,2026-05-15T17:30:00.000Z}	I	2026-04-30 07:24:06.537507+00	riajones99@googlemail.com
45732c5c-d843-4d0c-91bb-d96b5cd76bc4	eabc3dc5-eae3-452e-a94c-c1831c5bd05d	Nancy	{2026-05-11T17:30:07.000Z,2026-05-18T17:30:17.000Z}	\N	2026-05-01 13:47:01.639011+00	nanbowles@gmail.com
f4fb28f4-e611-464d-bcb8-4e4c5ce912ee	eabc3dc5-eae3-452e-a94c-c1831c5bd05d	Zizipho Waxa	{2026-05-11T17:30:07.000Z}	\N	2026-05-01 13:56:53.392215+00	ms.waxa@gmail.com
5b03b8fa-438a-47c8-8b0b-9b7b09e504e5	eabc3dc5-eae3-452e-a94c-c1831c5bd05d	Karen	{2026-05-11T17:30:07.000Z}	\N	2026-05-01 14:35:35.612728+00	karen.rickers@netcologne.de
f052eac2-a4fa-4f22-b449-58727097fb90	496ce5d6-5f23-403b-8e45-eeb13adfa441	Marie Conroy	{2026-05-02T17:30:00.000Z,2026-05-15T17:30:00.000Z,2026-05-16T17:30:00.000Z,2026-05-22T17:30:00.000Z,2026-05-23T17:30:00.000Z,2026-05-29T17:30:00.000Z,2026-05-30T17:30:00.000Z}	Whoohooo	2026-04-01 10:21:52.925392+00	themarieconroy@gmail.com
672f0494-87d8-40a6-ba27-70986f630c1b	496ce5d6-5f23-403b-8e45-eeb13adfa441	Jenni Iyoyo	{2026-05-15T17:30:00.000Z,2026-05-16T17:30:00.000Z}	\N	2026-04-01 12:37:34.205301+00	jenni.iyoyo@gmail.com
\.


--
-- Data for Name: buckets; Type: TABLE DATA; Schema: storage; Owner: supabase_storage_admin
--

COPY "storage"."buckets" ("id", "name", "owner", "created_at", "updated_at", "public", "avif_autodetection", "file_size_limit", "allowed_mime_types", "owner_id", "type") FROM stdin;
covers	covers	\N	2026-02-13 14:22:29.877524+00	2026-02-13 14:22:29.877524+00	t	f	\N	\N	\N	STANDARD
avatars	avatars	\N	2026-02-23 15:28:46.255113+00	2026-02-23 15:28:46.255113+00	t	f	\N	\N	\N	STANDARD
\.


--
-- Data for Name: buckets_analytics; Type: TABLE DATA; Schema: storage; Owner: supabase_storage_admin
--

COPY "storage"."buckets_analytics" ("name", "type", "format", "created_at", "updated_at", "id", "deleted_at") FROM stdin;
\.


--
-- Data for Name: buckets_vectors; Type: TABLE DATA; Schema: storage; Owner: supabase_storage_admin
--

COPY "storage"."buckets_vectors" ("id", "type", "created_at", "updated_at") FROM stdin;
\.


--
-- Data for Name: objects; Type: TABLE DATA; Schema: storage; Owner: supabase_storage_admin
--

COPY "storage"."objects" ("id", "bucket_id", "name", "owner", "created_at", "updated_at", "last_accessed_at", "metadata", "version", "owner_id", "user_metadata") FROM stdin;
04695235-ec0e-4893-bf17-fceb2be8c542	covers	covers/e8b141d5-1e02-4639-a660-8e7fb704fbe7.jpg	\N	2026-02-13 14:24:22.731141+00	2026-02-13 14:24:22.731141+00	2026-02-13 14:24:22.731141+00	{"eTag": "\\"dba083cf6f98a58d5cbb2d1bba787429\\"", "size": 72104, "mimetype": "image/jpeg", "cacheControl": "max-age=3600", "lastModified": "2026-02-13T14:24:23.000Z", "contentLength": 72104, "httpStatusCode": 200}	0a363346-3c5c-485f-beb0-a42c6334f9c1	\N	{}
7122f364-2fd2-4ef9-b0bf-a4dcd2b62dc6	covers	cover_1772218654206.jpg	\N	2026-02-27 18:57:35.218822+00	2026-02-27 18:57:35.218822+00	2026-02-27 18:57:35.218822+00	{"eTag": "\\"721a9839440d3f2816b2fb37921a11db\\"", "size": 137788, "mimetype": "image/jpeg", "cacheControl": "max-age=3600", "lastModified": "2026-02-27T18:57:36.000Z", "contentLength": 137788, "httpStatusCode": 200}	8d8374bf-00d5-4e12-bdcd-aad00c16a321	\N	{}
c3c4d675-ab69-41d1-930d-2326f7585e0e	covers	covers/19562670-bf3f-44e9-be54-e7c1a3c2176d.jpg	\N	2026-02-13 14:43:34.185691+00	2026-02-13 14:43:34.185691+00	2026-02-13 14:43:34.185691+00	{"eTag": "\\"4a6163260962ed61bbffaa3af8f1c420\\"", "size": 145246, "mimetype": "image/jpeg", "cacheControl": "max-age=3600", "lastModified": "2026-02-13T14:43:35.000Z", "contentLength": 145246, "httpStatusCode": 200}	d56831fb-0bb4-4af5-a5c2-0236715765f0	\N	{}
74327bd5-bf95-4d3e-a6b6-99a1d722451a	covers	covers/6e493e1e-8955-4d7f-9c9f-84b16d557de2.jpg	\N	2026-02-14 06:07:04.523248+00	2026-02-14 06:07:04.523248+00	2026-02-14 06:07:04.523248+00	{"eTag": "\\"4a6163260962ed61bbffaa3af8f1c420\\"", "size": 145246, "mimetype": "image/jpeg", "cacheControl": "max-age=3600", "lastModified": "2026-02-14T06:07:05.000Z", "contentLength": 145246, "httpStatusCode": 200}	56e034ef-8168-4b4a-8266-a7ced77a6c9a	\N	{}
cac11ac6-d608-47d9-8f78-f5a02bf28950	covers	covers/4815893b-bdc6-4cce-b01c-75efa5c32e6c.jpg	\N	2026-02-14 16:40:33.242169+00	2026-02-14 16:40:33.242169+00	2026-02-14 16:40:33.242169+00	{"eTag": "\\"6f09324152efe0ca7dede445e8aa9844\\"", "size": 56698, "mimetype": "image/jpeg", "cacheControl": "max-age=3600", "lastModified": "2026-02-14T16:40:34.000Z", "contentLength": 56698, "httpStatusCode": 200}	c0c51bc6-1ffc-483e-a746-3c2296f170d5	\N	{}
0cfe9850-033d-4c38-8e7e-1b4a8c06c2e5	covers	covers/51f75058-6319-4829-a314-68d1f7b30efd.jpg	\N	2026-02-15 10:22:19.934888+00	2026-02-15 10:22:19.934888+00	2026-02-15 10:22:19.934888+00	{"eTag": "\\"dd6dba10524a2cc15e3a40a9072c772f\\"", "size": 189479, "mimetype": "image/jpeg", "cacheControl": "max-age=3600", "lastModified": "2026-02-15T10:22:20.000Z", "contentLength": 189479, "httpStatusCode": 200}	1741e61c-6946-4587-b522-acf943fbe10d	\N	{}
92138be4-c0ae-401c-b4de-ad3e69ecb922	avatars	retailnan_gmail_com_1772624687007.jpg	\N	2026-03-04 11:44:47.451973+00	2026-03-04 11:44:47.451973+00	2026-03-04 11:44:47.451973+00	{"eTag": "\\"7e8ebfe8f95475816325c7d585173d4e\\"", "size": 614241, "mimetype": "image/jpeg", "cacheControl": "max-age=3600", "lastModified": "2026-03-04T11:44:48.000Z", "contentLength": 614241, "httpStatusCode": 200}	01273d18-6b9d-48fa-8311-b2cfd7677d0d	\N	{}
d62171a2-e27e-464e-8523-320311bae487	covers	covers/e03f96f7-a288-413b-8753-c7baaf081307.jpg	\N	2026-02-15 13:58:23.804446+00	2026-02-15 13:58:23.804446+00	2026-02-15 13:58:23.804446+00	{"eTag": "\\"d1d5cec184ab62921d862ff8e1afcd71\\"", "size": 97236, "mimetype": "image/jpeg", "cacheControl": "max-age=3600", "lastModified": "2026-02-15T13:58:24.000Z", "contentLength": 97236, "httpStatusCode": 200}	272cc962-51a2-4ac8-bcb5-90479253a059	\N	{}
92fa729c-2626-44bc-a726-70f2ffdf6e22	covers	covers/2addcbe2-bfe5-41cc-bd65-ec91e8c059b5.jpg	\N	2026-02-15 14:02:44.474279+00	2026-02-15 14:02:44.474279+00	2026-02-15 14:02:44.474279+00	{"eTag": "\\"18a8d38512614a2835cc5b59b751c495\\"", "size": 282665, "mimetype": "image/jpeg", "cacheControl": "max-age=3600", "lastModified": "2026-02-15T14:02:45.000Z", "contentLength": 282665, "httpStatusCode": 200}	bd896693-083f-4751-8cc0-a486c5ac2621	\N	{}
5502b2cf-6c19-4d30-86db-6dcdd6301de6	avatars	admin_upd_angela_archive_local_1772625730860.jpg	\N	2026-03-04 12:02:11.353655+00	2026-03-04 12:02:11.353655+00	2026-03-04 12:02:11.353655+00	{"eTag": "\\"63c00cd990bf9b904fc390231749cadc\\"", "size": 198747, "mimetype": "image/jpeg", "cacheControl": "max-age=3600", "lastModified": "2026-03-04T12:02:12.000Z", "contentLength": 198747, "httpStatusCode": 200}	c4ffca1e-4bb3-495f-8ca4-64d72d2cb704	\N	{}
ac876af2-0ffe-4948-ba57-da71a9976168	avatars	admin_upd_cala_archive_local_1772625748968.jpg	\N	2026-03-04 12:02:31.398721+00	2026-03-04 12:02:31.398721+00	2026-03-04 12:02:31.398721+00	{"eTag": "\\"dafa509d257ca06db387193059c8645b\\"", "size": 52510, "mimetype": "image/jpeg", "cacheControl": "max-age=3600", "lastModified": "2026-03-04T12:02:32.000Z", "contentLength": 52510, "httpStatusCode": 200}	eedd3d5b-b642-44a8-abc8-385ffa39a6bf	\N	{}
b160a617-7281-44e5-a460-676d8a15983b	avatars	nanbowles_gmail_com_1772627180550.jpg	\N	2026-03-04 12:26:20.740941+00	2026-03-04 12:26:20.740941+00	2026-03-04 12:26:20.740941+00	{"eTag": "\\"5a0f38bf261a37e85fa2a5685525c8e7\\"", "size": 41747, "mimetype": "image/jpeg", "cacheControl": "max-age=3600", "lastModified": "2026-03-04T12:26:21.000Z", "contentLength": 41747, "httpStatusCode": 200}	aabdbe21-6fe8-4641-a08e-fe42598a09b4	\N	{}
9403b7ed-783f-45b4-92ad-e24524ca84df	covers	cover_1773012599330.jpg	e059c131-8b50-4492-aec0-6022839742db	2026-03-08 23:29:59.677435+00	2026-03-08 23:29:59.677435+00	2026-03-08 23:29:59.677435+00	{"eTag": "\\"2c3ad2041b9dc8fa3dd7d9431a006c29\\"", "size": 143978, "mimetype": "image/jpeg", "cacheControl": "max-age=3600", "lastModified": "2026-03-08T23:30:00.000Z", "contentLength": 143978, "httpStatusCode": 200}	0d5d09ab-c445-4aeb-914c-e3a2c8b2d7cb	e059c131-8b50-4492-aec0-6022839742db	{}
490b82b4-d967-4f2c-9c61-303026c63683	covers	cover_1773012640965.jpg	e059c131-8b50-4492-aec0-6022839742db	2026-03-08 23:30:41.438553+00	2026-03-08 23:30:41.438553+00	2026-03-08 23:30:41.438553+00	{"eTag": "\\"be0b3c1b689fa0b2dba4c3960afee53f\\"", "size": 617286, "mimetype": "image/jpeg", "cacheControl": "max-age=3600", "lastModified": "2026-03-08T23:30:42.000Z", "contentLength": 617286, "httpStatusCode": 200}	9b21006b-0f0a-4249-b394-169c9f48493d	e059c131-8b50-4492-aec0-6022839742db	{}
d5f4800e-3f7b-4c18-ba94-70e2234796de	avatars	delmotte_david_gmail_com__1772218478046.jpg	\N	2026-02-27 18:55:02.301957+00	2026-02-27 18:55:02.301957+00	2026-02-27 18:55:02.301957+00	{"eTag": "\\"10a52142f5d501ded526accad817b372\\"", "size": 665687, "mimetype": "image/jpeg", "cacheControl": "max-age=3600", "lastModified": "2026-02-27T18:55:03.000Z", "contentLength": 665687, "httpStatusCode": 200}	a41d0381-2737-43f6-bdd2-3058226903aa	\N	{}
b2e6846e-9b35-4b58-9656-22434f23994e	avatars	bodieh_gmail_com_1775507888331.jpg	7fbd3d98-b51a-4290-b714-a3a4100fc4e3	2026-04-06 20:38:07.920201+00	2026-04-06 20:38:07.920201+00	2026-04-06 20:38:07.920201+00	{"eTag": "\\"43123232bb01e6401ab6c67807c845ab\\"", "size": 225875, "mimetype": "image/jpeg", "cacheControl": "max-age=3600", "lastModified": "2026-04-06T20:38:08.000Z", "contentLength": 225875, "httpStatusCode": 200}	cccc1344-58af-4564-ba3a-26b17fe4235e	7fbd3d98-b51a-4290-b714-a3a4100fc4e3	{}
72188e79-4ed6-42ec-9a5c-6947c6e1e5a0	avatars	bowlesnan_gmail_com_1777107941841.jpg	85d7fe5c-5164-44f1-9153-f8c90072010c	2026-04-25 09:05:42.017497+00	2026-04-25 09:05:42.017497+00	2026-04-25 09:05:42.017497+00	{"eTag": "\\"5a2e9ab99f38066a1846e460d8a0e096\\"", "size": 50442, "mimetype": "image/jpeg", "cacheControl": "max-age=3600", "lastModified": "2026-04-25T09:05:42.000Z", "contentLength": 50442, "httpStatusCode": 200}	672e6a7e-84ce-48a3-826b-d14b768133e3	85d7fe5c-5164-44f1-9153-f8c90072010c	{}
3385f643-d127-4fab-950b-6c48f00f6a04	avatars	.emptyFolderPlaceholder	\N	2026-02-23 15:54:09.60159+00	2026-02-23 15:54:09.60159+00	2026-02-23 15:54:09.60159+00	{"eTag": "\\"d41d8cd98f00b204e9800998ecf8427e\\"", "size": 0, "mimetype": "application/octet-stream", "cacheControl": "max-age=3600", "lastModified": "2026-02-23T15:54:09.600Z", "contentLength": 0, "httpStatusCode": 200}	69268f6b-faf8-4bca-a3fd-32b2e5eca5d4	\N	{}
8052f614-6a97-4279-8ea1-6179af7fd8f3	avatars	Margot_example_com_1771862296031.jpg	\N	2026-02-23 15:58:16.313708+00	2026-02-23 15:58:16.313708+00	2026-02-23 15:58:16.313708+00	{"eTag": "\\"4fac5a238b62815357a58f8e8c9770ea\\"", "size": 38861, "mimetype": "image/jpeg", "cacheControl": "max-age=3600", "lastModified": "2026-02-23T15:58:17.000Z", "contentLength": 38861, "httpStatusCode": 200}	ea9eed24-0ce7-4f62-aa40-0ad208bc6910	\N	{}
5d98ad2e-0496-492f-804f-8dd14453ca0e	avatars	William_example_com_1771862327584.jpg	\N	2026-02-23 15:58:47.840658+00	2026-02-23 15:58:47.840658+00	2026-02-23 15:58:47.840658+00	{"eTag": "\\"ddb125c5ed1870aada779ef1c30b00a1\\"", "size": 40502, "mimetype": "image/jpeg", "cacheControl": "max-age=3600", "lastModified": "2026-02-23T15:58:48.000Z", "contentLength": 40502, "httpStatusCode": 200}	d2cf8890-4583-4768-a962-355e85724be4	\N	{}
416f0e7d-464f-412d-82e4-b57b7f62bd86	covers	cover_1771963630657.jpg	\N	2026-02-24 20:07:11.181342+00	2026-02-24 20:07:11.181342+00	2026-02-24 20:07:11.181342+00	{"eTag": "\\"5c17f51cc332a305917aa2baeece6e6d\\"", "size": 358773, "mimetype": "image/jpeg", "cacheControl": "max-age=3600", "lastModified": "2026-02-24T20:07:12.000Z", "contentLength": 358773, "httpStatusCode": 200}	69341069-8109-4359-a8bc-f06ec1448587	\N	{}
a50c75a0-21b0-41a8-8aae-92b43f445b8b	covers	cover_1771963772780.jpg	\N	2026-02-24 20:09:33.247189+00	2026-02-24 20:09:33.247189+00	2026-02-24 20:09:33.247189+00	{"eTag": "\\"611e3f5baa133b0575ec37e0f08230b5\\"", "size": 481833, "mimetype": "image/jpeg", "cacheControl": "max-age=3600", "lastModified": "2026-02-24T20:09:34.000Z", "contentLength": 481833, "httpStatusCode": 200}	5ad11e60-8b05-45ec-be0c-1d16c6ae9dab	\N	{}
98cd3657-1b67-42d6-87c2-f2d5e42044b6	covers	cover_1771964013768.jpg	\N	2026-02-24 20:13:34.12346+00	2026-02-24 20:13:34.12346+00	2026-02-24 20:13:34.12346+00	{"eTag": "\\"611e3f5baa133b0575ec37e0f08230b5\\"", "size": 481833, "mimetype": "image/jpeg", "cacheControl": "max-age=3600", "lastModified": "2026-02-24T20:13:35.000Z", "contentLength": 481833, "httpStatusCode": 200}	33cda7ca-a1db-4ce9-90e2-6d3f88e3cfa4	\N	{}
9bd24aeb-b3ec-46db-913d-b216f1717ac6	covers	cover_1771965137533.jpg	\N	2026-02-24 20:32:17.988141+00	2026-02-24 20:32:17.988141+00	2026-02-24 20:32:17.988141+00	{"eTag": "\\"e05487f29f646067c7b3f8cadce1fef8\\"", "size": 367246, "mimetype": "image/jpeg", "cacheControl": "max-age=3600", "lastModified": "2026-02-24T20:32:18.000Z", "contentLength": 367246, "httpStatusCode": 200}	c53dae3a-90cf-47b0-b140-88dc75d473b9	\N	{}
e093f3c6-1b58-421a-a985-18e614ec59ed	covers	cover_1771965981152.jpg	\N	2026-02-24 20:46:21.427986+00	2026-02-24 20:46:21.427986+00	2026-02-24 20:46:21.427986+00	{"eTag": "\\"52d999d17c70d0a4403848dbf89ef25d\\"", "size": 63906, "mimetype": "image/jpeg", "cacheControl": "max-age=3600", "lastModified": "2026-02-24T20:46:22.000Z", "contentLength": 63906, "httpStatusCode": 200}	21ee7f91-127c-4e1f-949f-3afa20d08530	\N	{}
0f0b5348-da12-44b8-9696-fe9d2682af27	covers	cover_1771966905837.jpg	\N	2026-02-24 21:01:46.10368+00	2026-02-24 21:01:46.10368+00	2026-02-24 21:01:46.10368+00	{"eTag": "\\"f8da05ae44783734edeb721b1d6f9cf9\\"", "size": 117009, "mimetype": "image/jpeg", "cacheControl": "max-age=3600", "lastModified": "2026-02-24T21:01:47.000Z", "contentLength": 117009, "httpStatusCode": 200}	a77b351a-67ca-4a86-a4ef-0f8a28b2423a	\N	{}
c04bb0ca-144b-455c-8b84-57bdd554fd44	covers	cover_1771967467381.jpg	\N	2026-02-24 21:11:08.105802+00	2026-02-24 21:11:08.105802+00	2026-02-24 21:11:08.105802+00	{"eTag": "\\"1d6683752a9caa3b03fd158c8ae07c44\\"", "size": 74243, "mimetype": "image/jpeg", "cacheControl": "max-age=3600", "lastModified": "2026-02-24T21:11:09.000Z", "contentLength": 74243, "httpStatusCode": 200}	6cb16b22-e479-4c10-b3b2-b81ccc7a3d34	\N	{}
038e391b-2fca-455e-bdbd-ef22db4e0358	covers	cover_1771971600262.jpg	\N	2026-02-24 22:20:00.798103+00	2026-02-24 22:20:00.798103+00	2026-02-24 22:20:00.798103+00	{"eTag": "\\"cc76affdaf609fa59ad2b601b9364e55\\"", "size": 174793, "mimetype": "image/jpeg", "cacheControl": "max-age=3600", "lastModified": "2026-02-24T22:20:01.000Z", "contentLength": 174793, "httpStatusCode": 200}	23b5e8cc-0f84-48a4-93c3-5caedefea363	\N	{}
3bf1627f-dc70-4138-aa40-5068370c0438	covers	cover_1772002451690.jpg	\N	2026-02-25 06:54:12.047298+00	2026-02-25 06:54:12.047298+00	2026-02-25 06:54:12.047298+00	{"eTag": "\\"39e2fe36b9eb944f0fe2bc70cea44edf\\"", "size": 79370, "mimetype": "image/jpeg", "cacheControl": "max-age=3600", "lastModified": "2026-02-25T06:54:13.000Z", "contentLength": 79370, "httpStatusCode": 200}	a9fb07fd-cd20-415c-b8d7-d975d2dcfc83	\N	{}
d72f729f-8893-46ac-859c-34fcc1b17914	avatars	retailnan_gmail_com_1772134859891.jpg	\N	2026-02-26 19:41:00.032636+00	2026-02-26 19:41:00.032636+00	2026-02-26 19:41:00.032636+00	{"eTag": "\\"d4d6027379ee50294a7adb1817631079\\"", "size": 120694, "mimetype": "image/jpeg", "cacheControl": "max-age=3600", "lastModified": "2026-02-26T19:41:00.000Z", "contentLength": 120694, "httpStatusCode": 200}	9fbb1b3e-f863-4f9e-90c7-e25ef61c11e3	\N	{}
f79cd79d-5501-46db-8afb-dcfe88a1a61a	avatars	nanbowles_gmail_com_1772143375318.jpg	\N	2026-02-26 22:02:55.598203+00	2026-02-26 22:02:55.598203+00	2026-02-26 22:02:55.598203+00	{"eTag": "\\"773065957bb62b3f37e876d0fddb3e74\\"", "size": 41647, "mimetype": "image/jpeg", "cacheControl": "max-age=3600", "lastModified": "2026-02-26T22:02:56.000Z", "contentLength": 41647, "httpStatusCode": 200}	416cbfc1-8208-4bf1-896c-2bb934b42415	\N	{}
cbf1baaa-9217-4817-ad5b-c9941ca351cf	avatars	nanbowles_gmail_com_1773246534313.jpg	e059c131-8b50-4492-aec0-6022839742db	2026-03-11 16:28:54.675517+00	2026-03-11 16:28:54.675517+00	2026-03-11 16:28:54.675517+00	{"eTag": "\\"2b4d182c019c47e913ec3e2ea22f82f5\\"", "size": 67056, "mimetype": "image/jpeg", "cacheControl": "max-age=3600", "lastModified": "2026-03-11T16:28:55.000Z", "contentLength": 67056, "httpStatusCode": 200}	f51af4f4-c681-47d9-9d47-1560008a7b96	e059c131-8b50-4492-aec0-6022839742db	{}
e5436605-9e5f-4d66-9467-b9b6cefc4907	avatars	nanbowles_gmail_com_1776673370584.jpg	2fbe7423-78af-41b2-bb45-c68cf39c362d	2026-04-20 08:22:53.374945+00	2026-04-20 08:22:53.374945+00	2026-04-20 08:22:53.374945+00	{"eTag": "\\"aa291503dedec94e6bbedccac5b4c470-2\\"", "size": 8065914, "mimetype": "image/jpeg", "cacheControl": "max-age=3600", "lastModified": "2026-04-20T08:22:54.000Z", "contentLength": 8065914, "httpStatusCode": 200}	dcff8346-1abc-482e-9857-321cc1d88753	2fbe7423-78af-41b2-bb45-c68cf39c362d	{}
f202b86d-c07f-4a14-b8ee-6da4b10120ae	avatars	eden_madrone_gmail_com_1773305303215.jpg	5b82b029-f075-41ac-82a7-bc928e1ccc0a	2026-03-12 08:48:24.806731+00	2026-03-12 08:48:24.806731+00	2026-03-12 08:48:24.806731+00	{"eTag": "\\"32b80955d5e4562490bfbb0d8d8d681d\\"", "size": 287849, "mimetype": "image/jpeg", "cacheControl": "max-age=3600", "lastModified": "2026-03-12T08:48:25.000Z", "contentLength": 287849, "httpStatusCode": 200}	e93fa78f-378f-45ad-8d78-f8d535e0d734	5b82b029-f075-41ac-82a7-bc928e1ccc0a	{}
902862d0-3fab-4c05-9c4c-f42e55ea6d2f	avatars	nanbowles_gmail_com_1773614132351.jpg	0df6cc90-8d8a-4ac9-8c20-2c77792d5771	2026-03-15 22:35:32.774938+00	2026-03-15 22:35:32.774938+00	2026-03-15 22:35:32.774938+00	{"eTag": "\\"f36ca4ff9188224f37e60e5240c4334a\\"", "size": 177131, "mimetype": "image/jpeg", "cacheControl": "max-age=3600", "lastModified": "2026-03-15T22:35:33.000Z", "contentLength": 177131, "httpStatusCode": 200}	8391e868-f6df-4386-a081-b00713a0b726	0df6cc90-8d8a-4ac9-8c20-2c77792d5771	{}
011f4133-7de3-41fc-ac1c-3bec005240ea	avatars	bowlesnan_gmail_com_1776673427922.jpg	b6b1637f-4e40-414b-91ab-147b427a4cc2	2026-04-20 08:23:48.141497+00	2026-04-20 08:23:48.141497+00	2026-04-20 08:23:48.141497+00	{"eTag": "\\"08b75f0f04f41d64faccb1fa9df1ae35\\"", "size": 102453, "mimetype": "image/jpeg", "cacheControl": "max-age=3600", "lastModified": "2026-04-20T08:23:49.000Z", "contentLength": 102453, "httpStatusCode": 200}	afc2b6ed-4f21-4eab-88d5-02bc472d1ad4	b6b1637f-4e40-414b-91ab-147b427a4cc2	{}
62cc82f6-f647-44e4-9a8a-44d207f8a4d7	covers	cover_1773614614210.jpg	0df6cc90-8d8a-4ac9-8c20-2c77792d5771	2026-03-15 22:43:35.292604+00	2026-03-15 22:43:35.292604+00	2026-03-15 22:43:35.292604+00	{"eTag": "\\"753632ce6c06c60efade0262967c5fd1\\"", "size": 1731849, "mimetype": "image/jpeg", "cacheControl": "max-age=3600", "lastModified": "2026-03-15T22:43:36.000Z", "contentLength": 1731849, "httpStatusCode": 200}	31d00daa-90e1-4bbd-a8a9-dbb19b76168f	0df6cc90-8d8a-4ac9-8c20-2c77792d5771	{}
c528356c-6d8f-42cd-93d4-f4302417f81d	avatars	retailnan_gmail_com_1773688617221.jpg	97e6aba5-5754-47b7-88e7-ac4ccd3b14c0	2026-03-16 19:16:57.472514+00	2026-03-16 19:16:57.472514+00	2026-03-16 19:16:57.472514+00	{"eTag": "\\"4c702e3cb991cfb46f585c13a59f813b\\"", "size": 125463, "mimetype": "image/jpeg", "cacheControl": "max-age=3600", "lastModified": "2026-03-16T19:16:58.000Z", "contentLength": 125463, "httpStatusCode": 200}	b8fe612c-4bf4-4636-9214-34e37eff8353	97e6aba5-5754-47b7-88e7-ac4ccd3b14c0	{}
b3d6ac38-09c5-4d60-991b-bc48440084ed	avatars	bowlesnan_gmail_com_1777116691950.jpg	85d7fe5c-5164-44f1-9153-f8c90072010c	2026-04-25 11:31:32.198077+00	2026-04-25 11:31:32.198077+00	2026-04-25 11:31:32.198077+00	{"eTag": "\\"44469bb3bda7109784c2362dc4488cd0\\"", "size": 107247, "mimetype": "image/jpeg", "cacheControl": "max-age=3600", "lastModified": "2026-04-25T11:31:33.000Z", "contentLength": 107247, "httpStatusCode": 200}	2c9a8272-4194-4565-bbc3-e6aed4fb8671	85d7fe5c-5164-44f1-9153-f8c90072010c	{}
91118fbc-b829-4b71-9314-391904efbc37	avatars	retailnan_gmail_com_1773688690811.jpg	97e6aba5-5754-47b7-88e7-ac4ccd3b14c0	2026-03-16 19:18:10.851861+00	2026-03-16 19:18:10.851861+00	2026-03-16 19:18:10.851861+00	{"eTag": "\\"fc527a0151469ddb321169f77974b3c3\\"", "size": 43401, "mimetype": "image/jpeg", "cacheControl": "max-age=3600", "lastModified": "2026-03-16T19:18:11.000Z", "contentLength": 43401, "httpStatusCode": 200}	cac81c25-f2a8-4064-9b46-22b6656eed6c	97e6aba5-5754-47b7-88e7-ac4ccd3b14c0	{}
a36f85ab-05a7-4e63-a455-daf7d97ac303	avatars	nanbowles_gmail_com_1773691924606.jpg	0df6cc90-8d8a-4ac9-8c20-2c77792d5771	2026-03-16 20:12:04.939859+00	2026-03-16 20:12:04.939859+00	2026-03-16 20:12:04.939859+00	{"eTag": "\\"66822cecff3ffc04e2e76313454d252d\\"", "size": 189123, "mimetype": "image/jpeg", "cacheControl": "max-age=3600", "lastModified": "2026-03-16T20:12:05.000Z", "contentLength": 189123, "httpStatusCode": 200}	0b843c31-f474-4202-a295-80f510842a39	0df6cc90-8d8a-4ac9-8c20-2c77792d5771	{}
d8b243d1-0e24-4615-bf03-93010182b679	avatars	nanbowles_gmail_com_1773710123380.jpg	0df6cc90-8d8a-4ac9-8c20-2c77792d5771	2026-03-17 01:15:23.771133+00	2026-03-17 01:15:23.771133+00	2026-03-17 01:15:23.771133+00	{"eTag": "\\"1b54b952653212240bfdbff84b59fdeb\\"", "size": 31237, "mimetype": "image/jpeg", "cacheControl": "max-age=3600", "lastModified": "2026-03-17T01:15:24.000Z", "contentLength": 31237, "httpStatusCode": 200}	7298b903-7598-41c9-8e90-f8d702a6b450	0df6cc90-8d8a-4ac9-8c20-2c77792d5771	{}
7c453524-d3d2-4222-8005-ccb931e5725e	avatars	eden_madrone_gmail_com_1773775625942.jpg	32b2f616-b248-41e8-9352-dcf548fbfc02	2026-03-17 19:27:06.328008+00	2026-03-17 19:27:06.328008+00	2026-03-17 19:27:06.328008+00	{"eTag": "\\"f1857d86d43066e080a0880b37e38432\\"", "size": 139406, "mimetype": "image/jpeg", "cacheControl": "max-age=3600", "lastModified": "2026-03-17T19:27:07.000Z", "contentLength": 139406, "httpStatusCode": 200}	7b367942-3f6b-4d9e-90b0-c4e6da585d1d	32b2f616-b248-41e8-9352-dcf548fbfc02	{}
d681a204-6806-4a90-ab67-1a4632f123ef	avatars	nanbowles_gmail_com_1773870420782.jpg	0df6cc90-8d8a-4ac9-8c20-2c77792d5771	2026-03-18 21:47:01.099338+00	2026-03-18 21:47:01.099338+00	2026-03-18 21:47:01.099338+00	{"eTag": "\\"d0aebe26b4e8c4d0eded8535edf738bc\\"", "size": 175693, "mimetype": "image/jpeg", "cacheControl": "max-age=3600", "lastModified": "2026-03-18T21:47:02.000Z", "contentLength": 175693, "httpStatusCode": 200}	011dc92e-cb06-4891-8cc9-d01290ee9686	0df6cc90-8d8a-4ac9-8c20-2c77792d5771	{}
718d2f4b-2b50-4f67-903b-a0368467149f	avatars	nanbowles_gmail_com_1773879789596.jpg	0df6cc90-8d8a-4ac9-8c20-2c77792d5771	2026-03-19 00:23:10.049822+00	2026-03-19 00:23:10.049822+00	2026-03-19 00:23:10.049822+00	{"eTag": "\\"fd0fec61d787e882f970699a157debe2\\"", "size": 40341, "mimetype": "image/jpeg", "cacheControl": "max-age=3600", "lastModified": "2026-03-19T00:23:11.000Z", "contentLength": 40341, "httpStatusCode": 200}	a455b317-5586-43fa-b709-486a702484ca	0df6cc90-8d8a-4ac9-8c20-2c77792d5771	{}
cca34287-5ca3-44c9-8370-2f2c8025078a	covers	cover_1773922578298.jpg	32b2f616-b248-41e8-9352-dcf548fbfc02	2026-03-19 12:16:18.586815+00	2026-03-19 12:16:18.586815+00	2026-03-19 12:16:18.586815+00	{"eTag": "\\"39e2fe36b9eb944f0fe2bc70cea44edf\\"", "size": 79370, "mimetype": "image/jpeg", "cacheControl": "max-age=3600", "lastModified": "2026-03-19T12:16:19.000Z", "contentLength": 79370, "httpStatusCode": 200}	2ae59910-2846-4131-9f88-803205fd0f80	32b2f616-b248-41e8-9352-dcf548fbfc02	{}
08851c43-87b4-4a4a-9943-d15f62694e58	avatars	nanbowles_gmail_com_1776674476828.jpg	2fbe7423-78af-41b2-bb45-c68cf39c362d	2026-04-20 08:41:18.295675+00	2026-04-20 08:41:18.295675+00	2026-04-20 08:41:18.295675+00	{"eTag": "\\"fa22fe596850309f2a90f9512a583f79\\"", "size": 118082, "mimetype": "image/jpeg", "cacheControl": "max-age=3600", "lastModified": "2026-04-20T08:41:19.000Z", "contentLength": 118082, "httpStatusCode": 200}	24bdcd89-ab71-4a74-874b-d0ed4eb690cb	2fbe7423-78af-41b2-bb45-c68cf39c362d	{}
258198fe-ceb7-4872-921e-9e75bfec2580	covers	cover_1773927664356.jpg	32b2f616-b248-41e8-9352-dcf548fbfc02	2026-03-19 13:41:04.907552+00	2026-03-19 13:41:04.907552+00	2026-03-19 13:41:04.907552+00	{"eTag": "\\"1bf0830861bfb185e670e001125f0cf3\\"", "size": 66320, "mimetype": "image/jpeg", "cacheControl": "max-age=3600", "lastModified": "2026-03-19T13:41:05.000Z", "contentLength": 66320, "httpStatusCode": 200}	ba96eb34-f551-4320-b363-e2799ef9d8d5	32b2f616-b248-41e8-9352-dcf548fbfc02	{}
ede68dc5-910c-49a4-a84a-a6330c292e23	covers	cover_1773928798532.jpg	32b2f616-b248-41e8-9352-dcf548fbfc02	2026-03-19 13:59:59.095008+00	2026-03-19 13:59:59.095008+00	2026-03-19 13:59:59.095008+00	{"eTag": "\\"611e3f5baa133b0575ec37e0f08230b5\\"", "size": 481833, "mimetype": "image/jpeg", "cacheControl": "max-age=3600", "lastModified": "2026-03-19T14:00:00.000Z", "contentLength": 481833, "httpStatusCode": 200}	a4bdfe27-19ba-4b23-8971-9fed652af29c	32b2f616-b248-41e8-9352-dcf548fbfc02	{}
dd26f714-a64c-4750-90d0-010fb651d76b	avatars	nanbowles_gmail_com_1776674504810.jpg	2fbe7423-78af-41b2-bb45-c68cf39c362d	2026-04-20 08:41:45.160142+00	2026-04-20 08:41:45.160142+00	2026-04-20 08:41:45.160142+00	{"eTag": "\\"d47ed52a1c47cbc049e268cc89725232\\"", "size": 329365, "mimetype": "image/jpeg", "cacheControl": "max-age=3600", "lastModified": "2026-04-20T08:41:46.000Z", "contentLength": 329365, "httpStatusCode": 200}	a6b148a8-8bb1-4b44-bc43-89e8d545d79a	2fbe7423-78af-41b2-bb45-c68cf39c362d	{}
353fbf63-f848-4a8a-af4e-2dc6b15f8835	covers	cover_1773929248986.jpg	0df6cc90-8d8a-4ac9-8c20-2c77792d5771	2026-03-19 14:07:29.652147+00	2026-03-19 14:07:29.652147+00	2026-03-19 14:07:29.652147+00	{"eTag": "\\"3426fde57bc3e5619a61b714d1031f30\\"", "size": 325361, "mimetype": "image/jpeg", "cacheControl": "max-age=3600", "lastModified": "2026-03-19T14:07:30.000Z", "contentLength": 325361, "httpStatusCode": 200}	0e2f6168-0bfb-4932-8d7b-81d4bb68f768	0df6cc90-8d8a-4ac9-8c20-2c77792d5771	{}
d2fe109f-2b23-4459-8a90-06ba3c783b3a	covers	cover_1773929262435.jpg	0df6cc90-8d8a-4ac9-8c20-2c77792d5771	2026-03-19 14:07:43.169507+00	2026-03-19 14:07:43.169507+00	2026-03-19 14:07:43.169507+00	{"eTag": "\\"66d814f49fec3ff1bec46d04e5c0a8e9\\"", "size": 763211, "mimetype": "image/jpeg", "cacheControl": "max-age=3600", "lastModified": "2026-03-19T14:07:44.000Z", "contentLength": 763211, "httpStatusCode": 200}	7b1af106-551a-455e-bf42-ee5fbd239232	0df6cc90-8d8a-4ac9-8c20-2c77792d5771	{}
deda6168-c44a-4f02-8d86-571c0277249f	avatars	bowlesnan_gmail_com_1776674561217.jpg	b6b1637f-4e40-414b-91ab-147b427a4cc2	2026-04-20 08:42:41.491131+00	2026-04-20 08:42:41.491131+00	2026-04-20 08:42:41.491131+00	{"eTag": "\\"890603905bc2bd3432e7761f83d67668\\"", "size": 171842, "mimetype": "image/jpeg", "cacheControl": "max-age=3600", "lastModified": "2026-04-20T08:42:42.000Z", "contentLength": 171842, "httpStatusCode": 200}	37467cfa-a109-431b-bbc4-3bcca66772c8	b6b1637f-4e40-414b-91ab-147b427a4cc2	{}
04aabf4e-449a-4562-940e-e27f7857593b	avatars	nanbowles_gmail_com_1773929784903.jpg	0df6cc90-8d8a-4ac9-8c20-2c77792d5771	2026-03-19 14:16:25.406734+00	2026-03-19 14:16:25.406734+00	2026-03-19 14:16:25.406734+00	{"eTag": "\\"63633ecf6a4b191c91e6f49025b69296\\"", "size": 102357, "mimetype": "image/jpeg", "cacheControl": "max-age=3600", "lastModified": "2026-03-19T14:16:26.000Z", "contentLength": 102357, "httpStatusCode": 200}	8c68c4ff-790f-4d4a-af89-deea7eb0b1e7	0df6cc90-8d8a-4ac9-8c20-2c77792d5771	{}
2a8afa5f-cb45-44d2-9560-02aae80eb1e5	avatars	nanbowles_gmail_com_1773929806156.jpg	0df6cc90-8d8a-4ac9-8c20-2c77792d5771	2026-03-19 14:16:46.488499+00	2026-03-19 14:16:46.488499+00	2026-03-19 14:16:46.488499+00	{"eTag": "\\"fe0b538b42c9b8471952e59c1a88ed34\\"", "size": 175745, "mimetype": "image/jpeg", "cacheControl": "max-age=3600", "lastModified": "2026-03-19T14:16:47.000Z", "contentLength": 175745, "httpStatusCode": 200}	b6ccf5a5-429c-4311-abe9-2da9e6e0cc40	0df6cc90-8d8a-4ac9-8c20-2c77792d5771	{}
6d1cdcbd-cdfb-47d2-9574-60c1d4bc0cd9	avatars	nanbowles_gmail_com_1774025286380.jpg	e9981991-04f8-461a-80c7-494959ac8fe2	2026-03-20 16:48:06.977202+00	2026-03-20 16:48:06.977202+00	2026-03-20 16:48:06.977202+00	{"eTag": "\\"65c7bf7af0aa081ae267bbeda42abd63\\"", "size": 179473, "mimetype": "image/jpeg", "cacheControl": "max-age=3600", "lastModified": "2026-03-20T16:48:07.000Z", "contentLength": 179473, "httpStatusCode": 200}	26457f20-be2e-4ec9-95e8-9051e9ae7680	e9981991-04f8-461a-80c7-494959ac8fe2	{}
80107c02-88da-4909-9009-400b5767676f	avatars	bowlesnan_gmail_com_1774025359053.jpg	2faa5222-3d2c-4856-aaad-28597ebb4aaa	2026-03-20 16:49:19.484882+00	2026-03-20 16:49:19.484882+00	2026-03-20 16:49:19.484882+00	{"eTag": "\\"58506916d6167fc22150a25ea2f59922\\"", "size": 713877, "mimetype": "image/jpeg", "cacheControl": "max-age=3600", "lastModified": "2026-03-20T16:49:20.000Z", "contentLength": 713877, "httpStatusCode": 200}	1543c745-aaa4-46ed-880c-12d764fb10a8	2faa5222-3d2c-4856-aaad-28597ebb4aaa	{}
86db3682-f97e-4eab-9ee6-e0e1a0a8212e	avatars	retailnan_gmail_com_1774025411601.jpg	b0d521db-3728-4878-8c3c-5594f849fda1	2026-03-20 16:50:12.096172+00	2026-03-20 16:50:12.096172+00	2026-03-20 16:50:12.096172+00	{"eTag": "\\"32b80955d5e4562490bfbb0d8d8d681d\\"", "size": 287849, "mimetype": "image/jpeg", "cacheControl": "max-age=3600", "lastModified": "2026-03-20T16:50:13.000Z", "contentLength": 287849, "httpStatusCode": 200}	b679bff1-7da1-4914-b7bb-55d064a00451	b0d521db-3728-4878-8c3c-5594f849fda1	{}
98adf3db-2e95-4f02-9767-005cb8f8496f	avatars	nanbowles_gmail_com_1774095752340.jpg	468f469b-5ef8-4866-aba0-6ef75e89e4ce	2026-03-21 12:22:32.608883+00	2026-03-21 12:22:32.608883+00	2026-03-21 12:22:32.608883+00	{"eTag": "\\"d8063a5ac84070431f918ba7846fa9c2\\"", "size": 41191, "mimetype": "image/jpeg", "cacheControl": "max-age=3600", "lastModified": "2026-03-21T12:22:33.000Z", "contentLength": 41191, "httpStatusCode": 200}	0c9d32c1-ef70-446f-ae63-fdf6d76f2640	468f469b-5ef8-4866-aba0-6ef75e89e4ce	{}
025e1c49-a359-4bc0-bd66-cb161a473565	avatars	bowlesnan_gmail_com_1774095829554.jpg	7b62d994-5e6b-4a59-b17d-9aa6bc380747	2026-03-21 12:23:50.063865+00	2026-03-21 12:23:50.063865+00	2026-03-21 12:23:50.063865+00	{"eTag": "\\"58506916d6167fc22150a25ea2f59922\\"", "size": 713877, "mimetype": "image/jpeg", "cacheControl": "max-age=3600", "lastModified": "2026-03-21T12:23:50.000Z", "contentLength": 713877, "httpStatusCode": 200}	ff975a53-d371-4f2b-9da1-0c68f682d25b	7b62d994-5e6b-4a59-b17d-9aa6bc380747	{}
8ff3cd89-ee60-4f9a-a04f-8281d4fbbfd3	avatars	bowlesnan_gmail_com_1776674601379.jpg	b6b1637f-4e40-414b-91ab-147b427a4cc2	2026-04-20 08:43:21.469561+00	2026-04-20 08:43:21.469561+00	2026-04-20 08:43:21.469561+00	{"eTag": "\\"7b136659e54f0008c67557c0ec08c6cd\\"", "size": 42512, "mimetype": "image/jpeg", "cacheControl": "max-age=3600", "lastModified": "2026-04-20T08:43:22.000Z", "contentLength": 42512, "httpStatusCode": 200}	1290129d-0820-4824-b088-6e8a4d89f863	b6b1637f-4e40-414b-91ab-147b427a4cc2	{}
9898a867-6051-4565-9f0a-fe8d9515e148	avatars	retailnan_gmail_com_1774208031266.jpg	a3f93b12-c7c4-485b-b653-3b11b1c08d89	2026-03-22 19:33:51.671774+00	2026-03-22 19:33:51.671774+00	2026-03-22 19:33:51.671774+00	{"eTag": "\\"202cef41079d539e6fdc54aab408958a\\"", "size": 139545, "mimetype": "image/jpeg", "cacheControl": "max-age=3600", "lastModified": "2026-03-22T19:33:52.000Z", "contentLength": 139545, "httpStatusCode": 200}	7c905253-16a9-4b7f-85a0-748ca760b8aa	a3f93b12-c7c4-485b-b653-3b11b1c08d89	{}
e00ef7a7-1d39-4305-9bc4-511997d56d5d	avatars	bowlesnan_gmail_com_1777116920205.jpg	85d7fe5c-5164-44f1-9153-f8c90072010c	2026-04-25 11:35:20.574812+00	2026-04-25 11:35:20.574812+00	2026-04-25 11:35:20.574812+00	{"eTag": "\\"721061d23035547d6e769bc218b31a74\\"", "size": 31723, "mimetype": "image/jpeg", "cacheControl": "max-age=3600", "lastModified": "2026-04-25T11:35:21.000Z", "contentLength": 31723, "httpStatusCode": 200}	897cba01-2577-4eaf-9f62-3b97f2d865c4	85d7fe5c-5164-44f1-9153-f8c90072010c	{}
07caaad8-9fac-4368-83d1-27452d9a69fc	avatars	nanbowles_gmail_com_1774266575857.jpg	2fbe7423-78af-41b2-bb45-c68cf39c362d	2026-03-23 11:49:36.127509+00	2026-03-23 11:49:36.127509+00	2026-03-23 11:49:36.127509+00	{"eTag": "\\"5a0f38bf261a37e85fa2a5685525c8e7\\"", "size": 41747, "mimetype": "image/jpeg", "cacheControl": "max-age=3600", "lastModified": "2026-03-23T11:49:37.000Z", "contentLength": 41747, "httpStatusCode": 200}	651eed2e-bdb7-45bd-8555-03252a8a5924	2fbe7423-78af-41b2-bb45-c68cf39c362d	{}
a7d0a611-b1fb-4642-badb-77e08a5791ca	covers	cover_1777558056680.jpg	a0466c75-e1ca-4787-b00d-eb85a2810c2d	2026-04-30 14:07:38.185774+00	2026-04-30 14:07:38.185774+00	2026-04-30 14:07:38.185774+00	{"eTag": "\\"4e00352bbb7fa27dc764a3f9306adf70\\"", "size": 1292839, "mimetype": "image/jpeg", "cacheControl": "max-age=3600", "lastModified": "2026-04-30T14:07:39.000Z", "contentLength": 1292839, "httpStatusCode": 200}	075c4f79-e2d0-4efa-a3bd-70f8fed03fd7	a0466c75-e1ca-4787-b00d-eb85a2810c2d	{}
15a9e180-8f07-4dbf-b9b3-15996d3fdcca	avatars	bowlesnan_gmail_com_1774278767050.jpg	b6b1637f-4e40-414b-91ab-147b427a4cc2	2026-03-23 15:12:48.016888+00	2026-03-23 15:12:48.016888+00	2026-03-23 15:12:48.016888+00	{"eTag": "\\"58506916d6167fc22150a25ea2f59922\\"", "size": 713877, "mimetype": "image/jpeg", "cacheControl": "max-age=3600", "lastModified": "2026-03-23T15:12:48.000Z", "contentLength": 713877, "httpStatusCode": 200}	1bc18596-7f65-4b37-825f-4d564db9112d	b6b1637f-4e40-414b-91ab-147b427a4cc2	{}
694d5ace-7a0f-404b-83ae-d1d024539b82	avatars	bowlesnan_gmail_com_1774278801419.jpg	b6b1637f-4e40-414b-91ab-147b427a4cc2	2026-03-23 15:13:21.705517+00	2026-03-23 15:13:21.705517+00	2026-03-23 15:13:21.705517+00	{"eTag": "\\"f019df342d7bcabdb8404f9e4baf14ad\\"", "size": 220592, "mimetype": "image/jpeg", "cacheControl": "max-age=3600", "lastModified": "2026-03-23T15:13:22.000Z", "contentLength": 220592, "httpStatusCode": 200}	2faf0084-3196-4dc7-87b9-c5d9e7638e6f	b6b1637f-4e40-414b-91ab-147b427a4cc2	{}
9cc88f00-10a6-4102-9fbd-8c6ba9465583	avatars	retailnan_gmail_com_1774280171722.jpg	8c46104a-aa0a-496a-a280-4f77997be1c3	2026-03-23 15:36:12.007958+00	2026-03-23 15:36:12.007958+00	2026-03-23 15:36:12.007958+00	{"eTag": "\\"e8a175d676472826b96f53181dac9f3c\\"", "size": 73248, "mimetype": "image/jpeg", "cacheControl": "max-age=3600", "lastModified": "2026-03-23T15:36:12.000Z", "contentLength": 73248, "httpStatusCode": 200}	11f92745-9622-4e26-9278-082a28133043	8c46104a-aa0a-496a-a280-4f77997be1c3	{}
6f0c25ef-9822-4765-91bf-872147807c94	avatars	nanbowles_gmail_com_1774517965438.jpg	2fbe7423-78af-41b2-bb45-c68cf39c362d	2026-03-26 09:39:25.738299+00	2026-03-26 09:39:25.738299+00	2026-03-26 09:39:25.738299+00	{"eTag": "\\"a71ea145d2ea9659633ad1e4902512c2\\"", "size": 177093, "mimetype": "image/jpeg", "cacheControl": "max-age=3600", "lastModified": "2026-03-26T09:39:26.000Z", "contentLength": 177093, "httpStatusCode": 200}	3f2783d2-233c-457a-83cf-6a9f0d8ec842	2fbe7423-78af-41b2-bb45-c68cf39c362d	{}
1325c43e-5c03-4fb7-93d6-a8545b09d6f7	avatars	bowlesnan_gmail_com_1774518029999.jpg	b6b1637f-4e40-414b-91ab-147b427a4cc2	2026-03-26 09:40:30.674861+00	2026-03-26 09:40:30.674861+00	2026-03-26 09:40:30.674861+00	{"eTag": "\\"58506916d6167fc22150a25ea2f59922\\"", "size": 713877, "mimetype": "image/jpeg", "cacheControl": "max-age=3600", "lastModified": "2026-03-26T09:40:31.000Z", "contentLength": 713877, "httpStatusCode": 200}	b70d36c3-5fe2-4113-9863-a3807ed0724e	b6b1637f-4e40-414b-91ab-147b427a4cc2	{}
493a7c2e-e13c-4d90-af6d-82e2c005daa5	avatars	bowlesnan_gmail_com_1774519283826.jpg	b6b1637f-4e40-414b-91ab-147b427a4cc2	2026-03-26 10:01:24.727026+00	2026-03-26 10:01:24.727026+00	2026-03-26 10:01:24.727026+00	{"eTag": "\\"58506916d6167fc22150a25ea2f59922\\"", "size": 713877, "mimetype": "image/jpeg", "cacheControl": "max-age=3600", "lastModified": "2026-03-26T10:01:25.000Z", "contentLength": 713877, "httpStatusCode": 200}	cfe4f7dc-0cde-49bd-9b22-9e0f3569a731	b6b1637f-4e40-414b-91ab-147b427a4cc2	{}
a68a8373-7121-43bb-874b-690b41b0297b	avatars	bowlesnan_gmail_com_1774524078393.jpg	b6b1637f-4e40-414b-91ab-147b427a4cc2	2026-03-26 11:21:20.767308+00	2026-03-26 11:21:20.767308+00	2026-03-26 11:21:20.767308+00	{"eTag": "\\"58506916d6167fc22150a25ea2f59922\\"", "size": 713877, "mimetype": "image/jpeg", "cacheControl": "max-age=3600", "lastModified": "2026-03-26T11:21:21.000Z", "contentLength": 713877, "httpStatusCode": 200}	a44ae51f-4988-4ea4-a904-0d64ed2eef25	b6b1637f-4e40-414b-91ab-147b427a4cc2	{}
ece8caea-f7e9-4c40-bfa5-9b8a43441827	avatars	nanbowles_gmail_com_1774527575902.jpg	2fbe7423-78af-41b2-bb45-c68cf39c362d	2026-03-26 12:19:36.178799+00	2026-03-26 12:19:36.178799+00	2026-03-26 12:19:36.178799+00	{"eTag": "\\"95c6237f23828861cb17bf6589effd66\\"", "size": 41359, "mimetype": "image/jpeg", "cacheControl": "max-age=3600", "lastModified": "2026-03-26T12:19:37.000Z", "contentLength": 41359, "httpStatusCode": 200}	43361739-195e-483d-aec0-f7e8ecbfeee4	2fbe7423-78af-41b2-bb45-c68cf39c362d	{}
b5ff3e9f-09b6-4e2f-a595-1a15a63c0d22	avatars	bowlesnan_gmail_com_1776674718737.jpg	b6b1637f-4e40-414b-91ab-147b427a4cc2	2026-04-20 08:45:18.949797+00	2026-04-20 08:45:18.949797+00	2026-04-20 08:45:18.949797+00	{"eTag": "\\"3241650137d3359db9204d517a6a5fc4\\"", "size": 268224, "mimetype": "image/jpeg", "cacheControl": "max-age=3600", "lastModified": "2026-04-20T08:45:19.000Z", "contentLength": 268224, "httpStatusCode": 200}	fbec30a2-9e07-4220-9861-2b9c8877f312	b6b1637f-4e40-414b-91ab-147b427a4cc2	{}
6da448e4-b4b2-4866-a1c9-7ea86c9c4f70	avatars	nanbowles_gmail_com_1774528286564.jpg	2fbe7423-78af-41b2-bb45-c68cf39c362d	2026-03-26 12:31:27.235877+00	2026-03-26 12:31:27.235877+00	2026-03-26 12:31:27.235877+00	{"eTag": "\\"c222f16bdc0295b2bdc0fc4bc13dab72\\"", "size": 41538, "mimetype": "image/jpeg", "cacheControl": "max-age=3600", "lastModified": "2026-03-26T12:31:28.000Z", "contentLength": 41538, "httpStatusCode": 200}	6c5d5d8a-7d6f-4a57-80c1-734aa179d8b7	2fbe7423-78af-41b2-bb45-c68cf39c362d	{}
42fedfd6-76ac-4138-b71f-7b46f2fbaddc	avatars	bowlesnan_gmail_com_1774530007027.jpg	b6b1637f-4e40-414b-91ab-147b427a4cc2	2026-03-26 13:00:09.088474+00	2026-03-26 13:00:09.088474+00	2026-03-26 13:00:09.088474+00	{"eTag": "\\"58506916d6167fc22150a25ea2f59922\\"", "size": 713877, "mimetype": "image/jpeg", "cacheControl": "max-age=3600", "lastModified": "2026-03-26T13:00:10.000Z", "contentLength": 713877, "httpStatusCode": 200}	270de7ec-8716-4558-994f-9ab29ebe1024	b6b1637f-4e40-414b-91ab-147b427a4cc2	{}
dbe92c31-fa19-45cb-ab96-7e484a49c607	avatars	bowlesnan_gmail_com_1777131429590.jpg	c4f156ca-cf79-46e9-8566-db237f5f71fc	2026-04-25 15:37:09.730829+00	2026-04-25 15:37:09.730829+00	2026-04-25 15:37:09.730829+00	{"eTag": "\\"784a91dd3d2f0757d814952f7c92dfd3\\"", "size": 52700, "mimetype": "image/jpeg", "cacheControl": "max-age=3600", "lastModified": "2026-04-25T15:37:10.000Z", "contentLength": 52700, "httpStatusCode": 200}	3b1357ac-ca3d-4e42-bbc8-b1f600b2aa96	c4f156ca-cf79-46e9-8566-db237f5f71fc	{}
b003350a-755c-4052-8ce3-a86c46258017	avatars	delmotte_david_gmail_com_1774532439444.jpg	c20a9837-4d1b-4956-b9d1-e683738980f7	2026-03-26 13:40:41.646847+00	2026-03-26 13:40:41.646847+00	2026-03-26 13:40:41.646847+00	{"eTag": "\\"1e347bba1fe5c1634d9e2842764d2000\\"", "size": 105979, "mimetype": "image/jpeg", "cacheControl": "max-age=3600", "lastModified": "2026-03-26T13:40:42.000Z", "contentLength": 105979, "httpStatusCode": 200}	c5a8efa4-8706-4099-a20b-ccbe0ef406bb	c20a9837-4d1b-4956-b9d1-e683738980f7	{}
2f5f7890-9c71-47dc-9591-98e934f79543	avatars	retailnan_gmail_com_1774534748173.jpg	8c46104a-aa0a-496a-a280-4f77997be1c3	2026-03-26 14:19:08.581876+00	2026-03-26 14:19:08.581876+00	2026-03-26 14:19:08.581876+00	{"eTag": "\\"2b4d182c019c47e913ec3e2ea22f82f5\\"", "size": 67056, "mimetype": "image/jpeg", "cacheControl": "max-age=3600", "lastModified": "2026-03-26T14:19:09.000Z", "contentLength": 67056, "httpStatusCode": 200}	79f6ac48-7740-426a-a025-499da0d22c43	8c46104a-aa0a-496a-a280-4f77997be1c3	{}
3c129f61-9726-4be6-bc7c-bf7555661fa7	avatars	p8mkw62djr_privaterelay_appleid_com_1777742790553.jpg	f89c7df7-773a-48dc-ba9f-0e0d3821bb04	2026-05-02 18:33:12.773969+00	2026-05-02 18:33:12.773969+00	2026-05-02 18:33:12.773969+00	{"eTag": "\\"ecf5a947f0234a98ebb0182a005a5964\\"", "size": 141000, "mimetype": "image/jpeg", "cacheControl": "max-age=3600", "lastModified": "2026-05-02T18:33:13.000Z", "contentLength": 141000, "httpStatusCode": 200}	53d93668-5adb-4944-a173-b88c7ac24366	f89c7df7-773a-48dc-ba9f-0e0d3821bb04	{}
a443287c-24e5-4a89-b34f-38523fdde0d5	covers	cover_1774704800663.jpg	a0466c75-e1ca-4787-b00d-eb85a2810c2d	2026-03-28 13:33:21.227272+00	2026-03-28 13:33:21.227272+00	2026-03-28 13:33:21.227272+00	{"eTag": "\\"bd19f7cdc591d978dd0ffa274c0a4725\\"", "size": 116859, "mimetype": "image/jpeg", "cacheControl": "max-age=3600", "lastModified": "2026-03-28T13:33:22.000Z", "contentLength": 116859, "httpStatusCode": 200}	562701da-3028-4927-a6d3-7006ed3d8c9d	a0466c75-e1ca-4787-b00d-eb85a2810c2d	{}
0b32c2c9-2768-4bb3-aea6-bffa53d1e932	avatars	angelakerr345_gmail_com_1774711198051.jpg	a0466c75-e1ca-4787-b00d-eb85a2810c2d	2026-03-28 15:19:58.357671+00	2026-03-28 15:19:58.357671+00	2026-03-28 15:19:58.357671+00	{"eTag": "\\"214a77101b1969a6a2db3ac57a69bbd0\\"", "size": 48449, "mimetype": "image/jpeg", "cacheControl": "max-age=3600", "lastModified": "2026-03-28T15:19:59.000Z", "contentLength": 48449, "httpStatusCode": 200}	166536ea-6aa8-4f98-97ce-5eb0228764b9	a0466c75-e1ca-4787-b00d-eb85a2810c2d	{}
8411f24d-a840-40fd-ad30-5128731b036e	covers	cover_1775218508680.jpg	2fbe7423-78af-41b2-bb45-c68cf39c362d	2026-04-03 12:15:09.187251+00	2026-04-03 12:15:09.187251+00	2026-04-03 12:15:09.187251+00	{"eTag": "\\"deecd0e760c6c253f831564c577b4ee6\\"", "size": 86502, "mimetype": "image/jpeg", "cacheControl": "max-age=3600", "lastModified": "2026-04-03T12:15:10.000Z", "contentLength": 86502, "httpStatusCode": 200}	7aff6983-8a6a-4d73-b4b7-7be0ef65b92f	2fbe7423-78af-41b2-bb45-c68cf39c362d	{}
ef9a3bd9-96f4-40ea-8f72-f1f4346849b9	avatars	jxyytqf6dp_privaterelay_appleid_com_1775236444501.jpg	0a4d2cbf-0bd0-44f5-8234-d6b65020b8f3	2026-04-03 17:14:05.660478+00	2026-04-03 17:14:05.660478+00	2026-04-03 17:14:05.660478+00	{"eTag": "\\"9bab9dc83315a7cb46fcd5a01f319831\\"", "size": 248268, "mimetype": "image/jpeg", "cacheControl": "max-age=3600", "lastModified": "2026-04-03T17:14:06.000Z", "contentLength": 248268, "httpStatusCode": 200}	8e583596-6af4-482e-bdce-23c617803560	0a4d2cbf-0bd0-44f5-8234-d6b65020b8f3	{}
d1eb8331-1db6-4937-85f7-79d7d67527d7	avatars	kitchencarnage_yahoo_co_uk_1775477615203.jpg	ff546bdc-4046-42d9-9eaa-abadefca7c81	2026-04-06 12:13:35.854705+00	2026-04-06 12:13:35.854705+00	2026-04-06 12:13:35.854705+00	{"eTag": "\\"ae66bbf17252a9442ab091e7053e1acf\\"", "size": 202041, "mimetype": "image/jpeg", "cacheControl": "max-age=3600", "lastModified": "2026-04-06T12:13:36.000Z", "contentLength": 202041, "httpStatusCode": 200}	44247376-cfa5-40f4-8300-025c787705a7	ff546bdc-4046-42d9-9eaa-abadefca7c81	{}
b79cf054-fb67-415d-a763-b9ac0ecc53e7	avatars	nanbowles_gmail_com_1776717040067.jpg	2fbe7423-78af-41b2-bb45-c68cf39c362d	2026-04-20 20:30:40.69397+00	2026-04-20 20:30:40.69397+00	2026-04-20 20:30:40.69397+00	{"eTag": "\\"8e0ea065726ee21050f701c607b3ad78\\"", "size": 229551, "mimetype": "image/jpeg", "cacheControl": "max-age=3600", "lastModified": "2026-04-20T20:30:41.000Z", "contentLength": 229551, "httpStatusCode": 200}	aeb7f8ae-5578-4825-be0b-a7b133ce1816	2fbe7423-78af-41b2-bb45-c68cf39c362d	{}
9a81df16-23e7-401e-9e73-88540aa782a3	avatars	nanbowles_gmail_com_1776717066829.jpg	2fbe7423-78af-41b2-bb45-c68cf39c362d	2026-04-20 20:31:08.106678+00	2026-04-20 20:31:08.106678+00	2026-04-20 20:31:08.106678+00	{"eTag": "\\"16fdf69071e020ec71b62736c035657e\\"", "size": 86989, "mimetype": "image/jpeg", "cacheControl": "max-age=3600", "lastModified": "2026-04-20T20:31:09.000Z", "contentLength": 86989, "httpStatusCode": 200}	cf4bfc03-1cbf-405d-af4e-29d7c927d7de	2fbe7423-78af-41b2-bb45-c68cf39c362d	{}
a3d73aa5-af23-48a5-8c6a-a26f191bc5b4	avatars	jenni_iyoyo_gmail_com_1777405885217.jpg	45e52db6-ffe3-4569-8682-c2bfdb56198c	2026-04-28 19:51:25.90008+00	2026-04-28 19:51:25.90008+00	2026-04-28 19:51:25.90008+00	{"eTag": "\\"54b5946b57c02f707832f058a2ffecd7\\"", "size": 481232, "mimetype": "image/jpeg", "cacheControl": "max-age=3600", "lastModified": "2026-04-28T19:51:26.000Z", "contentLength": 481232, "httpStatusCode": 200}	2ed3147b-fbd0-48fc-beeb-237995893854	45e52db6-ffe3-4569-8682-c2bfdb56198c	{}
\.


--
-- Data for Name: s3_multipart_uploads; Type: TABLE DATA; Schema: storage; Owner: supabase_storage_admin
--

COPY "storage"."s3_multipart_uploads" ("id", "in_progress_size", "upload_signature", "bucket_id", "key", "version", "owner_id", "created_at", "user_metadata", "metadata") FROM stdin;
\.


--
-- Data for Name: s3_multipart_uploads_parts; Type: TABLE DATA; Schema: storage; Owner: supabase_storage_admin
--

COPY "storage"."s3_multipart_uploads_parts" ("id", "upload_id", "size", "part_number", "bucket_id", "key", "etag", "owner_id", "version", "created_at") FROM stdin;
\.


--
-- Data for Name: vector_indexes; Type: TABLE DATA; Schema: storage; Owner: supabase_storage_admin
--

COPY "storage"."vector_indexes" ("id", "name", "bucket_id", "data_type", "dimension", "distance_metric", "metadata_configuration", "created_at", "updated_at") FROM stdin;
\.


--
-- Data for Name: hooks; Type: TABLE DATA; Schema: supabase_functions; Owner: supabase_functions_admin
--

COPY "supabase_functions"."hooks" ("id", "hook_table_id", "hook_name", "created_at", "request_id") FROM stdin;
1	17511	send_rsvp_push	2026-02-14 17:26:22.101666+00	1
2	17511	send_rsvp_push	2026-02-14 17:27:55.013253+00	2
3	17511	send_rsvp_push	2026-02-14 17:50:04.808136+00	3
4	17511	send_rsvp_push	2026-02-14 21:01:22.716985+00	4
5	17511	send_rsvp_push	2026-02-14 21:02:02.408128+00	5
6	17511	send_rsvp_push	2026-02-14 21:13:09.321124+00	6
7	17511	send_rsvp_push	2026-02-14 21:25:51.548698+00	7
8	17511	send_rsvp_push	2026-02-14 22:08:58.582045+00	8
9	17511	send_rsvp_push	2026-02-14 22:10:00.615263+00	9
10	17511	send_rsvp_push	2026-02-15 07:28:11.528655+00	10
11	17511	send_rsvp_push	2026-02-15 08:06:50.572502+00	11
12	17511	send_rsvp_push	2026-02-15 08:21:05.860875+00	12
13	17511	send_rsvp_push	2026-02-15 08:21:45.435854+00	13
14	17511	send_rsvp_push	2026-02-15 08:22:11.21326+00	14
15	17511	send_rsvp_push	2026-02-15 08:25:38.599737+00	15
16	17511	send_rsvp_push	2026-02-15 10:15:06.181433+00	16
17	17511	send_rsvp_push	2026-02-15 10:20:39.919715+00	17
18	17511	send_rsvp_push	2026-02-15 10:29:26.752686+00	18
19	17511	send_rsvp_push	2026-02-15 10:34:41.535945+00	19
20	17511	send_rsvp_push	2026-02-15 12:31:06.814445+00	20
21	17511	send_rsvp_push	2026-02-15 12:34:45.197478+00	21
22	17511	send_rsvp_push	2026-02-15 13:50:55.130438+00	22
23	17511	send_rsvp_push	2026-02-15 16:07:47.936653+00	23
24	17511	send_rsvp_push	2026-02-15 16:16:54.295883+00	24
25	17511	send_rsvp_push	2026-02-15 16:17:19.263946+00	25
26	17511	send_rsvp_push	2026-02-15 16:53:59.023292+00	26
27	17511	send_rsvp_push	2026-02-15 17:25:10.42223+00	27
28	17511	send_rsvp_push	2026-02-15 17:26:13.903065+00	28
29	17511	send_rsvp_push	2026-02-15 17:46:53.086032+00	29
30	17511	send_rsvp_push	2026-02-15 17:50:42.018337+00	30
31	17511	send_rsvp_push	2026-02-15 17:52:35.971717+00	31
32	17511	send_rsvp_push	2026-02-15 18:40:16.14964+00	32
33	17511	send_rsvp_push	2026-02-16 07:58:42.333185+00	33
34	17511	send_rsvp_push	2026-02-16 08:06:16.562432+00	34
35	17511	send_rsvp_push	2026-02-16 08:12:16.051842+00	35
36	17511	send_rsvp_push	2026-02-16 08:14:46.62979+00	36
37	17511	send_rsvp_push	2026-02-16 08:42:33.919087+00	37
38	17511	send_rsvp_push	2026-02-16 08:43:31.455236+00	38
39	17511	send_rsvp_push	2026-02-16 08:45:25.238069+00	39
40	17511	send_rsvp_push	2026-02-16 08:46:06.436373+00	40
41	17511	send_rsvp_push	2026-02-16 08:49:01.385323+00	41
42	17511	send_rsvp_push	2026-02-16 08:57:48.010953+00	42
43	17511	send_rsvp_push	2026-02-16 08:59:43.310782+00	43
44	17511	send_rsvp_push	2026-02-16 09:00:05.732381+00	44
45	17511	send_rsvp_push	2026-02-16 09:00:29.69781+00	45
46	17511	send_rsvp_push	2026-02-16 09:02:13.883155+00	46
47	17511	send_rsvp_push	2026-02-16 09:09:38.497129+00	47
48	17511	send_rsvp_push	2026-02-16 09:10:56.390007+00	48
49	17511	send_rsvp_push	2026-02-16 09:12:18.128862+00	49
50	17511	send_rsvp_push	2026-02-16 09:14:34.273412+00	50
51	17511	send_rsvp_push	2026-02-16 11:17:38.475268+00	51
52	17511	send_rsvp_push	2026-02-16 12:49:27.836262+00	52
53	17511	send_rsvp_push	2026-02-16 12:51:11.979785+00	53
54	17511	send_rsvp_push	2026-02-16 12:52:05.892878+00	54
55	17511	send_rsvp_push	2026-02-16 13:16:35.721254+00	55
56	17511	send_rsvp_push	2026-02-16 13:17:34.155182+00	56
57	17511	send_rsvp_push	2026-02-16 13:21:21.302925+00	57
58	17511	send_rsvp_push	2026-02-16 13:23:20.128915+00	58
59	17511	send_rsvp_push	2026-02-16 13:44:27.874544+00	59
60	17511	send_rsvp_push	2026-02-16 13:56:01.451726+00	60
61	17511	send_rsvp_push	2026-02-16 13:58:08.621811+00	61
62	17511	send_rsvp_push	2026-02-16 14:10:56.533411+00	62
63	17511	send_rsvp_push	2026-02-16 14:23:28.248246+00	63
64	17511	send_rsvp_push	2026-02-16 14:59:02.149749+00	64
65	17511	send_rsvp_push	2026-02-16 15:12:11.273028+00	65
66	17511	send_rsvp_push	2026-02-16 15:12:46.681887+00	66
67	17511	send_rsvp_push	2026-02-16 15:49:25.835171+00	67
68	17511	send_rsvp_push	2026-02-16 17:19:53.146872+00	68
69	17511	send_rsvp_push	2026-02-16 17:27:08.823082+00	69
70	17511	send_rsvp_push	2026-02-16 17:28:52.142995+00	70
71	17511	send_rsvp_push	2026-02-16 17:29:08.544557+00	71
72	17511	send_rsvp_push	2026-02-16 18:08:44.9813+00	72
73	17511	send_rsvp_push	2026-02-16 18:10:47.95334+00	73
74	17511	send_rsvp_push	2026-02-16 18:44:24.486809+00	74
75	17511	send_rsvp_push	2026-02-16 19:05:39.994983+00	75
76	17511	send_rsvp_push	2026-02-16 19:23:47.642457+00	76
77	17511	send_rsvp_push	2026-02-16 19:30:22.952274+00	77
78	17511	send_rsvp_push	2026-02-16 19:33:59.71282+00	78
79	17511	send_rsvp_push	2026-02-16 19:42:19.492953+00	79
80	17511	send_rsvp_push	2026-02-16 21:55:31.75491+00	80
81	17511	send_rsvp_push	2026-02-16 21:57:20.759761+00	81
82	17511	send_rsvp_push	2026-02-16 22:01:49.47272+00	82
83	17511	send_rsvp_push	2026-02-16 22:07:46.90004+00	83
84	17511	send_rsvp_push	2026-02-16 22:08:21.667783+00	84
85	17511	send_rsvp_push	2026-02-16 22:09:16.289491+00	85
86	17511	send_rsvp_push	2026-02-16 22:15:30.696769+00	86
87	17511	send_rsvp_push	2026-02-17 09:03:20.056456+00	87
88	17511	send_rsvp_push	2026-02-17 09:18:52.145017+00	88
89	17511	send_rsvp_push	2026-02-17 09:23:43.563948+00	89
90	17511	send_rsvp_push	2026-02-17 09:32:03.817909+00	90
91	17511	send_rsvp_push	2026-02-17 09:39:22.490211+00	91
92	17511	send_rsvp_push	2026-02-17 10:01:05.60853+00	92
93	17511	send_rsvp_push	2026-02-17 10:29:10.829386+00	93
94	17511	send_rsvp_push	2026-02-17 10:56:11.418681+00	94
95	17511	send_rsvp_push	2026-02-17 11:00:11.57158+00	95
96	17511	send_rsvp_push	2026-02-17 11:40:17.587703+00	96
97	17511	send_rsvp_push	2026-02-17 11:46:18.819847+00	97
98	17511	send_rsvp_push	2026-02-17 12:04:20.113198+00	98
99	17511	send_rsvp_push	2026-02-17 12:44:57.153211+00	99
100	17511	send_rsvp_push	2026-02-17 13:00:05.382766+00	100
101	17511	send_rsvp_push	2026-02-17 13:00:10.446034+00	101
102	17511	send_rsvp_push	2026-02-17 13:00:10.769146+00	102
103	17511	send_rsvp_push	2026-02-17 13:00:11.127705+00	103
104	17511	send_rsvp_push	2026-02-17 13:01:10.035906+00	104
105	17511	send_rsvp_push	2026-02-17 13:01:44.473613+00	105
106	17511	send_rsvp_push	2026-02-17 13:02:04.41313+00	106
107	17511	send_rsvp_push	2026-02-17 13:03:17.139932+00	107
108	17511	send_rsvp_push	2026-02-17 13:06:11.124218+00	108
109	17511	send_rsvp_push	2026-02-17 13:25:51.446831+00	109
110	17511	send_rsvp_push	2026-02-17 15:41:59.341314+00	110
111	17511	send_rsvp_push	2026-02-17 15:42:54.984798+00	111
112	17511	send_rsvp_push	2026-02-17 16:28:36.843202+00	112
113	17511	send_rsvp_push	2026-02-17 16:29:52.077635+00	113
114	17511	send_rsvp_push	2026-02-17 16:33:19.026805+00	114
115	17511	send_rsvp_push	2026-02-17 17:00:26.94533+00	115
116	17511	send_rsvp_push	2026-02-17 17:07:20.279603+00	116
117	17511	send_rsvp_push	2026-02-17 17:10:01.108353+00	117
118	17511	send_rsvp_push	2026-02-17 17:22:49.533173+00	118
119	17511	send_rsvp_push	2026-02-17 17:40:26.391503+00	119
120	17511	send_rsvp_push	2026-02-17 21:16:06.032528+00	120
121	17511	send_rsvp_push	2026-02-17 21:21:47.55916+00	121
122	17511	send_rsvp_push	2026-02-17 21:26:36.080896+00	122
123	17511	send_rsvp_push	2026-02-17 21:28:44.382138+00	123
124	17511	send_rsvp_push	2026-02-17 21:35:40.723904+00	124
125	17511	send_rsvp_push	2026-02-17 21:37:20.667431+00	125
126	17511	send_rsvp_push	2026-02-17 21:54:22.916009+00	126
127	17511	send_rsvp_push	2026-02-17 21:57:17.564355+00	127
128	17511	send_rsvp_push	2026-02-17 22:10:27.813818+00	128
129	17511	send_rsvp_push	2026-02-17 22:26:56.147602+00	129
130	17511	send_rsvp_push	2026-02-17 22:30:08.247028+00	130
131	17511	send_rsvp_push	2026-02-18 07:42:10.555727+00	131
132	17511	send_rsvp_push	2026-02-18 07:42:57.375471+00	132
133	17511	send_rsvp_push	2026-02-18 07:54:15.25116+00	133
134	17511	send_rsvp_push	2026-02-18 09:09:39.46713+00	134
135	17511	send_rsvp_push	2026-02-18 09:37:32.905883+00	135
136	17511	send_rsvp_push	2026-02-18 09:55:33.723556+00	136
137	17511	send_rsvp_push	2026-02-18 13:36:04.89329+00	137
138	17511	send_rsvp_push	2026-02-18 13:51:25.369346+00	138
139	17502	process_outbox_push	2026-02-18 18:41:36.77083+00	139
140	17502	process_outbox_push	2026-02-18 19:47:08.044128+00	140
141	17511	send_rsvp_push	2026-02-18 19:47:08.044128+00	141
142	17502	process_outbox_push	2026-02-18 19:47:08.044128+00	142
143	17502	process_outbox_push	2026-02-18 19:51:53.420785+00	143
144	17511	send_rsvp_push	2026-02-18 19:51:53.420785+00	144
145	17502	process_outbox_push	2026-02-18 19:59:02.886024+00	145
146	17502	process_outbox_push	2026-02-18 20:04:39.204047+00	146
147	17502	process_outbox_push	2026-02-18 20:31:28.784261+00	147
148	17511	send_rsvp_push	2026-02-18 20:31:28.784261+00	148
149	17502	process_outbox_push	2026-02-18 20:31:28.784261+00	149
150	17502	process_outbox_push	2026-02-19 07:00:56.747297+00	150
151	17511	send_rsvp_push	2026-02-19 07:00:56.747297+00	151
152	17502	process_outbox_push	2026-02-19 07:00:56.747297+00	152
153	17502	process_outbox_push	2026-02-19 07:09:05.776705+00	153
154	17511	send_rsvp_push	2026-02-19 07:09:05.776705+00	154
155	17502	process_outbox_push	2026-02-19 07:09:05.776705+00	155
156	17502	process_outbox_push	2026-02-19 07:26:01.058224+00	156
157	17511	send_rsvp_push	2026-02-19 07:26:01.058224+00	157
158	17502	process_outbox_push	2026-02-19 11:29:36.866697+00	158
159	17511	send_rsvp_push	2026-02-19 11:29:36.866697+00	159
160	17502	process_outbox_push	2026-02-19 11:29:36.866697+00	160
161	17502	process_outbox_push	2026-02-19 11:31:48.98366+00	161
162	17511	send_rsvp_push	2026-02-19 11:31:48.98366+00	162
163	17511	send_rsvp_notification	2026-02-19 16:59:07.966132+00	163
164	17511	send_rsvp_notification	2026-02-19 16:59:43.426983+00	164
165	17511	send_rsvp_notification	2026-02-19 17:22:44.254247+00	165
166	17511	RSVP	2026-02-19 22:00:00.646051+00	166
167	17511	RSVP	2026-02-19 22:02:45.528684+00	167
168	17511	RSVP	2026-02-19 22:09:09.168463+00	168
169	17493	Update	2026-02-19 22:12:02.865591+00	169
170	17493	Update	2026-02-19 22:12:02.865591+00	170
171	17493	Update	2026-02-19 22:23:10.920528+00	171
172	17493	Update	2026-02-19 22:23:10.920528+00	172
173	17493	Update	2026-02-19 22:23:54.357555+00	173
174	17493	Update	2026-02-19 22:23:54.357555+00	174
175	17493	Update	2026-02-19 22:27:38.38045+00	175
176	17493	Update	2026-02-19 22:27:38.38045+00	176
177	17493	Update	2026-02-19 22:43:28.923309+00	177
178	17493	Update	2026-02-19 22:43:28.923309+00	178
179	17493	Update	2026-02-19 22:44:27.235898+00	179
180	17493	Update	2026-02-19 22:44:27.235898+00	180
181	17493	Update	2026-02-19 22:49:46.356959+00	181
182	17493	Update	2026-02-19 22:49:46.356959+00	182
183	17511	RSVP	2026-02-19 22:52:25.383534+00	183
184	17493	Update	2026-02-19 22:54:42.803085+00	184
185	17511	RSVP	2026-02-19 22:56:24.886528+00	185
186	17493	Update	2026-02-19 22:56:53.741663+00	186
187	17511	RSVP	2026-02-19 23:03:04.231066+00	187
188	17511	RSVP	2026-02-19 23:08:19.525758+00	188
189	17493	Update	2026-02-19 23:09:14.518255+00	189
190	17493	Update	2026-02-19 23:16:44.553253+00	190
191	17511	RSVP	2026-02-20 10:50:31.961179+00	191
192	17511	RSVP	2026-02-20 10:53:06.918505+00	192
193	17511	RSVP	2026-02-20 10:54:59.315661+00	193
194	17511	RSVP	2026-02-20 13:11:04.791942+00	194
195	17511	RSVP	2026-02-20 13:15:16.692343+00	195
196	17511	RSVP	2026-02-22 09:44:11.212591+00	196
197	17511	RSVP	2026-02-22 09:44:26.994482+00	197
198	17511	RSVP	2026-02-22 09:44:50.106545+00	198
199	17511	RSVP	2026-02-22 10:01:25.896829+00	199
200	17511	RSVP	2026-02-22 10:07:00.718452+00	200
201	17511	RSVP	2026-02-22 10:39:33.078436+00	201
202	17511	RSVP	2026-02-22 10:44:27.884153+00	202
203	17511	RSVP	2026-02-22 10:46:48.653838+00	203
204	17511	RSVP	2026-02-22 11:12:25.493825+00	204
205	17511	RSVP	2026-02-22 12:22:04.477588+00	205
206	17511	RSVP	2026-02-22 14:52:05.592634+00	206
207	17511	RSVP	2026-02-22 15:05:53.842709+00	207
208	17511	RSVP	2026-02-22 18:45:05.111326+00	208
209	17493	Update	2026-02-23 07:54:24.795997+00	209
210	17493	Update	2026-02-23 07:57:12.941299+00	210
211	17511	RSVP	2026-02-23 08:42:20.594141+00	211
212	17511	RSVP	2026-02-23 08:42:20.594141+00	212
213	17511	RSVP	2026-02-23 08:42:20.594141+00	213
214	17511	RSVP	2026-02-23 08:42:20.594141+00	214
215	17511	RSVP	2026-02-23 08:42:20.594141+00	215
216	17511	RSVP	2026-02-23 08:42:20.594141+00	216
217	17511	RSVP	2026-02-23 08:42:20.594141+00	217
218	17511	RSVP	2026-02-23 08:42:20.594141+00	218
219	17511	RSVP	2026-02-23 08:42:20.594141+00	219
220	17511	RSVP	2026-02-23 08:42:20.594141+00	220
221	17511	RSVP	2026-02-23 08:42:20.594141+00	221
222	17511	RSVP	2026-02-23 08:42:20.594141+00	222
223	17511	RSVP	2026-02-23 08:42:20.594141+00	223
224	17493	Update	2026-02-23 13:24:38.984522+00	224
225	17493	Update	2026-02-23 13:24:38.984522+00	225
226	17493	Update	2026-02-23 13:24:38.984522+00	226
227	17493	Update	2026-02-23 13:24:38.984522+00	227
228	17493	Update	2026-02-23 13:24:38.984522+00	228
229	17511	RSVP	2026-02-23 13:56:39.267946+00	229
230	17511	RSVP	2026-02-23 13:58:47.157251+00	230
231	17511	RSVP	2026-02-24 12:50:03.248737+00	231
232	17511	RSVP	2026-02-24 16:09:55.337444+00	232
233	17511	RSVP	2026-02-24 18:14:24.745623+00	233
234	17511	RSVP	2026-02-24 18:26:59.431276+00	234
235	17493	Update	2026-02-24 19:11:28.765057+00	235
236	17493	Update	2026-02-24 20:13:49.882157+00	236
237	17511	RSVP	2026-02-24 21:28:58.598466+00	237
238	17511	RSVP	2026-02-24 21:36:17.376213+00	238
239	17493	Update	2026-02-24 21:36:56.33662+00	239
240	17511	RSVP	2026-02-24 21:37:57.740295+00	240
241	17511	RSVP	2026-02-24 21:38:26.577936+00	241
242	17511	RSVP	2026-02-24 21:41:29.35926+00	242
243	17511	RSVP	2026-02-24 21:46:31.658767+00	243
244	17511	RSVP	2026-02-24 22:05:10.0547+00	244
245	17511	RSVP	2026-02-24 22:06:07.789767+00	245
246	17511	RSVP	2026-02-24 22:07:54.071844+00	246
247	17511	RSVP	2026-02-24 22:08:17.554979+00	247
248	17493	Update	2026-02-24 22:15:10.512442+00	248
249	17493	Update	2026-02-24 22:15:44.542863+00	249
250	17511	RSVP	2026-02-24 22:17:14.954656+00	250
251	17493	Update	2026-02-24 22:20:11.735835+00	251
252	17511	RSVP	2026-02-25 06:53:53.689787+00	252
253	17493	Update	2026-02-25 06:54:36.765383+00	253
254	17511	RSVP	2026-02-25 06:55:09.493077+00	254
255	17493	Update	2026-02-25 07:11:25.09719+00	255
256	17511	RSVP	2026-02-25 07:32:16.099882+00	256
257	17493	Update	2026-02-25 07:50:23.020254+00	257
258	17511	RSVP	2026-02-25 07:56:17.244141+00	258
259	17511	RSVP	2026-02-25 09:28:38.381258+00	259
260	17511	RSVP	2026-02-25 09:38:55.88349+00	260
261	17511	RSVP	2026-02-25 10:55:04.131396+00	261
262	17511	RSVP	2026-02-25 11:26:11.966381+00	262
263	17493	Update	2026-02-25 11:32:26.397233+00	263
264	17493	Update	2026-02-25 11:33:30.680899+00	264
265	17493	Update	2026-02-25 11:34:06.33439+00	265
266	17511	RSVP	2026-02-25 11:47:40.10775+00	266
267	17511	RSVP	2026-02-25 12:11:19.472315+00	267
268	17511	RSVP	2026-02-25 13:28:20.503448+00	268
269	17511	RSVP	2026-02-25 13:30:19.981639+00	269
270	17493	Update	2026-02-25 13:31:25.623678+00	270
271	17493	Update	2026-02-25 13:34:25.640544+00	271
272	17493	Update	2026-02-25 13:39:11.709987+00	272
273	17511	RSVP	2026-02-25 13:46:56.74042+00	273
274	17493	Update	2026-02-26 06:31:56.953324+00	274
275	17511	RSVP	2026-02-26 07:11:43.412897+00	275
276	17511	RSVP	2026-02-26 08:03:42.781731+00	276
277	17511	RSVP	2026-02-26 09:24:08.984102+00	277
278	17511	RSVP	2026-02-26 09:27:03.088481+00	278
279	17511	RSVP	2026-02-26 09:28:09.399733+00	279
280	17493	Update	2026-02-26 10:02:29.8836+00	280
281	17511	RSVP	2026-02-26 10:23:17.10886+00	281
282	17511	RSVP	2026-02-26 10:37:01.747333+00	282
283	17511	RSVP	2026-02-26 10:55:51.532874+00	283
284	17493	Update	2026-02-26 11:00:06.068721+00	284
285	17511	RSVP	2026-02-26 12:15:25.545734+00	285
286	17511	RSVP	2026-02-26 12:24:03.663041+00	286
287	17511	RSVP	2026-02-26 12:25:26.633354+00	287
288	17511	RSVP	2026-02-26 12:31:01.563235+00	288
289	17511	RSVP	2026-02-26 12:40:10.083885+00	289
290	17511	RSVP	2026-02-26 12:41:44.539004+00	290
291	17511	RSVP	2026-02-26 12:43:02.637993+00	291
292	17511	RSVP	2026-02-26 12:48:32.758325+00	292
293	17511	RSVP	2026-02-26 12:49:58.975484+00	293
294	17511	RSVP	2026-02-26 12:51:35.805314+00	294
295	17511	RSVP	2026-02-26 12:54:28.829101+00	295
296	17511	RSVP	2026-02-26 12:54:46.818441+00	296
297	17511	RSVP	2026-02-26 12:55:39.853442+00	297
298	17511	RSVP	2026-02-26 13:00:35.202089+00	298
299	17511	RSVP	2026-02-26 13:01:56.946912+00	299
300	17511	RSVP	2026-02-26 13:02:17.548145+00	300
301	17511	RSVP	2026-02-26 13:02:57.714485+00	301
302	17511	RSVP	2026-02-26 13:07:42.511421+00	302
303	17511	RSVP	2026-02-26 13:09:19.799597+00	303
304	17511	RSVP	2026-02-26 13:14:38.646643+00	304
305	17511	RSVP	2026-02-26 13:18:11.889984+00	305
306	17511	RSVP	2026-02-26 13:20:33.752846+00	306
307	17511	RSVP	2026-02-26 13:26:01.426182+00	307
308	17511	RSVP	2026-02-26 13:28:03.241099+00	308
309	17511	RSVP	2026-02-26 13:31:02.485965+00	309
310	17511	RSVP	2026-02-26 13:39:50.086066+00	310
311	17511	RSVP	2026-02-26 14:00:25.212946+00	311
312	17511	RSVP	2026-02-26 14:01:50.883239+00	312
313	17493	Update	2026-02-26 14:02:38.552789+00	313
314	17511	RSVP	2026-02-26 14:13:56.599939+00	314
315	17493	Update	2026-02-26 14:15:11.012193+00	315
316	17511	RSVP	2026-02-26 14:30:05.200992+00	316
317	17493	Update	2026-02-26 14:34:47.300372+00	317
318	17493	Update	2026-02-26 14:43:29.496882+00	318
319	17493	Update	2026-02-26 14:43:42.60761+00	319
320	17493	Update	2026-02-26 14:45:04.30248+00	320
321	17493	Update	2026-02-26 14:45:30.79398+00	321
322	17493	Update	2026-02-26 14:46:23.545186+00	322
323	17493	Update	2026-02-26 14:47:03.108781+00	323
324	17511	RSVP	2026-02-26 14:55:08.619036+00	324
325	17511	RSVP	2026-02-26 14:55:40.52026+00	325
326	17511	RSVP	2026-02-26 15:32:07.9264+00	326
327	17511	RSVP	2026-02-26 15:43:38.305827+00	327
328	17511	RSVP	2026-02-27 06:16:04.867729+00	328
329	17511	RSVP	2026-02-27 06:30:58.474607+00	329
330	17493	Update	2026-02-27 06:34:15.194539+00	330
331	17511	RSVP	2026-02-27 07:49:40.089862+00	331
332	17511	RSVP	2026-02-27 07:55:10.071712+00	332
333	17511	RSVP	2026-02-27 07:59:04.966948+00	333
334	17511	RSVP	2026-02-27 08:06:58.170356+00	334
335	17511	RSVP	2026-02-27 08:13:37.536537+00	335
336	17511	RSVP	2026-02-27 08:17:02.026365+00	336
337	17511	RSVP	2026-02-27 08:18:10.643364+00	337
338	17511	RSVP	2026-02-27 08:20:47.450963+00	338
339	17511	RSVP	2026-02-27 08:25:29.070165+00	339
340	17511	RSVP	2026-02-27 08:27:47.709196+00	340
341	17511	RSVP	2026-02-27 08:30:32.488709+00	341
342	17511	RSVP	2026-02-27 08:36:14.339459+00	342
343	17511	RSVP	2026-02-27 08:51:41.360943+00	343
344	17511	RSVP	2026-02-27 08:53:51.764408+00	344
345	17511	RSVP	2026-02-27 08:58:22.604379+00	345
346	17511	RSVP	2026-02-27 09:03:29.575758+00	346
347	17511	RSVP	2026-02-27 09:08:39.76833+00	347
348	17511	RSVP	2026-02-27 09:08:54.608078+00	348
349	17511	RSVP	2026-02-27 09:15:15.253035+00	349
350	17511	RSVP	2026-02-27 09:15:44.176982+00	350
351	17511	RSVP	2026-02-27 09:19:52.22039+00	351
352	17511	RSVP	2026-02-27 09:30:14.489953+00	352
353	17511	RSVP	2026-02-27 09:31:23.482427+00	353
354	17511	RSVP	2026-02-27 09:33:39.074322+00	354
355	17511	RSVP	2026-02-27 09:42:24.064798+00	355
356	17511	RSVP	2026-02-27 09:46:34.630362+00	356
357	17511	RSVP	2026-02-27 09:47:07.516975+00	357
358	17511	RSVP	2026-02-27 09:55:47.694932+00	358
359	17511	RSVP	2026-02-27 10:02:56.333144+00	359
360	17511	RSVP	2026-02-27 10:31:38.342241+00	360
361	17511	RSVP	2026-02-27 10:43:07.4085+00	361
362	17511	RSVP	2026-02-27 10:46:25.253086+00	362
363	17511	RSVP	2026-02-27 11:02:21.196697+00	363
364	17511	RSVP	2026-02-27 11:07:41.120888+00	364
365	17511	RSVP	2026-02-27 11:11:32.384993+00	365
366	17511	RSVP	2026-02-27 11:29:41.672591+00	366
367	17511	RSVP	2026-02-27 11:34:37.996015+00	367
368	17511	RSVP	2026-02-27 11:37:56.098969+00	368
369	17511	RSVP	2026-02-27 11:59:23.224592+00	369
370	17493	Update	2026-02-27 12:12:46.248144+00	370
371	17511	RSVP	2026-02-27 16:11:36.625663+00	371
372	17511	RSVP	2026-02-27 16:20:36.031526+00	372
373	17511	RSVP	2026-02-27 16:24:32.025629+00	373
374	17511	RSVP	2026-02-27 16:31:05.10406+00	374
375	17511	RSVP	2026-02-27 16:33:27.027268+00	375
376	17511	RSVP	2026-02-27 16:39:44.332975+00	376
377	17511	RSVP	2026-02-27 16:46:21.283267+00	377
378	17511	RSVP	2026-02-27 16:48:46.101247+00	378
379	17511	RSVP	2026-02-27 18:28:30.406324+00	379
380	17493	Update	2026-02-27 18:31:11.964593+00	380
381	17511	RSVP	2026-02-27 18:35:59.566904+00	381
382	17511	RSVP	2026-02-27 18:56:22.263982+00	382
383	17493	Update	2026-02-27 18:58:01.271+00	383
384	17511	RSVP	2026-02-27 18:59:09.34555+00	384
385	17511	RSVP	2026-03-02 06:20:08.435922+00	385
386	17511	RSVP	2026-03-02 06:46:58.312858+00	386
387	17511	RSVP	2026-03-03 07:52:31.842777+00	387
388	17511	RSVP	2026-03-03 08:53:05.217301+00	388
389	17511	RSVP	2026-03-04 05:16:08.796505+00	389
390	17511	RSVP	2026-03-04 05:16:08.993919+00	390
391	17511	RSVP	2026-03-04 05:16:08.993919+00	391
392	17511	RSVP	2026-03-04 05:16:08.993919+00	392
393	17511	RSVP	2026-03-04 05:26:05.996761+00	393
394	17511	RSVP	2026-03-04 05:26:06.169396+00	394
395	17511	RSVP	2026-03-04 05:26:06.169396+00	395
396	17511	RSVP	2026-03-04 05:26:06.169396+00	396
397	17511	RSVP	2026-03-04 05:26:06.169396+00	397
398	17511	RSVP	2026-03-04 05:27:41.313174+00	398
399	17511	RSVP	2026-03-04 05:27:41.42809+00	399
400	17511	RSVP	2026-03-04 05:27:41.42809+00	400
401	17511	RSVP	2026-03-04 05:27:41.42809+00	401
402	17511	RSVP	2026-03-04 05:27:41.42809+00	402
403	17511	RSVP	2026-03-04 05:27:41.42809+00	403
404	17511	RSVP	2026-03-04 05:29:04.731632+00	404
405	17511	RSVP	2026-03-04 05:29:04.85342+00	405
406	17511	RSVP	2026-03-04 05:29:04.85342+00	406
407	17511	RSVP	2026-03-04 05:29:04.85342+00	407
408	17511	RSVP	2026-03-04 05:29:04.85342+00	408
409	17511	RSVP	2026-03-04 05:30:33.983819+00	409
410	17511	RSVP	2026-03-04 05:30:34.099624+00	410
411	17511	RSVP	2026-03-04 05:30:34.099624+00	411
412	17511	RSVP	2026-03-04 05:30:34.099624+00	412
413	17511	RSVP	2026-03-04 05:30:34.099624+00	413
414	17511	RSVP	2026-03-04 05:32:05.454142+00	414
415	17511	RSVP	2026-03-04 05:32:05.570751+00	415
416	17511	RSVP	2026-03-04 05:32:05.570751+00	416
417	17511	RSVP	2026-03-04 05:33:05.481607+00	417
418	17511	RSVP	2026-03-04 05:33:05.593535+00	418
419	17511	RSVP	2026-03-04 05:33:05.593535+00	419
420	17511	RSVP	2026-03-04 05:34:29.902757+00	420
421	17511	RSVP	2026-03-04 05:34:30.351907+00	421
422	17511	RSVP	2026-03-04 05:34:30.351907+00	422
423	17511	RSVP	2026-03-04 05:34:30.351907+00	423
424	17511	RSVP	2026-03-04 05:34:30.351907+00	424
425	17511	RSVP	2026-03-04 05:37:43.743384+00	425
426	17511	RSVP	2026-03-04 05:37:43.874605+00	426
427	17511	RSVP	2026-03-04 05:37:43.874605+00	427
428	17511	RSVP	2026-03-04 05:37:43.874605+00	428
429	17511	RSVP	2026-03-04 05:39:01.568248+00	429
430	17511	RSVP	2026-03-04 05:39:01.675853+00	430
431	17511	RSVP	2026-03-04 05:39:01.675853+00	431
432	17511	RSVP	2026-03-04 05:39:01.675853+00	432
433	17511	RSVP	2026-03-04 05:39:01.675853+00	433
434	17511	RSVP	2026-03-04 05:39:01.675853+00	434
435	17511	RSVP	2026-03-04 05:39:01.675853+00	435
436	17511	RSVP	2026-03-04 05:41:32.527268+00	436
437	17511	RSVP	2026-03-04 05:41:32.897867+00	437
438	17511	RSVP	2026-03-04 05:41:32.897867+00	438
439	17511	RSVP	2026-03-04 05:41:32.897867+00	439
440	17511	RSVP	2026-03-04 05:41:32.897867+00	440
441	17511	RSVP	2026-03-04 05:41:32.897867+00	441
442	17511	RSVP	2026-03-04 05:41:32.897867+00	442
443	17511	RSVP	2026-03-04 05:43:16.727394+00	443
444	17511	RSVP	2026-03-04 05:43:16.876874+00	444
445	17511	RSVP	2026-03-04 05:43:16.876874+00	445
446	17511	RSVP	2026-03-04 05:43:16.876874+00	446
447	17511	RSVP	2026-03-04 05:53:37.584707+00	447
448	17511	RSVP	2026-03-04 05:53:53.611106+00	448
449	17511	RSVP	2026-03-04 05:54:00.05003+00	449
450	17511	RSVP	2026-03-04 05:54:16.962711+00	450
451	17493	Update	2026-03-04 08:48:26.542136+00	451
452	17493	Update	2026-03-04 08:48:26.542136+00	452
453	17493	Update	2026-03-04 08:48:26.542136+00	453
454	17493	Update	2026-03-04 08:48:26.542136+00	454
455	17493	Update	2026-03-04 08:48:26.542136+00	455
456	17493	Update	2026-03-04 08:48:26.542136+00	456
457	17493	Update	2026-03-04 08:48:26.542136+00	457
458	17493	Update	2026-03-04 08:48:26.542136+00	458
459	17493	Update	2026-03-04 08:48:26.542136+00	459
460	17493	Update	2026-03-04 08:48:26.542136+00	460
461	17493	Update	2026-03-04 08:48:26.542136+00	461
462	17511	RSVP	2026-03-04 08:48:57.610241+00	462
463	17511	RSVP	2026-03-04 08:48:57.610241+00	463
464	17511	RSVP	2026-03-04 08:48:57.610241+00	464
465	17511	RSVP	2026-03-04 08:48:57.610241+00	465
466	17511	RSVP	2026-03-04 08:48:57.610241+00	466
467	17511	RSVP	2026-03-04 08:48:57.610241+00	467
468	17511	RSVP	2026-03-04 08:48:57.610241+00	468
469	17511	RSVP	2026-03-04 08:48:57.610241+00	469
470	17511	RSVP	2026-03-04 08:48:57.610241+00	470
471	17511	RSVP	2026-03-04 08:48:57.610241+00	471
472	17511	RSVP	2026-03-04 08:52:24.205527+00	472
473	17511	RSVP	2026-03-04 09:07:00.408523+00	473
474	17511	RSVP	2026-03-04 09:55:13.503254+00	474
475	17511	RSVP	2026-03-04 10:06:13.267998+00	475
476	17511	RSVP	2026-03-04 10:08:10.103823+00	476
477	17511	RSVP	2026-03-04 10:09:53.419888+00	477
478	17511	RSVP	2026-03-04 10:15:41.82926+00	478
479	17511	RSVP	2026-03-04 10:19:33.095553+00	479
480	17511	RSVP	2026-03-04 10:31:39.53134+00	480
481	17511	RSVP	2026-03-04 10:35:56.083477+00	481
482	17511	RSVP	2026-03-04 10:39:01.814596+00	482
483	17511	RSVP	2026-03-04 10:41:31.63666+00	483
484	17511	RSVP	2026-03-04 10:43:19.964058+00	484
485	17511	RSVP	2026-03-04 11:24:01.032771+00	485
486	17511	RSVP	2026-03-04 11:27:42.180596+00	486
487	17511	RSVP	2026-03-04 11:28:28.10876+00	487
488	17511	RSVP	2026-03-04 11:31:35.220973+00	488
489	17511	RSVP	2026-03-04 11:35:53.495031+00	489
490	17511	RSVP	2026-03-04 11:39:13.060066+00	490
491	17511	RSVP	2026-03-04 11:47:47.261838+00	491
492	17511	RSVP	2026-03-04 11:48:20.857371+00	492
493	17493	Update	2026-03-04 12:51:17.7501+00	493
494	17511	RSVP	2026-03-04 12:56:28.517036+00	494
495	17493	Update	2026-03-04 13:05:08.255704+00	495
496	17511	RSVP	2026-03-04 13:08:22.602875+00	496
497	17511	RSVP	2026-03-04 15:56:37.197186+00	497
498	17511	RSVP	2026-03-04 16:04:36.096543+00	498
499	17511	RSVP	2026-03-04 17:11:23.0753+00	499
500	17493	Update	2026-03-04 17:12:08.855091+00	500
501	17493	Update	2026-03-04 17:52:36.471714+00	501
502	17511	RSVP	2026-03-05 13:41:15.159167+00	502
503	17493	Update	2026-03-05 13:42:23.106088+00	503
504	17511	RSVP	2026-03-05 16:28:01.670309+00	504
505	17511	RSVP	2026-03-05 22:06:55.886448+00	505
506	17511	RSVP	2026-03-05 22:08:29.168609+00	506
507	17493	Update	2026-03-05 22:09:56.811024+00	507
508	17493	Update	2026-03-06 06:50:19.211902+00	508
509	17511	RSVP	2026-03-06 08:51:52.715674+00	509
510	17511	RSVP	2026-03-06 14:09:54.314094+00	510
511	17511	RSVP	2026-03-06 15:22:21.664388+00	511
512	17511	RSVP	2026-03-06 15:30:44.104943+00	512
513	17511	RSVP	2026-03-06 15:35:38.003749+00	513
514	17511	RSVP	2026-03-06 15:36:27.009048+00	514
515	17511	RSVP	2026-03-06 22:16:09.970417+00	515
516	17511	RSVP	2026-03-06 22:16:48.165602+00	516
517	17511	RSVP	2026-03-06 22:29:44.595986+00	517
518	17511	RSVP	2026-03-06 22:41:51.060764+00	518
519	17511	RSVP	2026-03-06 22:45:30.354096+00	519
520	17511	RSVP	2026-03-06 22:52:38.41012+00	520
521	17511	RSVP	2026-03-06 22:54:11.058126+00	521
522	17511	RSVP	2026-03-06 22:57:30.018817+00	522
523	17511	RSVP	2026-03-06 22:59:07.977593+00	523
524	17511	RSVP	2026-03-06 23:02:14.094258+00	524
525	17511	RSVP	2026-03-06 23:12:42.313888+00	525
526	17511	RSVP	2026-03-06 23:18:51.47496+00	526
527	17511	RSVP	2026-03-06 23:22:43.485143+00	527
528	17511	RSVP	2026-03-06 23:26:21.899329+00	528
529	17511	RSVP	2026-03-06 23:28:50.773979+00	529
530	17511	RSVP	2026-03-06 23:31:07.056987+00	530
531	17511	RSVP	2026-03-06 23:35:29.064054+00	531
532	17511	RSVP	2026-03-06 23:44:31.139601+00	532
533	17511	RSVP	2026-03-06 23:46:23.199661+00	533
534	17511	RSVP	2026-03-06 23:51:12.233019+00	534
535	17511	RSVP	2026-03-06 23:52:44.524618+00	535
536	17511	RSVP	2026-03-06 23:54:00.58919+00	536
537	17511	RSVP	2026-03-07 00:06:07.738525+00	537
538	17511	RSVP	2026-03-07 00:07:38.272092+00	538
539	17493	Update	2026-03-07 00:08:09.479894+00	539
540	17493	Update	2026-03-07 00:08:12.411816+00	540
541	17493	Update	2026-03-07 00:08:29.006466+00	541
542	17493	Update	2026-03-07 00:10:02.326003+00	542
543	17511	RSVP	2026-03-07 00:10:19.222128+00	543
544	17511	RSVP	2026-03-07 00:16:29.360206+00	544
545	17511	RSVP	2026-03-07 00:23:42.164271+00	545
546	17511	RSVP	2026-03-07 00:27:08.163018+00	546
547	17511	RSVP	2026-03-07 00:27:36.156768+00	547
548	17511	RSVP	2026-03-07 00:32:51.844557+00	548
549	17511	RSVP	2026-03-07 00:44:04.477728+00	549
550	17511	RSVP	2026-03-07 00:49:40.686636+00	550
551	17511	RSVP	2026-03-07 00:53:30.88018+00	551
552	17511	RSVP	2026-03-07 00:54:33.590965+00	552
553	17511	RSVP	2026-03-07 00:58:49.80958+00	553
554	17493	Update	2026-03-07 00:59:54.971895+00	554
555	17493	Update	2026-03-07 01:01:25.418916+00	555
556	17511	RSVP	2026-03-07 01:11:38.830213+00	556
557	17511	RSVP	2026-03-07 01:53:02.818022+00	557
558	17511	RSVP	2026-03-07 01:56:30.750065+00	558
559	17511	RSVP	2026-03-07 02:00:56.129029+00	559
560	17511	RSVP	2026-03-07 07:00:08.726837+00	560
561	17511	RSVP	2026-03-07 07:25:06.227688+00	561
562	17493	Update	2026-03-07 07:25:36.551741+00	562
563	17511	RSVP	2026-03-07 07:52:06.113144+00	563
564	17511	RSVP	2026-03-07 07:59:28.053744+00	564
565	17511	RSVP	2026-03-07 08:04:02.389627+00	565
566	17511	RSVP	2026-03-07 08:07:03.970078+00	566
567	17511	RSVP	2026-03-07 08:12:54.02016+00	567
568	17511	RSVP	2026-03-07 09:42:29.95216+00	568
569	17511	RSVP	2026-03-07 09:45:27.086028+00	569
570	17511	RSVP	2026-03-07 09:55:03.746248+00	570
571	17511	RSVP	2026-03-07 11:23:12.681955+00	571
572	17511	RSVP	2026-03-07 11:31:13.485405+00	572
573	17511	RSVP	2026-03-07 11:39:08.535689+00	573
574	17511	RSVP	2026-03-07 12:44:19.924428+00	574
575	17511	RSVP	2026-03-07 13:11:28.289237+00	575
576	17493	Update	2026-03-07 13:11:58.589913+00	576
577	17511	RSVP	2026-03-07 13:22:17.639115+00	577
578	17511	RSVP	2026-03-07 13:27:42.087822+00	578
579	17511	RSVP	2026-03-07 13:30:17.523469+00	579
580	17511	RSVP	2026-03-07 13:37:51.178165+00	580
581	17511	RSVP	2026-03-07 13:47:34.43104+00	581
582	17511	RSVP	2026-03-07 13:48:35.838791+00	582
583	17511	RSVP	2026-03-07 14:19:30.00072+00	583
584	17511	RSVP	2026-03-07 14:29:41.912438+00	584
585	17511	RSVP	2026-03-07 14:30:18.771607+00	585
586	17511	RSVP	2026-03-07 16:15:54.159558+00	586
587	17511	RSVP	2026-03-07 16:21:06.957874+00	587
588	17511	RSVP	2026-03-07 16:41:40.422703+00	588
589	17511	RSVP	2026-03-07 16:45:30.652651+00	589
590	17511	RSVP	2026-03-07 16:52:42.856221+00	590
591	17511	RSVP	2026-03-07 17:53:37.054476+00	591
592	17511	RSVP	2026-03-07 17:55:13.600247+00	592
593	17493	Update	2026-03-07 18:58:58.708961+00	593
594	17493	Update	2026-03-07 18:58:58.708961+00	594
595	17493	Update	2026-03-07 18:58:58.708961+00	595
596	17493	Update	2026-03-07 18:58:58.708961+00	596
597	17493	Update	2026-03-07 18:58:58.708961+00	597
598	17493	Update	2026-03-07 18:58:58.708961+00	598
599	17493	Update	2026-03-07 18:58:58.708961+00	599
600	17493	Update	2026-03-07 18:58:58.708961+00	600
601	17493	Update	2026-03-07 18:58:58.708961+00	601
602	17493	Update	2026-03-07 18:58:58.708961+00	602
603	17493	Update	2026-03-07 18:58:58.708961+00	603
604	17493	Update	2026-03-07 18:58:58.708961+00	604
605	17493	Update	2026-03-07 18:58:58.708961+00	605
606	17493	Update	2026-03-07 18:58:58.708961+00	606
607	17493	Update	2026-03-07 18:58:58.708961+00	607
608	17493	Update	2026-03-07 18:58:58.708961+00	608
609	17493	Update	2026-03-07 18:58:58.708961+00	609
610	17493	Update	2026-03-07 18:58:58.708961+00	610
611	17493	Update	2026-03-07 18:58:58.708961+00	611
612	17493	Update	2026-03-07 18:58:58.708961+00	612
613	17493	Update	2026-03-07 18:58:58.708961+00	613
614	17493	Update	2026-03-07 18:58:58.708961+00	614
615	17493	Update	2026-03-07 18:58:58.708961+00	615
616	17493	Update	2026-03-07 18:58:58.708961+00	616
617	17493	Update	2026-03-07 18:58:58.708961+00	617
618	17493	Update	2026-03-07 18:58:58.708961+00	618
619	17493	Update	2026-03-07 18:58:58.708961+00	619
620	17493	Update	2026-03-07 18:58:58.708961+00	620
621	17493	Update	2026-03-07 18:58:58.708961+00	621
622	17493	Update	2026-03-07 18:58:58.708961+00	622
623	17493	Update	2026-03-07 18:58:58.708961+00	623
624	17493	Update	2026-03-07 18:58:58.708961+00	624
625	17493	Update	2026-03-07 18:58:58.708961+00	625
626	17493	Update	2026-03-07 18:58:58.708961+00	626
627	17493	Update	2026-03-07 18:58:58.708961+00	627
628	17493	Update	2026-03-07 18:58:58.708961+00	628
629	17493	Update	2026-03-07 18:58:58.708961+00	629
630	17493	Update	2026-03-07 18:58:58.708961+00	630
631	17493	Update	2026-03-07 18:58:58.708961+00	631
632	17493	Update	2026-03-07 18:58:58.708961+00	632
633	17493	Update	2026-03-07 18:58:58.708961+00	633
634	17493	Update	2026-03-07 18:58:58.708961+00	634
635	17493	Update	2026-03-07 18:58:58.708961+00	635
636	17493	Update	2026-03-07 18:58:58.708961+00	636
637	17493	Update	2026-03-07 18:58:58.708961+00	637
638	17493	Update	2026-03-07 18:58:58.708961+00	638
639	17493	Update	2026-03-07 18:58:58.708961+00	639
640	17493	Update	2026-03-07 18:58:58.708961+00	640
641	17493	Update	2026-03-07 18:58:58.708961+00	641
642	17493	Update	2026-03-07 18:58:58.708961+00	642
643	17493	Update	2026-03-07 18:58:58.708961+00	643
644	17493	Update	2026-03-07 18:58:58.708961+00	644
645	17493	Update	2026-03-07 18:58:58.708961+00	645
646	17493	Update	2026-03-07 18:58:58.708961+00	646
647	17493	Update	2026-03-07 18:58:58.708961+00	647
648	17493	Update	2026-03-07 18:58:58.708961+00	648
649	17493	Update	2026-03-07 18:58:58.708961+00	649
650	17493	Update	2026-03-07 18:58:58.708961+00	650
651	17493	Update	2026-03-07 18:58:58.708961+00	651
652	17493	Update	2026-03-07 18:58:58.708961+00	652
653	17493	Update	2026-03-07 18:58:58.708961+00	653
654	17493	Update	2026-03-07 18:58:58.708961+00	654
655	17493	Update	2026-03-07 18:58:58.708961+00	655
656	17493	Update	2026-03-07 18:58:58.708961+00	656
657	17493	Update	2026-03-07 18:58:58.708961+00	657
658	17493	Update	2026-03-07 18:58:58.708961+00	658
659	17493	Update	2026-03-07 18:58:58.708961+00	659
660	17493	Update	2026-03-07 18:58:58.708961+00	660
661	17493	Update	2026-03-07 18:58:58.708961+00	661
662	17493	Update	2026-03-07 18:58:58.708961+00	662
663	17493	Update	2026-03-07 18:58:58.708961+00	663
664	17493	Update	2026-03-07 18:58:58.708961+00	664
665	17493	Update	2026-03-07 18:58:58.708961+00	665
666	17493	Update	2026-03-07 18:58:58.708961+00	666
667	17493	Update	2026-03-07 18:58:58.708961+00	667
668	17493	Update	2026-03-07 18:58:58.708961+00	668
669	17493	Update	2026-03-07 18:58:58.708961+00	669
670	17493	Update	2026-03-07 18:58:58.708961+00	670
671	17493	Update	2026-03-07 18:58:58.708961+00	671
672	17493	Update	2026-03-07 18:58:58.708961+00	672
673	17493	Update	2026-03-07 18:58:58.708961+00	673
674	17493	Update	2026-03-07 18:58:58.708961+00	674
675	17493	Update	2026-03-07 18:58:58.708961+00	675
676	17493	Update	2026-03-07 18:58:58.708961+00	676
677	17493	Update	2026-03-07 18:58:58.708961+00	677
678	17493	Update	2026-03-07 18:58:58.708961+00	678
679	17493	Update	2026-03-07 18:58:58.708961+00	679
680	17493	Update	2026-03-07 18:58:58.708961+00	680
681	17493	Update	2026-03-07 18:58:58.708961+00	681
682	17493	Update	2026-03-07 18:58:58.708961+00	682
683	17493	Update	2026-03-07 18:58:58.708961+00	683
684	17511	RSVP	2026-03-07 22:15:35.766492+00	684
685	17511	RSVP	2026-03-07 22:24:49.89299+00	685
686	17511	RSVP	2026-03-07 22:26:28.958741+00	686
687	17511	RSVP	2026-03-07 22:28:03.039607+00	687
688	17511	RSVP	2026-03-08 02:48:03.91491+00	688
689	17511	RSVP	2026-03-08 03:20:34.117914+00	689
690	17511	RSVP	2026-03-08 03:21:50.859829+00	690
691	17511	RSVP	2026-03-08 08:06:36.530265+00	691
692	17511	RSVP	2026-03-08 08:07:10.252094+00	692
693	17511	RSVP	2026-03-08 08:08:49.70229+00	693
694	17511	RSVP	2026-03-08 08:17:00.727297+00	694
695	17511	RSVP	2026-03-08 08:17:35.913536+00	695
696	17511	RSVP	2026-03-08 08:18:25.136785+00	696
697	17511	RSVP	2026-03-08 08:24:34.070009+00	697
698	17511	RSVP	2026-03-08 08:43:04.732093+00	698
699	17511	RSVP	2026-03-08 08:44:32.449781+00	699
700	17511	RSVP	2026-03-08 08:45:29.914612+00	700
701	17511	RSVP	2026-03-08 11:56:24.148153+00	701
702	17511	RSVP	2026-03-08 11:56:57.883695+00	702
703	17511	RSVP	2026-03-08 11:59:27.415562+00	703
704	17511	RSVP	2026-03-08 15:58:30.581745+00	704
705	17493	Update	2026-03-08 16:33:25.870427+00	705
706	17511	RSVP	2026-03-08 16:44:43.827414+00	706
707	17511	RSVP	2026-03-08 16:52:04.542975+00	707
708	17493	Update	2026-03-08 23:31:01.817168+00	708
709	17511	RSVP	2026-03-09 15:28:17.986215+00	709
710	17493	Update	2026-03-09 15:29:38.22236+00	710
711	17511	RSVP	2026-03-10 10:21:15.421354+00	711
712	17493	Update	2026-03-10 10:30:31.530482+00	712
713	17493	Update	2026-03-10 10:31:15.818006+00	713
714	17493	Update	2026-03-10 10:31:25.892488+00	714
715	17511	RSVP	2026-03-10 10:33:46.793749+00	715
716	17511	RSVP	2026-03-10 10:34:56.073491+00	716
717	17511	RSVP	2026-03-10 11:40:42.153403+00	717
718	17511	RSVP	2026-03-10 11:48:29.454716+00	718
719	17511	RSVP	2026-03-10 11:49:04.357083+00	719
720	17511	RSVP	2026-03-10 11:56:57.300776+00	720
721	17511	RSVP	2026-03-10 12:39:19.971029+00	721
722	17511	RSVP	2026-03-10 16:10:36.401083+00	722
723	17511	RSVP	2026-03-10 16:27:26.697359+00	723
724	17511	RSVP	2026-03-10 16:30:18.574088+00	724
725	17511	RSVP	2026-03-11 10:49:06.929746+00	725
726	17511	RSVP	2026-03-11 11:29:11.196556+00	726
727	17511	RSVP	2026-03-11 11:32:07.758319+00	727
728	17511	RSVP	2026-03-11 12:20:02.760227+00	728
729	17511	RSVP	2026-03-11 12:25:46.437194+00	729
730	17511	RSVP	2026-03-11 12:29:45.235075+00	730
731	17511	RSVP	2026-03-11 12:31:09.947793+00	731
732	17511	RSVP	2026-03-11 13:17:17.342938+00	732
733	17511	RSVP	2026-03-11 16:42:30.039708+00	733
734	17511	RSVP	2026-03-11 16:46:51.260075+00	734
735	17511	RSVP	2026-03-12 13:10:11.072548+00	735
736	17511	RSVP	2026-03-12 13:20:27.813565+00	736
737	17511	RSVP	2026-03-12 14:43:11.59578+00	737
738	17511	RSVP	2026-03-12 14:43:19.634622+00	738
739	17511	RSVP	2026-03-12 14:44:12.991113+00	739
740	17511	RSVP	2026-03-12 14:48:45.288806+00	740
741	17511	RSVP	2026-03-12 15:04:52.557191+00	741
742	17511	RSVP	2026-03-12 15:13:46.479529+00	742
743	17511	RSVP	2026-03-12 15:16:47.684966+00	743
744	17511	RSVP	2026-03-12 15:17:32.994412+00	744
745	17511	RSVP	2026-03-12 15:23:08.590372+00	745
746	17511	RSVP	2026-03-12 15:45:47.204235+00	746
747	17493	Update	2026-03-12 15:46:20.841627+00	747
748	17511	RSVP	2026-03-12 15:47:09.872315+00	748
749	17493	Update	2026-03-12 15:47:23.474123+00	749
750	17511	RSVP	2026-03-12 15:47:45.604583+00	750
751	17511	RSVP	2026-03-12 15:49:14.174076+00	751
752	17511	RSVP	2026-03-12 15:55:09.927138+00	752
753	17511	RSVP	2026-03-12 15:55:36.436148+00	753
754	17511	RSVP	2026-03-12 15:55:51.676174+00	754
755	17511	RSVP	2026-03-12 16:03:39.83184+00	755
756	17511	RSVP	2026-03-12 16:05:25.315615+00	756
757	17511	RSVP	2026-03-12 16:06:31.328411+00	757
758	17511	RSVP	2026-03-12 16:12:06.40412+00	758
759	17511	RSVP	2026-03-12 16:14:27.34318+00	759
760	17511	RSVP	2026-03-12 16:19:58.810498+00	760
761	17511	RSVP	2026-03-12 16:25:57.129687+00	761
762	17511	RSVP	2026-03-12 16:35:43.644273+00	762
763	17511	RSVP	2026-03-12 16:37:39.166993+00	763
764	17511	RSVP	2026-03-12 16:39:49.759137+00	764
765	17511	RSVP	2026-03-12 16:41:54.134852+00	765
766	17511	RSVP	2026-03-13 06:27:11.897947+00	766
767	17511	RSVP	2026-03-13 06:44:38.851986+00	767
768	17511	RSVP	2026-03-13 06:53:05.685708+00	768
769	17511	RSVP	2026-03-13 07:22:13.499081+00	769
770	17511	RSVP	2026-03-13 07:23:47.055367+00	770
771	17511	RSVP	2026-03-13 08:15:12.339767+00	771
772	17511	RSVP	2026-03-13 08:17:44.44391+00	772
773	17511	RSVP	2026-03-13 08:19:14.097543+00	773
774	17511	RSVP	2026-03-13 11:46:19.639616+00	774
775	17511	RSVP	2026-03-13 12:35:22.363925+00	775
776	17511	RSVP	2026-03-13 12:43:50.36451+00	776
777	17493	Update	2026-03-13 12:55:51.657907+00	777
778	17511	RSVP	2026-03-13 16:46:52.837733+00	778
779	17493	Update	2026-03-13 16:48:13.707083+00	779
780	17511	RSVP	2026-03-13 17:21:13.033889+00	780
781	17511	RSVP	2026-03-14 10:52:00.473427+00	781
782	17511	RSVP	2026-03-14 11:01:12.479787+00	782
783	17493	Update	2026-03-14 11:28:45.156465+00	783
784	17511	RSVP	2026-03-14 11:42:13.493664+00	784
785	17511	RSVP	2026-03-14 11:47:08.283012+00	785
786	17511	RSVP	2026-03-14 14:47:32.023665+00	786
787	17511	RSVP	2026-03-14 14:49:21.137001+00	787
788	17511	RSVP	2026-03-14 17:19:54.693376+00	788
789	17511	RSVP	2026-03-15 08:11:29.556434+00	789
790	17511	RSVP	2026-03-15 08:12:06.639656+00	790
791	17511	RSVP	2026-03-15 08:12:48.594651+00	791
792	17511	RSVP	2026-03-15 08:12:57.079737+00	792
793	17511	RSVP	2026-03-15 08:22:06.580369+00	793
794	17511	RSVP	2026-03-15 08:23:14.094299+00	794
795	17511	RSVP	2026-03-15 08:23:24.339031+00	795
796	17511	RSVP	2026-03-15 08:23:33.408746+00	796
797	17511	RSVP	2026-03-15 08:35:53.540863+00	797
798	17511	RSVP	2026-03-15 08:56:04.764584+00	798
799	17511	RSVP	2026-03-15 09:06:16.088914+00	799
800	17511	RSVP	2026-03-15 09:08:33.202019+00	800
801	17511	RSVP	2026-03-15 09:19:08.953515+00	801
802	17511	RSVP	2026-03-15 09:19:34.906338+00	802
803	17511	RSVP	2026-03-15 09:28:35.837715+00	803
804	17511	RSVP	2026-03-15 09:31:43.981861+00	804
805	17511	RSVP	2026-03-15 09:32:12.648046+00	805
806	17511	RSVP	2026-03-15 09:32:24.209318+00	806
807	17511	RSVP	2026-03-15 09:43:14.416991+00	807
808	17511	RSVP	2026-03-15 09:45:50.819226+00	808
809	17511	RSVP	2026-03-15 11:09:28.251006+00	809
810	17511	RSVP	2026-03-15 11:10:21.307144+00	810
811	17511	RSVP	2026-03-15 11:17:26.274672+00	811
812	17511	RSVP	2026-03-15 12:40:44.148533+00	812
813	17511	RSVP	2026-03-15 14:14:13.247076+00	813
814	17511	RSVP	2026-03-15 14:14:58.747578+00	814
815	17511	RSVP	2026-03-15 14:28:49.800358+00	815
816	17511	RSVP	2026-03-15 14:30:23.427434+00	816
817	17511	RSVP	2026-03-15 19:15:06.846194+00	817
818	17511	RSVP	2026-03-15 19:46:55.773911+00	818
819	17511	RSVP	2026-03-15 22:43:09.181148+00	819
820	17511	RSVP	2026-03-16 10:41:08.027497+00	820
821	17511	RSVP	2026-03-16 10:43:18.592904+00	821
822	17511	RSVP	2026-03-16 11:35:26.629228+00	822
823	17511	RSVP	2026-03-16 11:42:44.375252+00	823
824	17511	RSVP	2026-03-16 11:49:38.577711+00	824
825	17511	RSVP	2026-03-16 16:54:14.691121+00	825
826	17511	RSVP	2026-03-16 21:38:11.241376+00	826
827	17511	RSVP	2026-03-16 21:39:51.899404+00	827
828	17511	RSVP	2026-03-16 21:50:22.369283+00	828
829	17511	RSVP	2026-03-16 22:07:56.372418+00	829
830	17511	RSVP	2026-03-16 22:41:03.162202+00	830
831	17511	RSVP	2026-03-16 22:41:39.546919+00	831
832	17511	RSVP	2026-03-17 01:17:12.151483+00	832
833	17511	RSVP	2026-03-17 09:12:55.063999+00	833
834	17511	RSVP	2026-03-17 09:29:05.154451+00	834
835	17511	RSVP	2026-03-17 09:36:27.115023+00	835
836	17511	RSVP	2026-03-17 10:41:07.586844+00	836
837	17511	RSVP	2026-03-17 13:41:03.254333+00	837
838	17511	RSVP	2026-03-17 13:41:03.479639+00	838
839	17511	RSVP	2026-03-17 13:41:03.479639+00	839
840	17511	RSVP	2026-03-17 13:41:38.728546+00	840
841	17511	RSVP	2026-03-17 13:41:38.933506+00	841
842	17511	RSVP	2026-03-17 13:41:38.933506+00	842
843	17511	RSVP	2026-03-17 13:42:46.470726+00	843
844	17511	RSVP	2026-03-17 13:42:46.576807+00	844
845	17511	RSVP	2026-03-17 13:42:46.576807+00	845
846	17511	RSVP	2026-03-17 13:42:46.576807+00	846
847	17511	RSVP	2026-03-17 13:42:46.576807+00	847
848	17511	RSVP	2026-03-17 13:42:46.576807+00	848
849	17511	RSVP	2026-03-17 13:42:46.576807+00	849
850	17511	RSVP	2026-03-17 13:43:39.70667+00	850
851	17511	RSVP	2026-03-17 13:43:39.97703+00	851
852	17511	RSVP	2026-03-17 13:43:39.97703+00	852
853	17511	RSVP	2026-03-17 13:43:39.97703+00	853
854	17511	RSVP	2026-03-17 13:43:39.97703+00	854
855	17511	RSVP	2026-03-17 13:43:39.97703+00	855
856	17511	RSVP	2026-03-17 18:29:19.779698+00	856
857	17511	RSVP	2026-03-17 18:48:49.008587+00	857
858	17511	RSVP	2026-03-17 19:08:48.177253+00	858
859	17511	RSVP	2026-03-17 21:00:09.632133+00	859
860	17511	RSVP	2026-03-17 21:00:09.632133+00	860
861	17511	RSVP	2026-03-17 21:00:09.632133+00	861
862	17511	RSVP	2026-03-17 21:00:09.632133+00	862
863	17511	RSVP	2026-03-17 21:00:09.632133+00	863
864	17511	RSVP	2026-03-17 21:00:09.632133+00	864
865	17511	RSVP	2026-03-17 21:00:09.632133+00	865
866	17511	RSVP	2026-03-17 21:00:09.632133+00	866
867	17511	RSVP	2026-03-17 21:00:09.632133+00	867
868	17511	RSVP	2026-03-17 21:00:09.632133+00	868
869	17511	RSVP	2026-03-17 21:00:09.632133+00	869
870	17511	RSVP	2026-03-17 21:00:09.632133+00	870
871	17511	RSVP	2026-03-17 21:00:09.632133+00	871
872	17511	RSVP	2026-03-17 21:00:09.632133+00	872
873	17511	RSVP	2026-03-17 21:00:09.632133+00	873
874	17511	RSVP	2026-03-17 21:00:09.632133+00	874
875	17511	RSVP	2026-03-17 21:00:09.632133+00	875
876	17511	RSVP	2026-03-17 21:00:09.632133+00	876
877	17511	RSVP	2026-03-17 21:00:09.632133+00	877
878	17511	RSVP	2026-03-17 21:00:09.632133+00	878
879	17511	RSVP	2026-03-17 21:00:09.632133+00	879
880	17511	RSVP	2026-03-17 21:00:09.632133+00	880
881	17511	RSVP	2026-03-17 21:00:09.632133+00	881
882	17511	RSVP	2026-03-17 21:00:09.632133+00	882
883	17511	RSVP	2026-03-17 21:00:09.632133+00	883
884	17511	RSVP	2026-03-17 21:00:09.632133+00	884
885	17511	RSVP	2026-03-17 21:00:09.632133+00	885
886	17511	RSVP	2026-03-17 21:00:09.632133+00	886
887	17511	RSVP	2026-03-17 21:00:09.632133+00	887
888	17511	RSVP	2026-03-17 21:00:09.632133+00	888
889	17511	RSVP	2026-03-17 21:00:09.632133+00	889
890	17511	RSVP	2026-03-17 21:00:09.632133+00	890
891	17511	RSVP	2026-03-18 18:58:49.404812+00	891
892	17511	RSVP	2026-03-18 19:27:50.342946+00	892
893	17511	RSVP	2026-03-18 19:28:56.384408+00	893
894	17511	RSVP	2026-03-18 19:30:01.171195+00	894
895	17511	RSVP	2026-03-18 19:31:58.411726+00	895
896	17511	RSVP	2026-03-18 19:45:46.203619+00	896
897	17511	RSVP	2026-03-18 19:47:48.006113+00	897
898	17511	RSVP	2026-03-18 19:49:16.998111+00	898
899	17511	RSVP	2026-03-18 19:49:17.241283+00	899
900	17511	RSVP	2026-03-18 19:49:17.507287+00	900
901	17511	RSVP	2026-03-18 19:50:36.994714+00	901
902	17511	RSVP	2026-03-18 19:50:56.991053+00	902
903	17511	RSVP	2026-03-18 19:51:12.080683+00	903
904	17511	RSVP	2026-03-18 19:52:43.900269+00	904
905	17511	RSVP	2026-03-18 20:42:45.588857+00	905
906	17511	RSVP	2026-03-18 21:28:52.491711+00	906
907	17511	RSVP	2026-03-18 23:36:45.054327+00	907
908	17511	RSVP	2026-03-18 23:38:02.118481+00	908
909	17511	RSVP	2026-03-18 23:57:05.190389+00	909
910	17511	RSVP	2026-03-19 00:16:21.926865+00	910
911	17511	RSVP	2026-03-19 00:18:55.660687+00	911
912	17511	RSVP	2026-03-19 00:24:07.271216+00	912
913	17511	RSVP	2026-03-19 00:24:32.445877+00	913
914	17511	RSVP	2026-03-19 00:43:46.196509+00	914
915	17511	RSVP	2026-03-19 09:03:50.179242+00	915
916	17511	RSVP	2026-03-19 12:02:11.383667+00	916
917	17511	RSVP	2026-03-19 14:11:05.867239+00	917
918	17511	RSVP	2026-03-19 14:24:09.264187+00	918
919	17511	RSVP	2026-03-19 16:03:38.029368+00	919
920	17511	RSVP	2026-03-19 16:03:38.029368+00	920
921	17511	RSVP	2026-03-19 16:03:38.029368+00	921
922	17511	RSVP	2026-03-19 16:03:38.029368+00	922
923	17511	RSVP	2026-03-19 16:03:38.029368+00	923
924	17511	RSVP	2026-03-19 16:03:38.029368+00	924
925	17511	RSVP	2026-03-19 16:03:38.029368+00	925
926	17511	RSVP	2026-03-19 16:03:38.029368+00	926
927	17511	RSVP	2026-03-19 16:03:38.029368+00	927
928	17511	RSVP	2026-03-19 16:03:38.029368+00	928
929	17511	RSVP	2026-03-19 16:03:38.029368+00	929
930	17511	RSVP	2026-03-19 16:03:38.029368+00	930
931	17511	RSVP	2026-03-19 16:03:38.029368+00	931
932	17511	RSVP	2026-03-19 16:03:38.029368+00	932
933	17511	RSVP	2026-03-19 16:03:38.029368+00	933
934	17511	RSVP	2026-03-19 16:03:38.029368+00	934
935	17511	RSVP	2026-03-19 16:03:38.029368+00	935
936	17511	RSVP	2026-03-19 16:03:38.029368+00	936
937	17511	RSVP	2026-03-19 16:03:38.029368+00	937
938	17511	RSVP	2026-03-19 16:03:38.029368+00	938
939	17511	RSVP	2026-03-19 21:39:15.075311+00	939
940	17511	RSVP	2026-03-20 09:18:17.111948+00	940
941	17511	RSVP	2026-03-20 10:03:05.062833+00	941
942	17511	RSVP	2026-03-20 10:06:47.597895+00	942
943	17511	RSVP	2026-03-20 16:51:28.280094+00	943
944	17511	RSVP	2026-03-20 17:05:22.88124+00	944
945	17511	RSVP	2026-03-20 17:18:22.267475+00	945
946	17511	RSVP	2026-03-20 17:18:32.818304+00	946
947	17511	RSVP	2026-03-20 17:28:40.153495+00	947
948	17511	RSVP	2026-03-20 17:33:25.154347+00	948
949	17511	RSVP	2026-03-20 17:35:21.546253+00	949
950	17511	RSVP	2026-03-20 17:36:18.68452+00	950
951	17511	RSVP	2026-03-20 17:36:39.949795+00	951
952	17511	RSVP	2026-03-20 17:41:28.403751+00	952
953	17511	RSVP	2026-03-20 17:42:33.500187+00	953
954	17511	RSVP	2026-03-20 17:46:15.318869+00	954
955	17511	RSVP	2026-03-20 17:53:14.791907+00	955
956	17511	RSVP	2026-03-20 17:53:15.212155+00	956
957	17511	RSVP	2026-03-20 17:54:37.139117+00	957
958	17511	RSVP	2026-03-20 18:12:30.799007+00	958
959	17511	RSVP	2026-03-20 18:15:31.811647+00	959
960	17511	RSVP	2026-03-20 19:14:33.339939+00	960
961	17511	RSVP	2026-03-20 19:19:02.391322+00	961
962	17511	RSVP	2026-03-20 19:22:33.71003+00	962
963	17511	RSVP	2026-03-20 19:23:21.850181+00	963
964	17511	RSVP	2026-03-20 19:24:19.333607+00	964
965	17511	RSVP	2026-03-20 20:09:46.928395+00	965
966	17511	RSVP	2026-03-20 21:59:54.369962+00	966
967	17511	RSVP	2026-03-21 08:40:47.825598+00	967
968	17511	RSVP	2026-03-21 12:16:45.946304+00	968
969	17511	RSVP	2026-03-21 12:20:38.512838+00	969
970	17511	RSVP	2026-03-21 12:29:34.00668+00	970
971	17511	RSVP	2026-03-21 12:33:47.053835+00	971
972	17511	RSVP	2026-03-21 12:53:08.982553+00	972
973	17511	RSVP	2026-03-21 13:00:39.941915+00	973
974	17511	RSVP	2026-03-21 13:08:23.838369+00	974
975	17511	RSVP	2026-03-21 13:09:07.788878+00	975
976	17511	RSVP	2026-03-21 13:19:53.70378+00	976
977	17511	RSVP	2026-03-21 13:23:03.889503+00	977
978	17511	RSVP	2026-03-21 13:42:04.540126+00	978
979	17511	RSVP	2026-03-21 20:11:53.929621+00	979
980	17511	RSVP	2026-03-22 07:22:30.630647+00	980
981	17511	RSVP	2026-03-22 08:02:58.984285+00	981
982	17511	RSVP	2026-03-22 09:37:26.527697+00	982
983	17511	RSVP	2026-03-22 09:47:33.041214+00	983
984	17511	RSVP	2026-03-22 10:09:04.992085+00	984
985	17511	RSVP	2026-03-22 10:09:52.833734+00	985
986	17511	RSVP	2026-03-22 14:30:13.846988+00	986
987	17511	RSVP	2026-03-22 14:31:44.697161+00	987
988	17511	RSVP	2026-03-22 14:55:02.565496+00	988
989	17511	RSVP	2026-03-22 15:33:56.205347+00	989
990	17511	RSVP	2026-03-22 16:01:57.327561+00	990
991	17511	RSVP	2026-03-22 18:45:38.57238+00	991
992	17511	RSVP	2026-03-22 22:08:37.176297+00	992
993	17511	RSVP	2026-03-23 09:51:37.196636+00	993
994	17511	RSVP	2026-03-23 10:39:40.388833+00	994
995	17511	RSVP	2026-03-23 10:47:45.714489+00	995
996	17511	RSVP	2026-03-23 11:52:04.174493+00	996
997	17511	RSVP	2026-03-23 12:37:59.557126+00	997
998	17511	RSVP	2026-03-23 14:53:02.845993+00	998
999	17511	RSVP	2026-03-23 15:13:58.556628+00	999
1000	17511	RSVP	2026-03-23 15:40:52.594432+00	1000
1001	17511	RSVP	2026-03-23 15:45:41.476087+00	1001
1002	17511	RSVP	2026-03-23 17:13:08.061881+00	1002
1003	17511	RSVP	2026-03-23 17:58:52.272754+00	1003
1004	17511	RSVP	2026-03-23 18:00:03.417127+00	1004
1005	17511	RSVP	2026-03-23 18:05:13.218937+00	1005
1006	17511	RSVP	2026-03-23 18:39:52.168657+00	1006
1007	17511	RSVP	2026-03-23 21:31:03.71928+00	1007
1008	17511	RSVP	2026-03-23 21:31:32.071023+00	1008
1009	17511	RSVP	2026-03-24 06:40:05.697019+00	1009
1010	17511	RSVP	2026-03-24 06:54:20.436943+00	1010
1011	17511	RSVP	2026-03-24 06:58:30.769926+00	1011
1012	17511	RSVP	2026-03-24 07:20:00.561901+00	1012
1013	17511	RSVP	2026-03-24 07:27:26.01551+00	1013
1014	17511	RSVP	2026-03-24 07:31:37.050396+00	1014
1015	17511	RSVP	2026-03-24 07:42:45.391889+00	1015
1016	17511	RSVP	2026-03-24 07:45:48.54082+00	1016
1017	17511	RSVP	2026-03-24 07:58:26.938963+00	1017
1018	17511	RSVP	2026-03-24 08:00:51.301832+00	1018
1019	17511	RSVP	2026-03-24 08:15:30.650192+00	1019
1020	17511	RSVP	2026-03-24 08:20:20.964095+00	1020
1021	17511	RSVP	2026-03-24 08:48:12.341206+00	1021
1022	17511	RSVP	2026-03-24 09:11:42.200786+00	1022
1023	17511	RSVP	2026-03-24 09:18:39.145733+00	1023
1024	17511	RSVP	2026-03-24 10:20:20.651853+00	1024
1025	17511	RSVP	2026-03-24 12:46:40.719489+00	1025
1026	17511	RSVP	2026-03-24 13:13:05.624172+00	1026
1027	17511	RSVP	2026-03-24 18:13:24.813282+00	1027
1028	17511	RSVP	2026-03-24 18:26:38.481628+00	1028
1029	17511	RSVP	2026-03-24 18:30:22.857809+00	1029
1030	17511	RSVP	2026-03-24 18:32:47.795087+00	1030
1031	17511	RSVP	2026-03-24 18:32:48.083363+00	1031
1032	17511	RSVP	2026-03-24 18:32:48.27791+00	1032
1033	17511	RSVP	2026-03-24 19:17:34.626148+00	1033
1034	17511	RSVP	2026-03-24 19:17:57.823228+00	1034
1035	17511	RSVP	2026-03-24 19:18:26.767426+00	1035
1036	17511	RSVP	2026-03-24 19:19:48.519489+00	1036
1037	17511	RSVP	2026-03-24 19:20:27.25134+00	1037
1038	17511	RSVP	2026-03-24 19:21:07.683769+00	1038
1039	17511	RSVP	2026-03-25 09:55:24.238383+00	1039
1040	17511	RSVP	2026-03-25 10:00:20.801711+00	1040
1041	17511	RSVP	2026-03-25 10:04:00.62+00	1041
1042	17511	RSVP	2026-03-25 10:38:26.766073+00	1042
1043	17511	RSVP	2026-03-25 10:52:40.577072+00	1043
1044	17511	RSVP	2026-03-25 10:56:28.04875+00	1044
1045	17511	RSVP	2026-03-25 10:57:36.514332+00	1045
1046	17511	RSVP	2026-03-25 10:59:12.534634+00	1046
1047	17511	RSVP	2026-03-25 10:59:12.740913+00	1047
1048	17511	RSVP	2026-03-25 10:59:12.948354+00	1048
1049	17511	RSVP	2026-03-25 11:02:47.711227+00	1049
1050	17511	RSVP	2026-03-25 11:02:47.986373+00	1050
1051	17511	RSVP	2026-03-25 11:02:48.334536+00	1051
1052	17511	RSVP	2026-03-25 11:05:14.472796+00	1052
1053	17511	RSVP	2026-03-25 11:05:14.691779+00	1053
1054	17511	RSVP	2026-03-25 11:05:14.9044+00	1054
1055	17511	RSVP	2026-03-25 11:07:16.214649+00	1055
1056	17511	RSVP	2026-03-25 11:07:16.414029+00	1056
1057	17511	RSVP	2026-03-25 11:07:16.611176+00	1057
1058	17511	RSVP	2026-03-25 11:09:03.540373+00	1058
1059	17511	RSVP	2026-03-25 11:10:52.323032+00	1059
1060	17511	RSVP	2026-03-25 11:12:51.913966+00	1060
1061	17511	RSVP	2026-03-25 11:13:42.722988+00	1061
1062	17511	RSVP	2026-03-25 11:23:55.01185+00	1062
1063	17511	RSVP	2026-03-25 11:31:39.226019+00	1063
1064	17511	RSVP	2026-03-25 11:31:39.490019+00	1064
1065	17511	RSVP	2026-03-25 11:31:39.713982+00	1065
1066	17511	RSVP	2026-03-25 11:33:03.141959+00	1066
1067	17511	RSVP	2026-03-25 11:33:03.384305+00	1067
1068	17511	RSVP	2026-03-25 11:33:03.589715+00	1068
1069	17511	RSVP	2026-03-25 11:34:17.7934+00	1069
1070	17511	RSVP	2026-03-25 11:34:18.012278+00	1070
1071	17511	RSVP	2026-03-25 11:35:08.401541+00	1071
1072	17511	RSVP	2026-03-25 12:32:24.080412+00	1072
1073	17511	RSVP	2026-03-25 12:32:36.3764+00	1073
1074	17511	RSVP	2026-03-25 18:31:02.208417+00	1074
1075	17511	RSVP	2026-03-26 08:58:15.850774+00	1075
1076	17511	RSVP	2026-03-26 09:02:01.148398+00	1076
1077	17511	RSVP	2026-03-26 09:41:14.768648+00	1077
1078	17511	RSVP	2026-03-26 11:17:48.785961+00	1078
1079	17511	RSVP	2026-03-26 11:19:40.864462+00	1079
1080	17511	RSVP	2026-03-26 11:22:46.779358+00	1080
1081	17511	RSVP	2026-03-26 11:24:24.06397+00	1081
1082	17511	RSVP	2026-03-26 12:20:50.725703+00	1082
1083	17511	RSVP	2026-03-26 12:33:40.582859+00	1083
1084	17511	RSVP	2026-03-26 13:01:29.589582+00	1084
1085	17511	RSVP	2026-03-26 13:02:56.541877+00	1085
1086	17511	RSVP	2026-03-26 13:11:30.465966+00	1086
1087	17511	RSVP	2026-03-26 13:30:09.249037+00	1087
1088	17511	RSVP	2026-03-26 13:38:27.319974+00	1088
1089	17511	RSVP	2026-03-26 13:40:46.385459+00	1089
1090	17511	RSVP	2026-03-26 13:47:06.923938+00	1090
1091	17511	RSVP	2026-03-26 13:51:37.701769+00	1091
1092	17511	RSVP	2026-03-26 13:51:51.101819+00	1092
1093	17511	RSVP	2026-03-26 14:01:32.202939+00	1093
1094	17511	RSVP	2026-03-26 15:58:24.553239+00	1094
1095	17511	RSVP	2026-03-26 16:08:10.825078+00	1095
1096	17511	RSVP	2026-03-26 16:10:36.218932+00	1096
1097	17511	RSVP	2026-03-27 13:27:49.656094+00	1097
1098	17511	RSVP	2026-03-27 20:30:48.656016+00	1098
1099	17511	RSVP	2026-03-27 20:44:23.998512+00	1099
1100	17511	RSVP	2026-03-28 02:56:41.382869+00	1100
1101	17511	RSVP	2026-03-28 09:15:19.620365+00	1101
1102	17511	RSVP	2026-03-28 09:35:16.905008+00	1102
1103	17511	RSVP	2026-03-28 09:38:19.914473+00	1103
1104	17511	RSVP	2026-03-28 13:27:54.074648+00	1104
1105	17511	RSVP	2026-03-28 13:37:11.980754+00	1105
1106	17511	RSVP	2026-03-28 13:37:52.586837+00	1106
1107	17511	RSVP	2026-03-28 21:09:03.231953+00	1107
1108	17511	RSVP	2026-03-28 21:09:44.512744+00	1108
1109	17511	RSVP	2026-03-29 21:43:25.212822+00	1109
1110	17511	RSVP	2026-03-29 22:10:59.768635+00	1110
1111	17511	RSVP	2026-03-29 22:11:06.329464+00	1111
1112	17511	RSVP	2026-03-29 22:15:18.008993+00	1112
1113	17511	RSVP	2026-03-29 22:15:27.206944+00	1113
1114	17511	RSVP	2026-03-29 22:15:33.357958+00	1114
1115	17511	RSVP	2026-03-29 22:18:03.701841+00	1115
1116	17511	RSVP	2026-03-30 06:29:40.350754+00	1116
1117	17511	RSVP	2026-03-30 07:02:42.514544+00	1117
1118	17511	RSVP	2026-03-30 07:06:26.195183+00	1118
1119	17511	RSVP	2026-03-30 07:11:04.922749+00	1119
1120	17511	RSVP	2026-03-30 07:56:46.491867+00	1120
1121	17511	RSVP	2026-03-30 10:17:21.837018+00	1121
1122	17511	RSVP	2026-03-30 17:13:04.855373+00	1122
1123	17511	RSVP	2026-03-30 21:31:22.69363+00	1123
1124	17511	RSVP	2026-04-01 08:01:57.296107+00	1124
1125	17511	RSVP	2026-04-01 08:11:34.489586+00	1125
1126	17511	RSVP	2026-04-01 10:21:52.925392+00	1126
1127	17511	RSVP	2026-04-01 10:56:50.345915+00	1127
1128	17511	RSVP	2026-04-01 11:01:50.407834+00	1128
1129	17511	RSVP	2026-04-01 12:37:34.205301+00	1129
1130	17511	RSVP	2026-04-02 20:28:12.820649+00	1130
1131	17511	RSVP	2026-04-02 20:57:50.633558+00	1131
1132	17511	RSVP	2026-04-02 20:58:07.981548+00	1132
1133	17511	RSVP	2026-04-02 20:58:20.569356+00	1133
1134	17511	RSVP	2026-04-02 20:59:42.942649+00	1134
1135	17511	RSVP	2026-04-03 12:04:53.896327+00	1135
1136	17511	RSVP	2026-04-03 12:11:50.761255+00	1136
1137	17511	RSVP	2026-04-03 12:19:40.696118+00	1137
1138	17511	RSVP	2026-04-03 13:13:57.404536+00	1138
1139	17511	RSVP	2026-04-03 13:35:10.490726+00	1139
1140	17511	RSVP	2026-04-03 14:59:10.129367+00	1140
1141	17511	RSVP	2026-04-04 11:32:30.855768+00	1141
1142	17511	RSVP	2026-04-04 14:44:44.869385+00	1142
1143	17511	RSVP	2026-04-04 14:46:12.910191+00	1143
1144	17511	RSVP	2026-04-04 14:48:16.253431+00	1144
1145	17511	RSVP	2026-04-04 19:02:16.551794+00	1145
1146	17511	RSVP	2026-04-05 06:58:23.39252+00	1146
1147	17511	RSVP	2026-04-05 07:10:29.713699+00	1147
1148	17511	RSVP	2026-04-05 07:11:38.566933+00	1148
1149	17511	RSVP	2026-04-05 09:07:24.846867+00	1149
1150	17511	RSVP	2026-04-05 09:20:25.488967+00	1150
1151	17511	RSVP	2026-04-05 09:41:30.420906+00	1151
1152	17511	RSVP	2026-04-05 10:07:35.478105+00	1152
1153	17511	RSVP	2026-04-05 10:15:07.660372+00	1153
1154	17511	RSVP	2026-04-05 10:39:07.391185+00	1154
1155	17511	RSVP	2026-04-05 19:43:39.718917+00	1155
1156	17511	RSVP	2026-04-05 19:55:09.855493+00	1156
1157	17511	RSVP	2026-04-05 19:55:23.968926+00	1157
1158	17511	RSVP	2026-04-05 20:12:41.96364+00	1158
1159	17511	RSVP	2026-04-05 20:35:34.334877+00	1159
1160	17511	RSVP	2026-04-06 05:30:06.95445+00	1160
1161	17511	RSVP	2026-04-06 05:43:31.90416+00	1161
1162	17511	RSVP	2026-04-06 12:17:52.565661+00	1162
1163	17511	RSVP	2026-04-06 20:22:16.173007+00	1163
1164	17511	RSVP	2026-04-06 20:24:18.589621+00	1164
1165	17511	RSVP	2026-04-06 20:25:20.052057+00	1165
1166	17511	RSVP	2026-04-07 19:57:44.929085+00	1166
1167	17511	RSVP	2026-04-08 14:25:48.522872+00	1167
1168	17511	RSVP	2026-04-08 14:26:27.216916+00	1168
1169	17511	RSVP	2026-04-09 10:20:06.476665+00	1169
1170	17511	RSVP	2026-04-09 14:57:13.526386+00	1170
1171	17511	RSVP	2026-04-09 15:00:11.393536+00	1171
1172	17511	RSVP	2026-04-10 07:57:40.289051+00	1172
1173	17511	RSVP	2026-04-10 07:59:01.045601+00	1173
1174	17511	RSVP	2026-04-10 08:52:14.91648+00	1174
1175	17511	RSVP	2026-04-10 08:57:52.72422+00	1175
1176	17511	RSVP	2026-04-10 09:27:53.534785+00	1176
1177	17511	RSVP	2026-04-10 09:37:01.363376+00	1177
1178	17511	RSVP	2026-04-10 09:53:13.246176+00	1178
1179	17511	RSVP	2026-04-10 10:26:41.150832+00	1179
1180	17511	RSVP	2026-04-13 08:12:50.899507+00	1180
1181	17511	RSVP	2026-04-13 09:27:56.256249+00	1181
1182	17511	RSVP	2026-04-13 09:27:56.728955+00	1182
1183	17511	RSVP	2026-04-13 09:27:56.982247+00	1183
1184	17511	RSVP	2026-04-13 09:30:27.047297+00	1184
1185	17511	RSVP	2026-04-13 10:27:57.839691+00	1185
1186	17511	RSVP	2026-04-13 10:28:32.524437+00	1186
1187	17511	RSVP	2026-04-14 08:08:16.213976+00	1187
1188	17511	RSVP	2026-04-14 08:48:37.537427+00	1188
1189	17511	RSVP	2026-04-14 08:48:54.338676+00	1189
1190	17511	RSVP	2026-04-14 08:49:07.036983+00	1190
1191	17511	RSVP	2026-04-14 08:49:21.376693+00	1191
1192	17511	RSVP	2026-04-14 08:58:54.581483+00	1192
1193	17511	RSVP	2026-04-14 08:59:54.267857+00	1193
1194	17511	RSVP	2026-04-14 11:26:37.228886+00	1194
1195	17511	RSVP	2026-04-14 11:30:33.53766+00	1195
1196	17511	RSVP	2026-04-14 13:06:09.278274+00	1196
1197	17511	RSVP	2026-04-14 14:35:12.119908+00	1197
1198	17511	RSVP	2026-04-14 14:48:25.726223+00	1198
1199	17511	RSVP	2026-04-14 15:10:43.955641+00	1199
1200	17511	RSVP	2026-04-14 15:13:21.28893+00	1200
1201	17511	RSVP	2026-04-14 15:19:19.735518+00	1201
1202	17511	RSVP	2026-04-15 13:16:27.146433+00	1202
1203	17511	RSVP	2026-04-18 14:43:08.53267+00	1203
1204	17511	RSVP	2026-04-18 14:43:08.53267+00	1204
1205	17511	RSVP	2026-04-18 14:43:08.53267+00	1205
1206	17511	RSVP	2026-04-18 14:43:08.53267+00	1206
1207	17511	RSVP	2026-04-18 14:43:08.53267+00	1207
1208	17511	RSVP	2026-04-18 15:02:01.809737+00	1208
1209	17511	RSVP	2026-04-18 15:06:29.067547+00	1209
1210	17511	RSVP	2026-04-18 15:22:57.096812+00	1210
1211	17511	RSVP	2026-04-18 15:23:34.943689+00	1211
1212	17511	RSVP	2026-04-18 15:26:13.02391+00	1212
1213	17511	RSVP	2026-04-18 15:35:00.613327+00	1213
1214	17511	RSVP	2026-04-18 15:37:34.921021+00	1214
1215	17511	RSVP	2026-04-18 15:40:13.139015+00	1215
1216	17511	RSVP	2026-04-18 16:49:46.397145+00	1216
1217	17511	RSVP	2026-04-18 16:50:25.12062+00	1217
1218	17511	RSVP	2026-04-18 17:06:59.483645+00	1218
1219	17511	RSVP	2026-04-19 06:16:11.321461+00	1219
1220	17511	RSVP	2026-04-19 06:29:29.807337+00	1220
1221	17511	RSVP	2026-04-19 06:52:01.099607+00	1221
1222	17511	RSVP	2026-04-19 06:52:33.250014+00	1222
1223	17511	RSVP	2026-04-19 06:54:19.744127+00	1223
\.


--
-- Name: refresh_tokens_id_seq; Type: SEQUENCE SET; Schema: auth; Owner: supabase_auth_admin
--

SELECT pg_catalog.setval('"auth"."refresh_tokens_id_seq"', 1087, true);


--
-- Name: closed_cards_id_seq; Type: SEQUENCE SET; Schema: public; Owner: postgres
--

SELECT pg_catalog.setval('"public"."closed_cards_id_seq"', 78, true);


--
-- Name: hooks_id_seq; Type: SEQUENCE SET; Schema: supabase_functions; Owner: supabase_functions_admin
--

SELECT pg_catalog.setval('"supabase_functions"."hooks_id_seq"', 1223, true);


--
-- PostgreSQL database dump complete
--

-- \unrestrict XYwIHwUY1XjvCbig3FEkHbToZzziOqAfSGCIGRbNZfT2qJIzyTfvnNtPBvVpO5S

RESET ALL;
